transaction_id,vin,fuel_liters,odometer_reading,timestamp
TXN_2436,IDKJGWY8,48.05,12808,2026-03-29 22:02:00
TXN_1120,2JOTEA3O,27.58,15440,2026-02-26 16:56:00
TXN_999,KNGITFDU,57.95,31710,2026-01-19 11:15:00
TXN_1305,JMJHF33Y,60.08,42606,2026-03-19 08:42:00
TXN_4978,8JBNYQP2,41.93,33927,2026-01-26 05:28:00
TXN_2192,97FWVVGR,32.83,40705,2026-02-08 20:58:00
TXN_3830,WO5N5V3Q,17.41,14251,2026-02-21 05:40:00
TXN_264,MU8LOUKD,22.37,10486,2026-04-04 01:19:00
TXN_4774,CVWWFJ81,36.92,16772,2026-01-30 06:43:00
TXN_285,XP5L2948,27.09,12005,2026-03-31 11:28:00
TXN_3754,6FP47M92,84.27,17316,2026-02-10 01:24:00
TXN_1322,WP3Q6HCH,48.69,24626,2026-01-03 14:11:00
TXN_2227,U74ERILM,33.75,27080,2026-02-10 05:55:00
TXN_1968,1FAYU6PV,57.38,14312,2026-02-21 18:52:00
TXN_4042,TSY94RZG,48.5,29768,2026-04-08 13:01:00
TXN_3928,EX34AM11,49.62,41401,2026-04-30 13:45:00
TXN_4554,E5ZLPBYH,47.25,38434,2026-03-27 21:45:00
TXN_594,E2P4PL9C,27.94,20775,2026-03-20 02:20:00
TXN_1776,PR94RM7W,68.21,46326,2026-01-12 10:13:00
TXN_3955,5XLF2IIO,32.21,28415,2026-03-27 05:46:00
TXN_3266,SQSTSYRW,76.89,42959,2026-03-26 17:21:00
TXN_2916,9IKJQ9UX,19.28,20637,2026-02-24 13:03:00
TXN_558,AJBCUFRJ,32.17,45696,2026-01-31 10:36:00
TXN_3967,RNZX1EGP,86.27,37749,2026-04-30 01:21:00
TXN_4369,GF67ZR3E,75.78,20882,2026-01-15 00:47:00
TXN_4753,6V13PFRQ,46.8,16447,2026-02-11 23:03:00
TXN_3067,Q35C26QC,49.46,15126,2026-01-18 17:49:00
TXN_1877,2F6HH8LI,79.47,18393,2026-04-24 12:19:00
TXN_1691,GGLOIPI8,72.69,11224,2026-04-20 15:22:00
TXN_3793,A644ECW5,51.13,23840,2026-04-07 04:29:00
TXN_3664,A3SBUZMT,34.96,32447,2026-01-29 02:33:00
TXN_3785,006OXJ3U,43.45,40831,2026-02-05 19:06:00
TXN_3791,XJMLUBS1,104.78,30615,2026-03-05 07:34:00
TXN_3760,L4KU3G6B,37.09,20177,2026-01-07 07:50:00
TXN_1316,UAQ8MB98,91.03,25145,2026-01-22 12:31:00
TXN_3363,PRI9SP3Z,68.02,32874,2026-02-03 15:25:00
TXN_4403,QY8E0AVX,85.39,27869,2026-04-29 22:18:00
TXN_2856,6DC85605,41.83,27821,2026-02-27 21:18:00
TXN_2482,VL8FTX2Y,78.15,49100,2026-03-19 06:47:00
TXN_446,G1ZBIMCY,37.77,18918,2026-01-28 15:01:00
TXN_1694,11YJPWC0,53.14,42812,2026-02-04 17:08:00
TXN_1319,4708VTZR,94.79,19534,2026-04-12 20:16:00
TXN_1361,L7YA9JA2,17.05,21057,2026-02-01 05:40:00
TXN_3781,WYIJAMO2,59.99,50001,2026-04-04 04:30:00
TXN_3950,SK2VNMA1,35.01,36053,2026-01-22 20:22:00
TXN_260,GMMG78C7,49.21,11816,2026-03-22 23:53:00
TXN_1364,2KUWYZTF,71.39,31880,2026-04-05 07:46:00
TXN_3317,3WPIYCFR,52.5,17513,2026-01-07 20:53:00
TXN_2412,BCBBHDKM,26.62,36669,2026-03-17 12:30:00
TXN_934,Y1JYV7X2,92.47,37074,2026-03-17 02:03:00
TXN_3324,6AJUWPW4,38.08,40563,2026-03-04 18:28:00
TXN_4491,N0R1NOXQ,22.19,14158,2026-02-12 09:49:00
TXN_664,I82M1Q1G,15.6,28306,2026-03-26 18:15:00
TXN_2329,6G3OIJJ6,30.43,39302,2026-01-26 13:37:00
TXN_1537,7Q8B0Q30,33.38,41783,2026-01-11 15:22:00
TXN_4440,Z7ODSEBD,41.55,34180,2026-04-30 12:14:00
TXN_2876,8CW34XBZ,74.36,29196,2026-02-28 08:30:00
TXN_2660,IAKE74W9,59.19,34006,2026-01-12 17:11:00
TXN_376,SND1YTWE,39.31,29141,2026-02-13 12:21:00
TXN_1027,3K509ZNS,26.03,18589,2026-04-06 21:36:00
TXN_2295,ALYSXTDQ,27.93,18749,2026-04-17 14:25:00
TXN_8,NSC0JLGN,65.97,38534,2026-04-27 17:31:00
TXN_80,XLEIQE3A,46.2,43334,2026-03-04 13:48:00
TXN_4672,S9IWNE3W,42.81,15751,2026-01-06 11:00:00
TXN_300,HCXRDMCO,38.83,26068,2026-01-03 03:45:00
TXN_4435,4TK0PNB0,40.11,10752,2026-02-22 21:26:00
TXN_4307,V9NOV4RX,40.12,42150,2026-04-04 09:43:00
TXN_3771,11W9BVMU,22.09,28012,2026-01-08 16:01:00
TXN_4393,7TGANVLR,68.88,18762,2026-04-27 17:36:00
TXN_1435,HPEQNEKV,35.36,14622,2026-03-22 08:28:00
TXN_382,FJXRL11B,78.97,30823,2026-03-18 21:16:00
TXN_1450,76A13CY6,17.1,12289,2026-01-07 00:39:00
TXN_1960,3JIFZCY1,60.71,41536,2026-03-04 22:40:00
TXN_4119,P6106NLM,59.73,30429,2026-01-05 17:26:00
TXN_2228,MAMCCQN0,34.95,37852,2026-01-29 21:14:00
TXN_3720,TUNU26XP,50.44,31201,2026-03-28 13:52:00
TXN_119,UCX7QQRC,43.29,19389,2026-03-11 17:25:00
TXN_4338,MF75LJ3I,48.35,34100,2026-02-10 00:09:00
TXN_1772,BCBBHDKM,40.87,36519,2026-04-07 02:42:00
TXN_2114,TWCSUTNN,41.83,36366,2026-04-06 08:09:00
TXN_3985,VXPINBSL,37.11,42051,2026-02-14 16:08:00
TXN_318,GXLWC0AT,23.73,18425,2026-04-27 11:07:00
TXN_2514,HNEQW5IU,23.18,45199,2026-04-08 20:36:00
TXN_3290,HNO56S3F,59.92,16960,2026-03-27 15:49:00
TXN_1487,186BP6JW,65.29,20921,2026-03-21 05:17:00
TXN_3460,4IU54PJM,73.37,23886,2026-03-21 12:49:00
TXN_1962,3J06IP9L,26.64,28089,2026-01-21 17:12:00
TXN_2695,22F6FKSH,32.91,22934,2026-02-22 12:45:00
TXN_3583,JCREO0M9,64.9,48432,2026-03-18 09:29:00
TXN_2056,UKI4G4MY,27.92,15688,2026-03-25 16:56:00
TXN_354,LHFQBGT9,59.69,15385,2026-02-05 09:41:00
TXN_1804,V3ORUEQ7,58.79,46314,2026-03-30 03:27:00
TXN_972,605YGLQO,51.01,17579,2026-04-20 05:00:00
TXN_2041,7ZWJUMYS,82.28,47489,2026-03-22 12:08:00
TXN_4968,LOSGILRZ,36.58,30626,2026-03-27 10:21:00
TXN_3826,459596IW,80.74,13814,2026-04-24 16:32:00
TXN_1767,EOE7957U,38.87,24983,2026-01-06 17:45:00
TXN_347,TS95C1NV,47.46,28293,2026-04-12 18:46:00
TXN_2305,MEQIGV4O,94.95,18596,2026-03-13 15:06:00
TXN_2918,B5T9UL5L,62.87,49547,2026-01-08 02:31:00
TXN_298,OUZTEFAT,53.02,34936,2026-04-10 08:15:00
TXN_476,CU32ZSZB,17.43,27699,2026-03-12 07:27:00
TXN_1135,YMLIIHNW,32.66,18230,2026-01-16 08:53:00
TXN_3021,PR2E1DM9,41.1,31595,2026-03-27 19:24:00
TXN_4233,ZSB1FBDE,74.65,24057,2026-02-05 19:57:00
TXN_2438,LQE08B3C,12.85,33610,2026-04-08 06:03:00
TXN_995,7BEP08U2,52.29,41427,2026-01-29 15:01:00
TXN_2335,UA6TI7PN,82.89,22120,2026-02-24 18:23:00
TXN_610,ALG1LQP5,43.97,32021,2026-04-24 17:48:00
TXN_775,ZLUJH2YN,53.53,43877,2026-02-03 08:18:00
TXN_1246,JPPFFUFA,35.68,28821,2026-04-18 05:35:00
TXN_883,D2L4E0P0,57.04,33288,2026-04-22 11:38:00
TXN_4066,MQ9BXWIQ,78.82,27508,2026-02-25 08:48:00
TXN_1429,YV474DT5,52.59,43230,2026-02-11 17:14:00
TXN_4967,3PVC0LEP,18.76,24970,2026-04-01 19:34:00
TXN_1997,UTIGACCQ,65.76,20226,2026-02-11 21:00:00
TXN_1448,B0SRH3MO,31.86,41564,2026-03-27 23:35:00
TXN_1710,VZK18PKL,36.29,14733,2026-03-20 09:32:00
TXN_1170,03ROSNY6,55.3,30838,2026-04-03 10:49:00
TXN_2801,MBD10HLC,93.6,30248,2026-02-10 12:45:00
TXN_3282,X1GG58WI,80.96,35090,2026-02-18 10:37:00
TXN_3093,9HW2P8B1,28.47,29435,2026-02-06 07:34:00
TXN_1500,OIQ9HU3Q,47.09,23317,2026-03-20 03:45:00
TXN_1313,37YN3699,24.84,31917,2026-03-16 20:22:00
TXN_601,GS7EIFTV,83.65,21345,2026-01-26 06:04:00
TXN_777,LQUV86HU,50.09,16450,2026-04-14 16:53:00
TXN_409,KAU69ZLB,20.35,18917,2026-04-18 00:49:00
TXN_1989,S0KOLA0D,94.46,12771,2026-01-03 22:29:00
TXN_4256,HYKTF37I,34.62,47034,2026-01-10 12:11:00
TXN_251,E5IQNGC3,109.87,32098,2026-01-05 23:44:00
TXN_1300,A0PDMOR3,47.46,17552,2026-01-11 08:07:00
TXN_3787,7LXQS7G2,35.45,18635,2026-01-07 07:00:00
TXN_2321,61CJY2F2,39.91,15410,2026-03-27 17:37:00
TXN_1574,W69K0G7X,63.92,49274,2026-04-10 15:08:00
TXN_2786,B2RUQE3J,41.4,18157,2026-03-19 00:21:00
TXN_2344,BGMEYWEI,98.99,24682,2026-02-27 03:04:00
TXN_4139,PKPG65SW,63.01,22590,2026-01-10 07:31:00
TXN_3559,EXCFAHQE,36.63,24665,2026-01-20 00:35:00
TXN_1365,1SM2UFQ7,84.86,49605,2026-02-24 22:36:00
TXN_1139,UJMG4OAF,44.9,19441,2026-01-11 20:38:00
TXN_730,UHQ648CP,36.13,23121,2026-02-05 13:44:00
TXN_4137,ANUUEE14,67.98,41057,2026-01-14 22:44:00
TXN_3309,N6CRSJ7C,17.92,17748,2026-01-18 10:19:00
TXN_4077,19J6HZAB,87.07,48490,2026-03-10 01:13:00
TXN_4848,RAH1CH6G,78.36,40748,2026-04-22 01:18:00
TXN_3276,RTA9YURY,62.04,49659,2026-04-03 04:25:00
TXN_2874,6T2GKT48,40.83,10539,2026-03-19 09:46:00
TXN_2342,42V8LKCC,30.08,21882,2026-03-31 12:34:00
TXN_3457,QZOOSY33,85.57,45313,2026-02-09 16:27:00
TXN_1792,Z7AYD736,53.04,29959,2026-01-11 06:07:00
TXN_4813,4J99EKPA,52.57,48942,2026-04-12 01:34:00
TXN_3738,V109UZJL,62.12,41555,2026-04-03 00:03:00
TXN_1179,XUJO1ZOK,27.27,20697,2026-01-09 15:29:00
TXN_4649,B6EQT02S,70.88,32827,2026-02-04 16:05:00
TXN_3160,V5O900LT,68.24,16256,2026-03-10 01:01:00
TXN_549,6MAAPCLB,36.9,40787,2026-03-03 08:08:00
TXN_4642,JRAGULQU,33.63,16531,2026-01-15 00:02:00
TXN_4228,YWY9AVJ5,62.03,46933,2026-04-19 12:07:00
TXN_2734,CEN8J8MR,,35968,2026-03-14 13:48:00
TXN_3998,L32JMLSO,51.19,38158,2026-04-21 09:20:00
TXN_821,48LOAINY,44.52,11014,2026-02-28 12:11:00
TXN_806,AV1J9C2I,53.72,37689,2026-03-25 09:42:00
TXN_1484,CI1QKCZV,85.32,32090,2026-04-26 15:43:00
TXN_4687,YB10A9XG,39.85,22035,2026-03-16 03:07:00
TXN_1390,38CILLPD,15.79,37532,2026-04-03 09:18:00
TXN_351,IID6DHUP,84.92,40705,2026-03-26 00:15:00
TXN_4044,005YNFR2,62.18,27536,2026-01-17 11:17:00
TXN_4517,BHWHFPWH,22.84,35345,2026-02-20 04:05:00
TXN_3364,B2ZUOKA6,29.99,49523,2026-04-03 17:18:00
TXN_4071,K5EYZNBN,24.67,29930,2026-04-30 11:01:00
TXN_552,Q65I0NS6,40.73,14844,2026-01-04 20:13:00
TXN_302,645TC31C,35.06,13828,2026-03-24 06:13:00
TXN_2996,Z1IC2G5X,87.38,32929,2026-03-22 17:50:00
TXN_994,G60XKVO5,15.59,28013,2026-03-09 19:13:00
TXN_3739,6B4A3LO4,59.66,30435,2026-04-21 13:23:00
TXN_1680,FPK8IJK2,32.36,47945,2026-02-06 01:14:00
TXN_4225,3XHZVYTP,32.35,43005,2026-04-16 20:03:00
TXN_4439,R3PL2C9V,94.45,21789,2026-03-27 12:15:00
TXN_976,P7PHKV77,56.5,49429,2026-04-28 02:22:00
TXN_2653,FBT7Q31S,16.51,14024,2026-04-27 02:54:00
TXN_2596,65Z6MJM6,35.81,40048,2026-02-16 10:22:00
TXN_2282,2RBBJU6R,94.27,33485,2026-05-01 18:20:00
TXN_1546,W2D58NFC,58.37,42930,2026-01-15 11:37:00
TXN_3094,I549062M,54.73,23116,2026-02-18 22:46:00
TXN_3184,0OGMY728,74.81,13636,2026-01-25 05:54:00
TXN_2462,GV002I1T,41.6,14874,2026-02-04 14:10:00
TXN_BAD_6837,INVALID_VIN,50,20000,2026-04-10 10:00:00
TXN_1466,TLJOX9EA,96.01,48915,2026-01-30 02:01:00
TXN_275,BC02FZN7,48.39,13308,2026-01-17 15:37:00
TXN_2435,LETZ7Q1X,27.46,40076,2026-03-13 09:09:00
TXN_987,JUEFRNZ1,54.19,44104,2026-01-06 02:57:00
TXN_3167,EZ2GZZMA,32.5,30997,2026-03-17 18:43:00
TXN_2867,S7VZJAAH,95.48,13788,2026-01-02 23:46:00
TXN_2900,71DO71NL,27.94,43812,2026-01-29 21:51:00
TXN_2397,3KK66PAJ,83.42,21130,2026-01-20 02:08:00
TXN_3570,W8POYHZ8,77.0,22626,2026-04-29 18:23:00
TXN_4872,D5M0T3FJ,59.9,21560,2026-02-07 02:58:00
TXN_3481,45QEN169,59.28,31882,2026-02-11 17:49:00
TXN_1953,9D64RHFZ,64.17,23155,2026-02-13 02:01:00
TXN_3152,W8E9B4E7,38.44,21512,2026-03-14 07:04:00
TXN_2539,69YV4ZWQ,40.13,47257,2026-03-17 03:36:00
TXN_112,XI30AK2V,44.05,48850,2026-04-13 13:31:00
TXN_4043,LYE7S1VQ,21.11,24819,2026-04-23 19:24:00
TXN_2371,DBZWMQ8Y,65.58,30001,2026-04-28 18:31:00
TXN_2483,BC5XI9WZ,56.8,40009,2026-02-11 15:16:00
TXN_1099,6CJA4MZM,96.62,25611,2026-04-17 22:38:00
TXN_1052,9DMIT3PW,44.27,32112,2026-01-15 09:06:00
TXN_4169,FKF2RUA7,106.93,38714,2026-04-13 16:56:00
TXN_1927,TT2BIC40,36.49,21515,2026-04-20 07:00:00
TXN_2781,D4T4PRG3,35.96,22104,2026-04-08 21:30:00
TXN_1865,YET399LG,38.09,29994,2026-02-14 11:20:00
TXN_241,ETRRKCN4,44.89,17022,2026-01-03 09:05:00
TXN_3879,LKZLIIVT,22.01,23104,2026-03-21 05:03:00
TXN_1106,WUQXGUTX,91.79,21762,2026-02-06 02:11:00
TXN_1668,SS5XQA9L,68.74,38934,2026-04-27 03:20:00
TXN_914,OXYJP74H,97.58,30294,2026-01-17 06:30:00
TXN_2941,W48XA6RA,70.95,35428,2026-01-07 00:43:00
TXN_704,CL1XGB6Y,108.25,50448,2026-01-14 13:39:00
TXN_2167,ZLAN1L2W,51.57,37944,2026-01-11 22:48:00
TXN_3087,F6ODJ70P,66.92,22244,2026-04-29 19:32:00
TXN_2604,12FP2FX8,48.27,18147,2026-04-24 22:17:00
TXN_2089,6V09289Z,50.06,16714,2026-02-04 00:53:00
TXN_4600,X13E72WX,44.35,24231,2026-03-25 01:10:00
TXN_4823,IHC6FKKD,26.52,44030,2026-02-23 11:42:00
TXN_3129,KA3EH616,21.79,30817,2026-02-25 05:48:00
TXN_2739,Y67NK5CG,63.41,33201,2026-02-10 06:28:00
TXN_3047,VOCJPRH6,42.43,10367,2026-01-31 17:35:00
TXN_106,4GE45P3Q,90.82,33868,2026-02-01 13:19:00
TXN_4064,NMEXPNZX,35.36,35857,2026-01-02 05:49:00
TXN_3406,B9GPBQA7,65.94,12363,2026-01-12 13:36:00
TXN_4884,OIRTNL4M,75.03,37305,2026-03-11 09:23:00
TXN_3827,DZP009S9,112.68,48001,2026-01-03 05:12:00
TXN_4177,UEZWOB3X,59.25,24466,2026-04-08 10:37:00
TXN_2363,S93MHV0Z,32.31,43490,2026-04-10 21:24:00
TXN_4138,W1T0NMZI,73.79,10840,2026-01-01 06:10:00
TXN_BAD_1845,INVALID_VIN,50,20000,2026-04-10 10:00:00
TXN_340,ZSVVA2ES,27.45,26184,2026-03-25 12:03:00
TXN_4855,A2EOBR3F,86.26,35670,2026-01-23 20:44:00
TXN_246,V0AX5RTI,65.11,42064,2026-01-20 13:10:00
TXN_1353,K76NQSAI,26.42,12580,2026-03-27 11:04:00
TXN_2500,Q1SVAX1O,56.42,33000,2026-04-05 01:22:00
TXN_1149,MRHEAWFV,43.25,23178,2026-02-19 22:53:00
TXN_838,TGCBTXHU,37.65,21947,2026-01-10 14:51:00
TXN_3581,30TUA8LT,56.3,44246,2026-03-18 03:53:00
TXN_2726,WM70F55R,54.81,32005,2026-01-02 04:47:00
TXN_4289,LII1OP3R,44.48,40816,2026-01-03 05:04:00
TXN_1473,1B2PH90I,47.67,24245,2026-03-17 09:08:00
TXN_2437,RORDTCUO,33.78,32102,2026-01-04 02:29:00
TXN_2605,X7L0EKDT,70.35,24998,2026-03-06 17:14:00
TXN_3638,38A711BI,18.67,47929,2026-03-18 15:29:00
TXN_2624,Y717J7A3,,37388,2026-03-05 01:43:00
TXN_1043,PJI1SLJW,79.07,36951,2026-04-10 00:32:00
TXN_3885,7JIV6UCW,16.17,43107,2026-01-27 12:28:00
TXN_1392,ZM5TDITY,36.1,15715,2026-04-03 04:56:00
TXN_700,CWY0RBUG,76.88,39631,2026-02-05 08:27:00
TXN_1384,JOWR06EO,31.95,17995,2026-02-16 20:09:00
TXN_922,RCASPOVN,86.78,44890,2026-04-22 21:03:00
TXN_2896,HIWUOZAJ,29.66,45809,2026-02-11 14:52:00
TXN_4519,G58TFE4X,97.93,17781,2026-01-08 12:10:00
TXN_3466,KVVKD544,16.29,16490,2026-02-26 07:23:00
TXN_1803,LMHACKY8,72.47,47476,2026-04-21 04:46:00
TXN_724,AZ0QLDBD,65.07,38634,2026-03-17 21:03:00
TXN_4747,SOGO007G,62.42,33400,2026-01-18 02:16:00
TXN_3792,SO8Q9M7Q,16.44,14737,2026-01-05 20:00:00
TXN_2349,UZ9XMAZU,48.28,25580,2026-01-23 06:46:00
TXN_542,I7GMT58X,18.1,19927,2026-01-26 00:29:00
TXN_14,JS0ZRCW1,70.7,28105,2026-02-20 02:13:00
TXN_3986,QKJW85K2,51.99,16708,2026-02-26 06:40:00
TXN_2424,LTHMD4E9,54.03,50181,2026-03-19 18:40:00
TXN_1888,X6LRA7Y9,27.37,18202,2026-02-15 09:58:00
TXN_4889,KSR9W65A,22.23,45168,2026-01-16 16:40:00
TXN_1512,YUMZRYDH,23.4,35545,2026-03-22 02:22:00
TXN_6,RAC3R2GH,16.74,17195,2026-03-20 14:19:00
TXN_3447,RVP4K5DM,57.52,26904,2026-01-05 05:07:00
TXN_1478,L1RQ5MNA,21.76,21756,2026-01-13 23:55:00
TXN_572,5ZGEF6V4,88.03,49722,2026-01-20 05:02:00
TXN_4296,TRX6GC2A,20.31,15878,2026-03-14 12:14:00
TXN_4312,ATHI34TB,23.19,49118,2026-01-09 11:10:00
TXN_2783,Q0R432YP,47.17,33444,2026-02-26 05:40:00
TXN_2769,3U5CC7KS,93.54,13046,2026-01-28 15:53:00
TXN_2039,HK3DD2P5,65.22,40275,2026-02-02 21:27:00
TXN_1227,IU5IZJYP,91.71,36186,2026-03-23 05:08:00
TXN_2147,4EVJX28R,51.9,14571,2026-03-11 16:14:00
TXN_1472,8DUR9RY0,78.76,12699,2026-04-06 16:40:00
TXN_2216,D9O78EMS,20.55,47896,2026-02-27 22:28:00
TXN_2869,Y213R361,84.88,40169,2026-04-18 06:40:00
TXN_4301,AD7XDEZV,28.44,39438,2026-03-29 01:54:00
TXN_679,AXR84C3A,102.28,14932,2026-03-20 02:34:00
TXN_3381,5CDF62NJ,56.21,34864,2026-03-21 00:29:00
TXN_1005,7TKFBX9X,68.24,25384,2026-04-27 07:34:00
TXN_3865,0L8Q6CZ1,53.23,17571,2026-02-11 06:24:00
TXN_2609,FC2NKSHJ,14.33,34595,2026-01-02 08:54:00
TXN_2078,EKG6KD59,89.17,25963,2026-02-12 06:07:00
TXN_2645,3VBJ1Q7D,19.61,26896,2026-02-15 04:26:00
TXN_1486,6IOH107I,31.83,39923,2026-01-03 02:04:00
TXN_4145,K6C5MST4,51.68,28715,2026-03-17 18:50:00
TXN_2200,FR67ON58,46.47,39013,2026-04-04 19:40:00
TXN_2453,I5W9Y5CH,25.24,23336,2026-01-27 22:15:00
TXN_3239,LJ66L1VH,45.79,50332,2026-01-03 09:49:00
TXN_2399,3HFWT0KM,49.2,28289,2026-04-04 12:19:00
TXN_3024,Y2XMRXTT,125.49,11357,2026-03-28 18:01:00
TXN_782,FSA44KSB,26.65,34557,2026-02-21 08:48:00
TXN_1761,AXSPO6N3,34.19,20834,2026-02-03 03:50:00
TXN_317,CWFTS95O,29.46,15064,2026-02-15 11:48:00
TXN_1944,66EMG6DK,54.62,13363,2026-03-04 22:16:00
TXN_2702,PXN89RNO,43.11,22990,2026-04-19 12:48:00
TXN_2169,MVWEJ8ZP,79.68,21724,2026-02-03 03:23:00
TXN_2570,HEXVINMC,59.36,23778,2026-02-12 02:42:00
TXN_1363,066Z6QGE,41.72,24059,2026-01-24 06:28:00
TXN_1215,PDC3FOHV,37.37,45857,2026-04-15 05:02:00
TXN_3140,WIU1NWV3,68.38,31336,2026-03-21 05:40:00
TXN_3681,GZ31K6M9,43.21,12336,2026-03-25 13:31:00
TXN_4195,BIR6ONK8,59.68,22004,2026-04-06 17:09:00
TXN_2861,OA3M9IQD,101.18,21672,2026-04-26 17:04:00
TXN_2165,RD80R8UH,52.4,13658,2026-03-06 23:13:00
TXN_4171,3FQ7YZ2U,33.91,38691,2026-04-16 21:45:00
TXN_85,RWOON2ET,61.52,49711,2026-04-20 17:29:00
TXN_4861,Q7NJ7ASJ,38.03,46559,2026-04-07 19:25:00
TXN_53,F8Y64YMQ,46.81,20739,2026-05-01 15:41:00
TXN_1708,WTDQPAAI,35.69,40136,2026-04-17 23:31:00
TXN_90,CK573UF5,64.23,50287,2026-03-31 12:17:00
TXN_4977,K43WJLZJ,16.42,18144,2026-02-16 13:39:00
TXN_397,N596X5U2,29.73,38368,2026-04-02 04:59:00
TXN_1561,1DLP2D7X,106.94,10757,2026-04-11 16:59:00
TXN_3300,PRUW1G24,60.29,37472,2026-03-14 06:35:00
TXN_1987,8NG8RB23,62.16,35347,2026-04-02 18:08:00
TXN_603,F3Z6OGR1,80.53,16779,2026-03-13 14:47:00
TXN_297,WVUJL5V9,40.83,11476,2026-03-03 20:10:00
TXN_4134,I6GWOTON,37.85,35145,2026-01-18 00:16:00
TXN_4732,M4UP8ZP7,64.39,16891,2026-01-22 10:49:00
TXN_4768,A51HUO60,31.82,23978,2026-01-30 23:05:00
TXN_206,18O1WNQ3,41.49,36938,2026-02-22 08:15:00
TXN_4644,VAT74WDQ,44.52,35451,2026-03-18 12:34:00
TXN_394,PPFZ6CSG,49.12,43757,2026-01-18 17:15:00
TXN_781,E8SYQPJH,75.2,15160,2026-01-19 03:24:00
TXN_1834,DYC1P03L,26.15,25108,2026-04-18 17:23:00
TXN_4187,V61LPW76,89.83,15834,2026-01-16 22:08:00
TXN_4689,RTCMM32Z,77.05,19120,2026-04-01 18:12:00
TXN_2968,BOKNADR0,23.72,13805,2026-03-31 03:18:00
TXN_3237,WSWFZP4X,63.91,48873,2026-01-12 03:39:00
TXN_2206,N92XZZZV,60.15,36718,2026-02-25 01:25:00
TXN_3048,WNZ9RV8W,89.28,23348,2026-04-12 14:20:00
TXN_2134,G635AILQ,66.06,14271,2026-01-27 21:52:00
TXN_2839,KA0I0KRG,73.19,31453,2026-01-08 17:28:00
TXN_2748,75570YV1,42.26,32988,2026-03-07 01:28:00
TXN_1177,ZGQPBF9O,44.56,13090,2026-02-18 22:23:00
TXN_4736,VD6BR6UB,76.15,17326,2026-02-12 00:21:00
TXN_2626,BIFHY2IQ,21.09,40447,2026-03-26 18:53:00
TXN_1137,JUG1Y2KC,78.76,49557,2026-03-03 18:39:00
TXN_4505,RI0C7OBS,113.13,20812,2026-04-13 12:13:00
TXN_3627,QK4FARYV,52.11,33672,2026-02-18 12:02:00
TXN_2773,G50F21LN,52.42,33561,2026-02-08 22:28:00
TXN_52,HLTJQX6H,51.45,36244,2026-03-20 12:14:00
TXN_804,JRAGULQU,23.52,16358,2026-02-28 11:44:00
TXN_4411,C1LIBVDG,88.0,18879,2026-02-11 07:02:00
TXN_2572,MZ410SC6,35.74,14236,2026-03-05 08:57:00
TXN_3696,9ZVRTTFP,32.16,14378,2026-04-08 02:30:00
TXN_3403,9VBEUFR3,45.16,31949,2026-02-26 18:59:00
TXN_2963,OVO33O6P,50.84,35051,2026-05-01 07:58:00
TXN_3974,P22T6R3E,79.14,39285,2026-03-08 23:18:00
TXN_1198,BAK9KSFL,51.26,31338,2026-04-29 10:00:00
TXN_1915,T4Y84JI9,37.88,15641,2026-03-19 11:46:00
TXN_4531,MKQL6RS9,15.26,30824,2026-01-23 06:38:00
TXN_3104,49RVC4YN,57.53,22715,2026-04-11 09:48:00
TXN_3508,2P75T8JG,89.3,21833,2026-01-07 11:20:00
TXN_4962,KZK4PD7T,96.45,27443,2026-04-25 05:04:00
TXN_1731,24XT6YD0,19.32,31502,2026-01-31 20:29:00
TXN_3553,MOOWC7S3,63.27,41235,2026-03-17 05:36:00
TXN_1389,2X3MI2ME,70.39,49321,2026-03-24 13:51:00
TXN_1784,7OAZRIIO,47.44,23404,2026-01-24 09:06:00
TXN_2263,W55MMS2S,57.52,43934,2026-04-04 19:53:00
TXN_4704,QONYODD3,35.88,45151,2026-03-13 06:36:00
TXN_3898,2BB5LVFQ,77.59,30777,2026-04-05 21:38:00
TXN_1812,MI3NWSM9,68.65,39848,2026-02-19 05:06:00
TXN_1399,PFHD0XKO,77.48,14954,2026-02-28 14:27:00
TXN_3711,EGP71I1G,14.06,49244,2026-01-20 01:33:00
TXN_4359,I1JNZ10T,81.57,20014,2026-04-17 17:26:00
TXN_2589,4D7W7BIP,69.95,11963,2026-04-23 16:08:00
TXN_3893,3PFD6JAF,83.95,21665,2026-04-26 22:18:00
TXN_1868,OLE7K8FQ,37.11,25248,2026-02-02 13:39:00
TXN_1197,ROCC8ICQ,24.94,28514,2026-04-10 16:46:00
TXN_74,K4E561QS,91.3,30274,2026-01-18 11:37:00
TXN_4552,MMZP5CKJ,49.12,42780,2026-04-07 08:55:00
TXN_920,MW3XLGMB,81.84,28201,2026-01-03 21:04:00
TXN_2593,LDBKIXFD,24.31,16708,2026-03-17 12:22:00
TXN_1851,G7JJ5B05,83.57,38787,2026-02-24 15:43:00
TXN_3060,WJPR0WTS,36.04,14565,2026-03-26 21:39:00
TXN_1479,OPBHTOSL,54.68,44892,2026-01-21 11:52:00
TXN_708,03FQLZIL,96.85,44257,2026-03-05 14:20:00
TXN_1093,O8PAEUTC,68.44,34653,2026-04-18 10:40:00
TXN_2588,MBTR958P,76.93,31727,2026-03-05 23:25:00
TXN_2248,PWA8SXKL,50.35,43152,2026-03-14 15:50:00
TXN_3424,KTZFZJ0W,21.6,27669,2026-04-03 06:03:00
TXN_1773,OW662DX0,39.7,45326,2026-01-18 14:14:00
TXN_2077,6FM48BD9,52.64,12599,2026-02-11 13:49:00
TXN_4088,LZLA1CJ9,54.27,24546,2026-03-21 15:25:00
TXN_2225,UTO2Z8T9,19.0,10955,2026-01-28 06:47:00
TXN_2289,PMUOIDZA,63.98,39499,2026-03-30 01:05:00
TXN_4869,EWJZR0EY,49.2,12701,2026-04-25 10:20:00
TXN_1130,92XJ5GAX,60.18,15697,2026-02-24 09:08:00
TXN_4295,RQYZWUAB,16.95,25798,2026-01-22 09:51:00
TXN_3302,821H56SC,49.11,26753,2026-04-02 23:04:00
TXN_1780,07XDTKF8,30.46,37101,2026-03-11 13:35:00
TXN_1670,B519EW2S,22.61,43250,2026-03-26 18:09:00
TXN_659,WCRHK7EW,40.47,20424,2026-02-21 11:20:00
TXN_3527,SALMWK50,99.44,15438,2026-02-05 03:45:00
TXN_4820,XZ4C21D7,53.55,45284,2026-02-01 23:50:00
TXN_1274,OTDGONA8,87.7,15079,2026-01-06 10:04:00
TXN_492,IAHZF8CB,66.91,48452,2026-02-12 01:25:00
TXN_2524,OPZPT2FG,62.16,39954,2026-04-20 01:18:00
TXN_1713,5ZT3FCUN,57.2,27500,2026-03-14 12:09:00
TXN_3193,AW97YT94,33.39,19902,2026-02-12 09:10:00
TXN_1749,IB0C0P6Y,44.16,26290,2026-03-25 23:42:00
TXN_1182,NAGU46VQ,39.16,33382,2026-04-01 02:34:00
TXN_4733,938OYKUM,30.52,30500,2026-02-04 14:07:00
TXN_1420,7V8PR6LL,93.84,45285,2026-03-08 01:36:00
TXN_3573,RJJOSBRE,19.25,25682,2026-04-29 04:33:00
TXN_1231,IG2X3EZC,96.88,44229,2026-01-14 09:09:00
TXN_4690,SGK02UES,22.25,18925,2026-04-02 00:40:00
TXN_3367,H3VRAM7S,,32300,2026-04-08 16:14:00
TXN_1446,26NJC16O,35.81,29704,2026-03-13 15:11:00
TXN_2694,WNF59RTQ,57.47,22377,2026-01-15 20:25:00
TXN_4263,HMNBN2LK,81.57,46936,2026-03-23 09:51:00
TXN_996,8XJXFBSL,29.42,29502,2026-03-27 10:43:00
TXN_1771,99NPNTSK,75.17,48808,2026-01-12 17:33:00
TXN_4246,U0HLU4GE,81.29,40507,2026-03-28 08:19:00
TXN_458,A7ZIW27R,49.56,34552,2026-04-19 10:49:00
TXN_3629,7GBNQOV1,83.93,35341,2026-01-01 02:01:00
TXN_3639,96HYW5UG,35.55,23387,2026-04-16 06:35:00
TXN_3264,GM93OFJ8,55.53,17263,2026-04-22 23:14:00
TXN_885,P2E3F3CB,68.47,11891,2026-03-17 02:25:00
TXN_1488,P8FOVCC3,47.86,32711,2026-01-05 15:57:00
TXN_2811,E5J0DWFE,64.16,12901,2026-04-01 14:04:00
TXN_3404,T0695UU6,57.86,32326,2026-01-20 02:20:00
TXN_1397,PKIOVLE0,51.59,35186,2026-02-08 16:44:00
TXN_1384,JOWR06EO,31.95,17995,2026-02-16 20:09:00
TXN_4370,J73BMFHY,44.34,28461,2026-01-26 22:34:00
TXN_3755,SA7FW07O,58.0,46990,2026-01-09 21:48:00
TXN_1470,FTWXW1M7,98.61,40812,2026-03-16 06:15:00
TXN_2736,4TM7GER0,107.5,39888,2026-03-26 13:01:00
TXN_118,PTNDVHEB,14.97,40950,2026-02-18 07:42:00
TXN_3268,413N02MR,21.46,33799,2026-01-14 23:20:00
TXN_1212,H4W7GSCI,78.49,25200,2026-03-06 13:38:00
TXN_2366,A0IJA1AN,58.77,19865,2026-04-25 19:50:00
TXN_2315,88WH9RR2,88.06,16563,2026-04-30 08:16:00
TXN_4621,N05NELWO,39.95,10649,2026-02-13 10:19:00
TXN_1526,BCLU2KKG,58.61,18389,2026-02-05 10:58:00
TXN_1596,QE3WJD2B,59.35,26134,2026-01-27 23:42:00
TXN_322,0NMM31YO,25.62,37122,2026-02-14 03:40:00
TXN_4234,BS2GJ6KA,90.94,42207,2026-02-22 16:45:00
TXN_801,XOGW8UG6,21.82,19997,2026-01-13 22:49:00
TXN_3614,3EQKN7D9,59.06,21341,2026-04-07 17:04:00
TXN_720,URQ5OEJI,40.74,30304,2026-03-27 01:20:00
TXN_2516,3JRA5IU5,43.01,33169,2026-01-01 12:44:00
TXN_2504,MCGGCB0D,22.15,33535,2026-02-18 08:25:00
TXN_2164,DH2G21AW,59.73,21876,2026-04-20 10:38:00
TXN_2592,9OIPJI4U,48.3,23543,2026-02-24 17:07:00
TXN_485,07ICHWGF,61.81,22577,2026-03-05 22:16:00
TXN_2251,TJ7H3EKQ,97.87,46566,2026-03-16 00:03:00
TXN_2777,6HM1P2QX,39.83,12934,2026-01-27 05:49:00
TXN_1256,9OLA7J8E,27.6,41078,2026-03-01 00:53:00
TXN_638,NF3CSKWA,14.93,32119,2026-02-08 22:50:00
TXN_4781,XI2AT7AI,42.96,45070,2026-03-20 12:46:00
TXN_2798,9EELA8TG,30.59,50089,2026-04-20 18:14:00
TXN_2602,1UHEK0LS,30.43,31248,2026-04-08 01:12:00
TXN_2757,VESTWCTR,86.43,33651,2026-04-30 17:11:00
TXN_2540,DM39397N,57.94,23037,2026-02-18 06:08:00
TXN_4218,6STOPQOU,98.18,12045,2026-02-03 08:24:00
TXN_2914,SAMOWKLZ,21.59,16002,2026-02-19 12:44:00
TXN_3778,O8J52DF7,35.15,18751,2026-04-04 19:38:00
TXN_2334,7UU317QH,28.74,16580,2026-01-05 21:48:00
TXN_2513,R05CIRVY,51.03,41868,2026-05-01 10:27:00
TXN_3001,8ASSP36G,20.59,18432,2026-01-29 04:29:00
TXN_4045,N2KUBH8O,44.33,29533,2026-04-06 16:46:00
TXN_4536,TV73W8XD,54.99,15664,2026-01-15 19:51:00
TXN_2288,ZR2BHM9X,42.99,35960,2026-03-01 06:26:00
TXN_388,XONAW026,47.62,34122,2026-01-10 11:27:00
TXN_1806,NIXPYM15,57.08,30633,2026-04-08 23:14:00
TXN_1959,WF0U8IUA,23.04,28526,2026-01-15 20:55:00
TXN_893,PNJ31E5L,80.09,47625,2026-04-01 07:30:00
TXN_1787,GSL1EOOA,106.93,39444,2026-01-09 04:05:00
TXN_1351,OMSJ74AG,77.8,40565,2026-02-21 10:18:00
TXN_1879,ERNF37O8,27.18,13114,2026-03-06 05:52:00
TXN_431,7YPKNG2A,43.63,40447,2026-01-10 11:23:00
TXN_4805,3IQMBMAZ,55.26,10475,2026-03-18 18:03:00
TXN_1808,FER2VL6Z,39.54,23165,2026-03-31 13:13:00
TXN_1706,DINJUW6B,68.52,41476,2026-02-22 17:36:00
TXN_479,J7LI9N6R,89.79,32142,2026-01-22 15:55:00
TXN_3736,E2442M5L,16.56,28859,2026-03-29 09:13:00
TXN_1523,I8HMK7BB,23.67,32605,2026-02-18 04:27:00
TXN_4,WOTZRQJZ,86.11,28566,2026-02-28 13:08:00
TXN_961,QOZV7BSG,72.6,37347,2026-02-17 13:08:00
TXN_964,ARP3Q4BV,74.46,45484,2026-04-16 20:38:00
TXN_1008,2DQ7GVSZ,35.29,11976,2026-02-22 02:57:00
TXN_1362,RNI66TUJ,73.06,30295,2026-04-17 05:30:00
TXN_4553,SV0DOPKV,15.89,10450,2026-01-22 01:53:00
TXN_3788,MI9VTZE9,74.19,46417,2026-02-25 10:28:00
TXN_2428,OWWNSM76,52.33,32402,2026-01-17 23:46:00
TXN_57,7WRNR7QR,21.59,37964,2026-04-03 03:43:00
TXN_4344,PVEBL47T,17.39,18659,2026-04-24 04:20:00
TXN_2599,9V36S9X8,19.75,20700,2026-03-20 01:24:00
TXN_609,DHFH10RW,59.08,29883,2026-03-09 11:17:00
TXN_1396,6MIUE58U,79.04,30099,2026-02-22 16:04:00
TXN_3172,OH869WAO,90.7,18763,2026-02-08 09:12:00
TXN_4274,1ZP61108,57.68,43303,2026-04-03 13:08:00
TXN_3019,Y6JNRXVK,30.4,23761,2026-04-27 00:38:00
TXN_4052,0BDG400C,63.77,16276,2026-02-09 11:59:00
TXN_3196,PZA76J6R,31.18,30380,2026-03-13 14:49:00
TXN_68,VWP4GN93,64.55,17308,2026-02-22 14:36:00
TXN_3773,DX7FO835,101.99,28926,2026-04-03 14:34:00
TXN_2796,TDE37PAV,23.19,15289,2026-02-17 14:50:00
TXN_138,CLRR3C7I,32.73,39858,2026-02-04 20:22:00
TXN_4367,V735SI11,84.72,48872,2026-02-17 17:22:00
TXN_107,Q7NJ7ASJ,26.02,46345,2026-03-03 13:58:00
TXN_4349,U9G8329Q,76.57,29609,2026-03-04 11:46:00
TXN_4261,FCA9R6U8,43.3,32114,2026-01-26 05:38:00
TXN_3289,O2NX8ZGC,43.68,15056,2026-03-04 20:03:00
TXN_3322,E8R9AGWO,48.51,29500,2026-01-06 18:23:00
TXN_3169,054OY4LR,57.01,24414,2026-04-08 10:57:00
TXN_731,BI8PYAOG,34.64,28108,2026-03-17 18:32:00
TXN_2611,VPJUBG1A,48.23,21566,2026-02-20 12:38:00
TXN_1458,4K6HZKO4,85.53,43511,2026-01-04 17:05:00
TXN_3972,NAF61V03,91.81,40835,2026-03-16 07:18:00
TXN_1074,37C4MZRT,43.26,41811,2026-05-01 00:02:00
TXN_1921,VTL0LJPQ,67.69,34847,2026-02-04 10:50:00
TXN_4363,MX8084H2,32.05,25086,2026-02-19 15:59:00
TXN_2354,7ASIYJSA,52.64,16259,2026-01-17 18:12:00
TXN_1568,62MKRM5B,66.09,33479,2026-04-16 10:10:00
TXN_2698,3SZUHJ62,64.52,32480,2026-04-09 20:23:00
TXN_2527,8LIU4Y1F,60.49,16564,2026-03-05 22:06:00
TXN_937,UQ7ULRRP,28.29,43097,2026-01-09 07:13:00
TXN_4366,CEJRIBGW,74.28,39086,2026-01-07 15:11:00
TXN_2582,PN4DG7HI,69.47,49837,2026-03-11 11:21:00
TXN_3077,WX4GLN67,80.33,50079,2026-02-13 11:35:00
TXN_1681,GQMGTVUX,37.91,31306,2026-04-06 00:20:00
TXN_2713,Y93H7QZ1,50.26,40597,2026-01-21 06:42:00
TXN_2274,2OBT519A,34.43,45794,2026-03-26 20:32:00
TXN_1150,721EZNU2,30.54,24092,2026-04-09 03:08:00
TXN_511,BUGG52DY,74.12,17411,2026-03-06 03:46:00
TXN_2,IM1NHQDK,57.96,20043,2026-02-23 12:45:00
TXN_3137,SFZPUU7I,48.94,23662,2026-03-14 07:22:00
TXN_4173,64JKINH7,38.06,41141,2026-04-02 18:43:00
TXN_2423,ZE2TM7OE,103.54,20796,2026-01-08 18:20:00
TXN_3057,4AUF8N95,73.43,40173,2026-01-08 22:25:00
TXN_4586,6QLABB9C,24.3,21079,2026-02-19 18:33:00
TXN_1339,UGX40TRH,64.09,25239,2026-03-03 14:37:00
TXN_191,8AQN2UCF,70.17,42296,2026-01-17 04:21:00
TXN_3204,8VVAQ6W7,52.73,24176,2026-01-10 15:28:00
TXN_1737,SFRAQ6L1,25.89,48051,2026-01-31 15:26:00
TXN_4881,JSLXKZEH,53.29,43694,2026-04-23 13:54:00
TXN_4053,A2HE918D,49.57,33350,2026-02-17 21:48:00
TXN_1899,IEDCFKY0,47.97,49337,2026-03-01 19:55:00
TXN_889,99FEX6IK,65.61,11882,2026-03-09 23:43:00
TXN_4837,2VYA059L,19.99,46806,2026-04-28 04:03:00
TXN_3490,XPZ6WO8Z,66.05,25819,2026-04-21 01:33:00
TXN_2059,ZJOHHV9C,44.18,31008,2026-04-20 23:55:00
TXN_2988,NSOHSETD,90.61,25990,2026-04-01 17:21:00
TXN_3513,TSZIJG0R,78.1,43255,2026-02-20 16:34:00
TXN_3491,TL3PCTTB,51.18,17028,2026-04-24 08:15:00
TXN_1719,PIS3WQKP,60.41,24725,2026-02-25 05:20:00
TXN_2887,U1LXM9ZW,25.04,30842,2026-04-11 07:08:00
TXN_4669,8HOYVCF3,41.01,11979,2026-04-02 22:05:00
TXN_2585,MRN4LR49,58.12,37663,2026-01-04 20:25:00
TXN_4288,RFM0Q9RW,73.02,28573,2026-04-18 16:17:00
TXN_848,FX8LQM0B,57.56,34075,2026-04-30 05:15:00
TXN_1136,LLR27FC8,28.06,27496,2026-04-15 17:08:00
TXN_4320,D286K5WM,28.91,41703,2026-01-28 07:23:00
TXN_2455,0I8SSPWT,42.65,21768,2026-03-05 05:54:00
TXN_3128,B1MU41PL,58.89,22832,2026-02-12 21:01:00
TXN_2629,57K098QV,60.83,45296,2026-02-13 06:29:00
TXN_1065,23EJ7QLQ,67.81,28871,2026-01-23 12:48:00
TXN_519,1S4Y1L8S,68.97,49458,2026-01-10 06:46:00
TXN_4404,9JNTXLPE,17.33,46228,2026-04-20 11:56:00
TXN_212,7ZX8RSOX,48.44,34983,2026-03-01 23:02:00
TXN_238,8AG7M0VO,18.11,45908,2026-03-09 19:20:00
TXN_759,DJF76BO5,64.37,23758,2026-01-29 05:08:00
TXN_3100,HHJ0DUFB,57.38,37975,2026-02-19 09:04:00
TXN_3959,65F3NWJD,44.05,45632,2026-02-16 13:42:00
TXN_2035,ER4SPFWE,84.77,19986,2026-03-09 17:27:00
TXN_1794,3WOB4TPR,69.99,32059,2026-03-11 18:46:00
TXN_1591,R4JKFVTX,81.52,44317,2026-02-25 15:10:00
TXN_4033,ESK7GNYL,88.85,21626,2026-04-21 22:00:00
TXN_3666,25QOOL8P,26.19,45080,2026-03-12 23:06:00
TXN_821,48LOAINY,44.52,11014,2026-02-28 12:11:00
TXN_4465,YUI5JVLY,54.38,34678,2026-01-05 06:15:00
TXN_1732,7ZWMV5D7,46.32,15321,2026-01-05 21:26:00
TXN_2627,WHPSGLXS,88.6,27274,2026-03-23 02:56:00
TXN_314,JYIPDOBQ,59.7,43469,2026-03-22 16:26:00
TXN_662,OQ0SCUWN,74.8,45836,2026-01-24 13:04:00
TXN_2443,2NCOCDYR,81.14,44555,2026-02-17 11:27:00
TXN_3653,IUTR117W,35.97,42830,2026-02-22 15:54:00
TXN_3506,WTPVNEWV,36.26,21389,2026-03-03 13:08:00
TXN_3994,0J6VQHQ3,64.67,30577,2026-02-21 10:05:00
TXN_2842,TD43L9YP,56.43,47383,2026-02-11 11:32:00
TXN_3480,P6WJRKSU,83.7,39964,2026-05-01 04:24:00
TXN_2126,BE1HAX23,40.69,23184,2026-01-10 10:36:00
TXN_2618,YPGVG6CG,63.19,13641,2026-02-15 04:48:00
TXN_4886,ATOTCYJ3,47.12,46064,2026-03-08 07:57:00
TXN_4825,2BHKNN62,57.66,36670,2026-04-28 21:28:00
TXN_2285,2P1NWLNM,19.67,40493,2026-05-01 10:59:00
TXN_4431,BPLSIM76,22.33,48380,2026-04-29 06:08:00
TXN_3633,H04MLJ2T,57.04,43098,2026-03-01 09:34:00
TXN_3895,XO83OO9V,92.29,18812,2026-01-05 10:18:00
TXN_1018,A5U5S9C8,27.79,23663,2026-03-07 20:45:00
TXN_252,RXFCNE6C,79.71,19493,2026-03-01 06:43:00
TXN_236,QBTCQM30,36.04,32752,2026-04-29 16:57:00
TXN_1151,XARVWDVD,58.96,13459,2026-03-13 03:20:00
TXN_3180,P2LF0CWU,52.07,40507,2026-01-19 05:30:00
TXN_3429,M5WVBFH8,80.31,19345,2026-01-31 02:47:00
TXN_1337,MAEKUPNY,48.5,11759,2026-03-15 17:21:00
TXN_1404,7J8VV5T4,34.35,24374,2026-02-04 15:25:00
TXN_3009,KDIFJIT3,19.18,25132,2026-03-14 00:31:00
TXN_3097,YJEZOIW0,93.46,49365,2026-04-17 23:25:00
TXN_1575,2CZCQETU,64.46,49913,2026-03-01 16:22:00
TXN_2985,PSHWMUA9,84.51,25279,2026-03-27 03:01:00
TXN_762,7Y1SKIDN,44.83,31205,2026-01-26 01:08:00
TXN_1403,ZW2VZEG4,58.5,37733,2026-01-07 12:47:00
TXN_1994,PMVHY8A9,59.53,23487,2026-02-14 14:57:00
TXN_4833,F28R1JIE,70.8,49581,2026-02-21 16:00:00
TXN_705,HZ3FAF1G,65.12,41126,2026-04-23 07:08:00
TXN_23,OY7M4H5L,46.16,34531,2026-02-06 02:04:00
TXN_496,ZCMBN2PP,97.19,24450,2026-01-31 22:54:00
TXN_4143,J483445I,51.87,27662,2026-01-15 15:05:00
TXN_882,OTG7HWMP,20.85,49451,2026-04-06 22:25:00
TXN_2970,HMMRVWVF,61.71,48999,2026-01-29 08:49:00
TXN_4473,J3Q29LB2,49.15,27026,2026-01-09 22:18:00
TXN_3752,S39T044T,39.14,22197,2026-02-01 11:33:00
TXN_707,4CSY6Y72,16.34,18753,2026-04-11 17:34:00
TXN_3599,PL1X3I3K,26.68,38525,2026-01-21 09:22:00
TXN_2439,1HZO81GF,90.12,16100,2026-03-19 05:10:00
TXN_308,KJVAPWFY,29.69,23265,2026-01-28 00:57:00
TXN_3257,RD4E9C6J,24.51,47331,2026-01-14 18:50:00
TXN_2576,RPA2IY25,96.68,38071,2026-02-03 01:41:00
TXN_2879,G0TM6FTB,36.14,41651,2026-01-22 09:59:00
TXN_4306,73WEDPDH,72.83,37452,2026-04-17 16:46:00
TXN_2923,N2GTQ2H9,31.67,40956,2026-01-03 18:11:00
TXN_2187,R9F52ULQ,65.71,32406,2026-04-13 08:56:00
TXN_4885,H28JT5BV,65.51,47066,2026-02-06 03:52:00
TXN_1271,BULWQ9DF,93.28,26743,2026-01-10 16:55:00
TXN_274,BHPAFCAC,52.11,33636,2026-02-20 06:18:00
TXN_534,5GFFRFXB,22.96,25502,2026-01-19 14:03:00
TXN_2469,Q9AM5HCY,53.68,27993,2026-01-19 03:29:00
TXN_239,Y2G0S15R,31.09,25826,2026-01-26 02:51:00
TXN_2982,EQVHYTTX,40.91,18822,2026-04-09 19:18:00
TXN_3604,BRIK3BK1,35.99,29422,2026-02-05 17:37:00
TXN_2711,153DFZDU,20.05,40729,2026-03-29 08:54:00
TXN_2887,U1LXM9ZW,25.04,30842,2026-04-11 07:08:00
TXN_2448,QGIGANFI,72.71,13208,2026-02-15 19:11:00
TXN_2745,TF6RF48K,74.35,25960,2026-03-02 23:10:00
TXN_499,YL50FNMH,30.71,46120,2026-02-28 08:45:00
TXN_4888,XEU5YM4H,78.17,27859,2026-02-16 11:01:00
TXN_1059,WC58F31K,45.56,19020,2026-04-18 08:13:00
TXN_1527,W51C6REO,57.96,22023,2026-03-29 14:29:00
TXN_2130,7VUWYSN5,16.67,37292,2026-04-26 03:23:00
TXN_168,CS5K4XDS,32.14,25216,2026-01-02 14:02:00
TXN_1986,XDKY269Q,72.7,49853,2026-01-26 03:15:00
TXN_4413,3HULZ5DR,22.03,40135,2026-04-12 08:51:00
TXN_4425,2JUDQICJ,99.42,36203,2026-05-01 00:55:00
TXN_82,CI7FV12T,38.34,46617,2026-04-05 18:28:00
TXN_2788,HKQDIOO8,20.79,41831,2026-04-06 14:53:00
TXN_3065,B69X3J4J,46.11,47933,2026-02-15 21:21:00
TXN_3485,GVI2G1FN,63.45,33597,2026-05-01 16:04:00
TXN_3452,ZD80A0AQ,37.84,42575,2026-03-22 05:57:00
TXN_4620,KTUNJ4V4,48.47,28802,2026-03-22 07:48:00
TXN_4760,8CNBCX3J,68.68,37182,2026-01-11 10:45:00
TXN_1491,NXRYF2BK,40.37,28441,2026-02-07 09:42:00
TXN_4494,IQ3WT87P,100.75,15614,2026-02-14 15:35:00
TXN_2247,5PPFN44N,62.16,48727,2026-01-12 00:54:00
TXN_2356,D8XC2HAA,59.89,15873,2026-01-06 13:14:00
TXN_1016,LI344SQE,13.88,33394,2026-04-04 07:29:00
TXN_3414,BQ560SR7,39.61,32756,2026-02-18 09:50:00
TXN_4894,TOJ3Z4JI,23.3,49686,2026-03-28 19:10:00
TXN_4613,I1GRE8U3,15.98,14202,2026-01-23 16:25:00
TXN_4275,4DY509ZO,12.92,23619,2026-02-11 21:36:00
TXN_190,INYBYMUU,26.16,42060,2026-04-24 03:05:00
TXN_1799,HE8ISLJV,39.22,42583,2026-01-23 21:04:00
TXN_3933,6DJ9RHQP,77.35,31936,2026-02-04 13:10:00
TXN_3718,HS2U67J8,54.8,41441,2026-03-04 09:46:00
TXN_3179,M4LUX1Z1,20.49,12405,2026-02-27 08:58:00
TXN_3673,B1FX6ARV,51.05,27709,2026-04-23 10:25:00
TXN_2384,PL4KXWDB,49.82,26999,2026-03-27 16:14:00
TXN_1405,BKUXKA3J,32.5,21759,2026-02-12 23:28:00
TXN_1612,WEGWCYTH,109.75,18798,2026-04-05 03:55:00
TXN_1468,7NJ2TOWG,29.1,26956,2026-05-01 00:03:00
TXN_4534,L6URYLB6,102.67,27524,2026-01-22 02:39:00
TXN_498,L8I3N94P,43.35,25885,2026-02-15 17:23:00
TXN_199,H2W1FKNC,49.2,37462,2026-03-10 16:29:00
TXN_3622,GQXA9VSU,60.15,40858,2026-03-12 07:21:00
TXN_1660,AHVN08J6,66.7,49279,2026-01-16 08:40:00
TXN_3259,PGPYMU3J,89.44,36304,2026-03-21 23:02:00
TXN_3101,ZPNMXRPF,22.5,40183,2026-03-08 10:06:00
TXN_2817,DVHNKMDK,73.32,13368,2026-03-04 19:06:00
TXN_1514,NPISG2ZA,45.29,41190,2026-02-22 16:12:00
TXN_899,8ERMXL7Q,52.64,40104,2026-04-25 05:23:00
TXN_1621,YS0VMIQP,58.04,14074,2026-02-08 02:51:00
TXN_4323,ZT9QFWU7,44.67,25339,2026-04-17 14:00:00
TXN_2628,VLHP6Y4K,30.2,28517,2026-02-14 22:18:00
TXN_1416,ZUPQJ3EH,26.06,45215,2026-01-17 20:59:00
TXN_2700,3GRATEEF,49.21,20961,2026-02-04 22:51:00
TXN_4437,BH2TFA24,27.99,23445,2026-01-14 23:49:00
TXN_4830,AJWQWTUI,46.96,13174,2026-04-28 07:43:00
TXN_4856,EEYP01AM,63.46,46281,2026-04-25 16:49:00
TXN_1589,T80WWDSZ,76.52,10644,2026-02-05 16:26:00
TXN_1039,7116XKZ9,68.36,49057,2026-05-01 22:38:00
TXN_2213,7RLK118R,39.08,37750,2026-02-15 02:52:00
TXN_4076,APJE83T9,54.92,41439,2026-02-09 13:34:00
TXN_3157,ZD88RK82,61.47,26214,2026-02-07 09:19:00
TXN_912,0T8PEUTR,72.93,34304,2026-01-31 20:24:00
TXN_3280,O2T5URK5,50.78,11310,2026-04-30 20:20:00
TXN_1950,X5KSFW1L,91.99,33756,2026-04-19 18:45:00
TXN_3334,KJ5YNPIN,80.89,45419,2026-03-24 14:56:00
TXN_3493,W30FWPLF,51.13,46769,2026-01-25 12:55:00
TXN_4464,IN6DBADW,20.59,35947,2026-01-22 10:43:00
TXN_4342,XHLETY33,15.13,20411,2026-02-03 08:06:00
TXN_1223,PSV1DZIR,97.81,43969,2026-02-07 06:12:00
TXN_1261,28RXO5VQ,52.0,26803,2026-04-06 06:56:00
TXN_2840,QN16AVH9,46.89,27898,2026-02-15 05:23:00
TXN_162,DFX35YN4,67.83,25698,2026-02-19 01:09:00
TXN_2337,Z1U0RZGZ,64.75,40120,2026-04-11 02:43:00
TXN_2527,8LIU4Y1F,60.49,16564,2026-03-05 22:06:00
TXN_803,DVQG2P38,22.34,31937,2026-02-18 22:54:00
TXN_1340,QSUSLNOG,36.87,42691,2026-03-29 05:21:00
TXN_4324,QW01XQ1R,52.32,27103,2026-02-23 04:30:00
TXN_2578,M6FP7V27,53.3,44458,2026-04-19 17:54:00
TXN_3347,F55RNEBT,69.05,25200,2026-04-05 07:46:00
TXN_4380,LGDJ9I4B,42.19,37577,2026-02-13 02:40:00
TXN_4897,FGQK7XGE,31.43,42170,2026-03-16 10:38:00
TXN_4758,VXZ3EZMN,56.94,32666,2026-02-10 11:46:00
TXN_3267,HW3PF9PF,42.68,35032,2026-01-13 19:59:00
TXN_3153,Q9X0RJIG,58.64,26058,2026-04-29 08:59:00
TXN_1524,03O2UC4U,82.88,23884,2026-01-26 01:50:00
TXN_576,TFXM2U7J,54.55,39095,2026-04-01 03:05:00
TXN_1387,GTDIWU8S,35.77,12357,2026-04-07 23:33:00
TXN_4179,0DC72TIW,28.97,11158,2026-04-19 20:50:00
TXN_1816,9L6XLOKX,34.15,12517,2026-05-01 00:01:00
TXN_4651,FNBWS8J8,113.61,22375,2026-03-27 06:51:00
TXN_2600,TGF6PD81,20.87,16755,2026-03-12 08:12:00
TXN_1251,0KBS6CRG,22.43,16266,2026-01-25 17:41:00
TXN_3693,TTHCEF1A,52.41,45596,2026-04-15 10:54:00
TXN_2214,2Q86FFRQ,49.7,41062,2026-03-03 10:08:00
TXN_2353,7BGQNPQN,30.3,21734,2026-04-15 14:27:00
TXN_1613,YFIQ45YE,64.89,33782,2026-02-23 17:56:00
TXN_1774,QGB01PMX,31.92,16548,2026-01-17 02:12:00
TXN_375,7524LY85,50.86,37515,2026-04-08 07:37:00
TXN_1436,XWBFLLVE,38.62,15194,2026-01-18 10:45:00
TXN_2555,U0PMZRKH,31.18,10649,2026-04-02 12:10:00
TXN_1789,K6MU1EH6,90.98,46961,2026-01-22 10:45:00
TXN_1707,J69DTVKT,53.36,14222,2026-01-05 04:55:00
TXN_224,D97A9DJZ,64.58,41497,2026-01-09 03:19:00
TXN_1166,UTMJ9Y1E,74.39,28173,2026-01-28 22:24:00
TXN_299,7FJCET6X,34.59,43113,2026-04-27 12:37:00
TXN_4795,81R55L8F,15.56,30795,2026-03-08 00:10:00
TXN_1260,W4H1LPQ9,67.27,17379,2026-02-12 17:38:00
TXN_2418,O37680HA,89.43,26296,2026-03-04 02:52:00
TXN_3027,NMXZYP6S,49.52,21027,2026-01-20 01:49:00
TXN_1421,FVJV98S8,21.6,29617,2026-03-23 21:48:00
TXN_3550,5BBRH7UR,81.56,41216,2026-01-14 19:00:00
TXN_2154,SNLUN8ZT,111.07,33310,2026-02-11 00:11:00
TXN_2597,K35G8K6X,104.52,35234,2026-04-14 00:30:00
TXN_4858,S5RGQDIX,99.08,33716,2026-04-08 19:36:00
TXN_2232,15TT7VTK,33.46,48740,2026-04-14 01:47:00
TXN_4712,8FN42V6V,66.01,39281,2026-01-18 20:16:00
TXN_3786,ZZ0N9W1Q,28.97,48322,2026-02-06 23:27:00
TXN_4925,VYBQUMRV,31.67,40900,2026-01-29 05:50:00
TXN_4035,KXRD3KLY,57.41,45832,2026-01-06 00:04:00
TXN_1299,NMISLXGA,35.15,46072,2026-03-11 18:06:00
TXN_4248,CNK8GHH3,66.76,25587,2026-04-05 00:31:00
TXN_294,9TUFJ777,83.73,37000,2026-01-28 17:34:00
TXN_2367,DSGTQAXI,66.62,42066,2026-02-09 02:51:00
TXN_3609,JRTAL37T,93.8,22376,2026-03-23 22:40:00
TXN_1682,EDACBYQ2,105.7,14421,2026-04-12 00:19:00
TXN_1841,4WT5JADK,86.88,14524,2026-01-14 02:03:00
TXN_3281,T4IESYGH,40.2,13780,2026-02-20 10:50:00
TXN_372,QW7ORA4O,41.88,37338,2026-01-08 16:33:00
TXN_879,UJHCL5LZ,82.76,26895,2026-04-19 21:11:00
TXN_3470,ET84ZB0Z,56.25,36856,2026-03-18 23:06:00
TXN_4278,9GSKU4D8,34.23,48192,2026-04-25 21:39:00
TXN_3721,61LJFN6E,41.25,14559,2026-01-21 09:30:00
TXN_3647,F3QFH6PS,19.08,39781,2026-04-24 10:42:00
TXN_1237,00FNI6M6,39.81,44833,2026-03-15 03:54:00
TXN_1265,FN0XGKW4,59.51,46259,2026-04-05 02:07:00
TXN_1951,WYBZQDHO,46.9,28672,2026-03-08 23:30:00
TXN_3399,KRB47I1T,13.2,30650,2026-03-23 22:26:00
TXN_3860,3T9568WR,98.76,36056,2026-03-07 12:15:00
TXN_625,UHMIK8KZ,54.97,16103,2026-02-19 07:24:00
TXN_2010,K3ZJGELP,46.3,40996,2026-02-21 21:25:00
TXN_1349,UZ56LK8C,20.49,25122,2026-01-29 03:38:00
TXN_4619,XW4M4MJ1,34.98,23728,2026-02-08 10:56:00
TXN_4574,2BEQUQQ2,,47150,2026-04-07 20:19:00
TXN_2249,2RVIE5R4,42.7,32730,2026-03-02 21:26:00
TXN_3726,TZEVA0UX,48.39,31012,2026-01-29 09:29:00
TXN_1795,YWG7YXJN,24.15,46689,2026-02-03 20:46:00
TXN_3732,J2345V82,52.13,34503,2026-03-30 20:26:00
TXN_4575,D4C6VETP,78.98,44269,2026-04-24 01:10:00
TXN_2351,WV1UBTBE,30.96,42712,2026-03-29 19:36:00
TXN_529,WIT569FM,49.06,49674,2026-01-25 00:49:00
TXN_1483,SSPOWHN1,40.43,28027,2026-03-04 10:24:00
TXN_4094,8OVHJNKF,71.45,21606,2026-03-07 03:30:00
TXN_2029,V3W0Z4GG,58.55,48929,2026-01-11 13:07:00
TXN_4612,RPHGOZOC,,24506,2026-01-10 03:06:00
TXN_4319,CV175RFW,39.27,40583,2026-04-16 13:50:00
TXN_4975,IGK19BAU,71.08,22358,2026-03-27 12:34:00
TXN_1644,FXERSCA4,90.69,41392,2026-01-06 00:33:00
TXN_1310,627M66TK,38.64,28917,2026-02-24 18:44:00
TXN_58,5STBFPH8,18.73,14487,2026-01-06 19:17:00
TXN_1982,YM768APC,35.44,44239,2026-04-12 13:48:00
TXN_2503,RCECAE5T,21.52,24283,2026-02-24 09:00:00
TXN_255,T75USRYG,,14942,2026-04-19 12:28:00
TXN_538,TAQHVXXQ,88.44,39163,2026-01-30 12:27:00
TXN_4666,9XBUAP9B,76.37,30974,2026-01-23 12:23:00
TXN_3750,73GF0B7S,65.69,15585,2026-02-21 06:02:00
TXN_4300,56CDWWDR,34.36,39387,2026-02-24 17:43:00
TXN_4931,A91FWJLO,22.7,15825,2026-03-26 19:25:00
TXN_3305,WW3XRX0L,21.48,44538,2026-02-04 08:25:00
TXN_1057,724FQ2Z9,33.88,23138,2026-02-24 16:27:00
TXN_1216,4XXQSQPG,112.79,14722,2026-01-27 18:44:00
TXN_4485,QB52FTMJ,24.26,18279,2026-04-22 18:11:00
TXN_3383,JDBNAOWS,67.91,44242,2026-03-23 20:37:00
TXN_2240,X65JP00S,83.66,46260,2026-03-05 05:17:00
TXN_3796,3Y09E965,95.05,40602,2026-03-19 03:56:00
TXN_4756,CWCUXVG1,43.21,12563,2026-03-26 06:17:00
TXN_438,5HSTYQ7Q,36.59,23080,2026-01-24 11:05:00
TXN_1058,7CQ774UH,83.95,15436,2026-01-08 02:35:00
TXN_3407,XYFZQRR8,36.56,11629,2026-03-07 02:27:00
TXN_1279,LOX8F36F,61.84,17056,2026-04-14 19:29:00
TXN_439,6Q3W0849,18.95,38188,2026-03-15 05:25:00
TXN_1908,2IJDB2XC,42.38,20851,2026-04-14 12:45:00
TXN_3064,JJM9K2RK,47.88,41632,2026-01-27 12:28:00
TXN_3007,MM4M0SEG,69.06,36430,2026-04-25 06:51:00
TXN_946,7VG2RMMN,54.18,46990,2026-03-28 22:33:00
TXN_2543,6PI4334L,26.83,42986,2026-04-04 17:41:00
TXN_1294,G2WK4VV1,28.3,43062,2026-04-06 05:24:00
TXN_4541,G4N8ZFFE,39.33,39654,2026-04-19 07:27:00
TXN_591,HTYHN02Y,35.55,17907,2026-04-12 10:20:00
TXN_1955,YUW3U0YB,25.41,19119,2026-01-19 13:58:00
TXN_4111,GOULS274,46.86,22238,2026-02-18 18:48:00
TXN_4147,TCLEV4LY,36.76,41235,2026-02-23 11:11:00
TXN_4788,8ONME0KN,88.98,46956,2026-04-05 20:48:00
TXN_930,N6DTDZX3,41.74,23995,2026-03-29 17:26:00
TXN_1567,5N813O5L,41.42,25113,2026-02-09 11:58:00
TXN_897,IATXMX1C,76.67,42945,2026-01-22 18:10:00
TXN_3756,AQJAZFB3,19.6,17786,2026-03-07 00:27:00
TXN_434,4EDKTS1Q,55.27,27415,2026-03-04 05:51:00
TXN_977,LJWG97TR,24.62,37294,2026-01-13 17:32:00
TXN_2347,DD7LQUGF,94.82,18945,2026-03-01 11:19:00
TXN_49,4BBGVNVP,23.11,43639,2026-02-22 23:45:00
TXN_2407,UST0K960,30.33,23733,2026-03-30 05:05:00
TXN_288,JPW57KT1,42.9,38436,2026-04-22 16:02:00
TXN_4190,HWFKRS85,79.74,28322,2026-03-30 01:41:00
TXN_BAD_8379,INVALID_VIN,50,20000,2026-04-10 10:00:00
TXN_2094,VZT4HQ5Q,38.89,29349,2026-03-15 05:04:00
TXN_1594,1JPPWE8W,46.07,43357,2026-01-22 04:19:00
TXN_1937,HXIF8RQD,75.31,12331,2026-01-04 10:15:00
TXN_3685,KWBUE7MY,89.18,49112,2026-01-03 09:27:00
TXN_1442,FCU7HGJH,25.06,21209,2026-03-23 17:39:00
TXN_4568,UMMO0YCL,45.34,34441,2026-04-29 00:31:00
TXN_4333,E0K2VK59,85.88,30844,2026-04-05 06:23:00
TXN_3385,LXNFNZ86,23.77,14823,2026-01-09 11:25:00
TXN_2880,GGO8HP2K,70.41,30222,2026-01-09 20:17:00
TXN_102,EPV65Y1F,59.28,28336,2026-01-12 19:38:00
TXN_3515,WP85KC1Q,40.45,28641,2026-01-27 01:40:00
TXN_1628,GRR0RSYR,60.92,19814,2026-03-12 14:22:00
TXN_4632,OAS7D28X,89.16,30349,2026-01-21 02:47:00
TXN_2053,ETAJKBW8,89.65,50213,2026-02-19 06:47:00
TXN_1751,QV6S9ARH,100.66,48791,2026-01-31 19:58:00
TXN_4132,DOFGBGT0,29.76,39245,2026-03-05 19:33:00
TXN_4304,JZA40IRU,36.33,21876,2026-01-16 06:32:00
TXN_27,PETZUWDY,46.05,31275,2026-02-01 02:03:00
TXN_547,V2BBZA0D,51.92,35572,2026-03-17 14:39:00
TXN_2732,4JSQHW45,20.51,27420,2026-04-02 03:16:00
TXN_18,IBVBWKRP,63.39,25816,2026-01-20 17:43:00
TXN_341,80JBJFG9,106.73,21091,2026-04-22 02:58:00
TXN_3737,G9CCZR7S,18.34,21950,2026-02-24 19:56:00
TXN_715,996A1Q3W,94.59,19454,2026-01-31 15:35:00
TXN_1781,QEIW16OP,58.66,27381,2026-03-27 20:38:00
TXN_4539,99XA9WUD,14.62,42921,2026-01-20 10:18:00
TXN_2141,VNV9UAQS,13.76,45520,2026-04-07 12:18:00
TXN_4097,JHSVL65L,52.64,44573,2026-02-24 16:42:00
TXN_1297,8BVZTAR5,49.31,16354,2026-01-29 06:39:00
TXN_4947,D4W9C9OI,32.47,20507,2026-01-27 17:50:00
TXN_564,R54HE6QH,26.05,39116,2026-04-18 11:47:00
TXN_2493,NKSUNKGL,46.54,28543,2026-02-25 22:08:00
TXN_3712,8BINJ7CR,60.57,25770,2026-02-10 21:54:00
TXN_1432,R3TAGPFI,90.12,32411,2026-03-08 05:10:00
TXN_2969,5VE5O636,37.15,27027,2026-03-13 14:42:00
TXN_4901,C0TJ3LQC,32.52,39076,2026-04-03 20:39:00
TXN_4581,4ADJ1G77,41.6,25267,2026-04-05 01:36:00
TXN_4609,151B2W5B,52.88,38350,2026-03-24 20:56:00
TXN_4942,N6EJ8H14,45.58,38741,2026-01-24 23:44:00
TXN_971,64FP6EAU,64.46,37727,2026-01-19 21:42:00
TXN_1923,S82YZXQK,46.53,49331,2026-01-08 01:00:00
TXN_4012,ENE8CPOK,49.05,11946,2026-02-06 02:57:00
TXN_1592,JR8I4ZQ5,33.26,46480,2026-04-10 05:21:00
TXN_582,EO5QSZCT,18.9,10614,2026-04-15 03:09:00
TXN_2720,8FST8A53,38.09,15047,2026-04-14 11:17:00
TXN_2920,T7G7FGON,21.98,21942,2026-02-03 23:12:00
TXN_4269,LBCJ0XZ3,82.91,26635,2026-03-28 19:24:00
TXN_3217,3L8DUG29,30.96,42633,2026-04-11 04:43:00
TXN_3589,O1MF307E,34.77,19641,2026-03-16 20:00:00
TXN_3643,16IJQXJT,46.75,13456,2026-02-26 06:13:00
TXN_3740,EGSNRB64,45.79,41467,2026-02-18 15:26:00
TXN_4430,FYJ38UDO,81.57,14364,2026-03-16 03:11:00
TXN_2814,U4LO7KL5,34.64,14823,2026-03-30 03:32:00
TXN_4671,OV0AAFXR,79.3,11372,2026-01-01 23:10:00
TXN_651,UHJEOQ1V,56.09,48995,2026-03-21 23:05:00
TXN_1884,AI84E7GU,41.58,40774,2026-03-12 13:08:00
TXN_1493,PCFS8505,19.94,21021,2026-02-13 21:59:00
TXN_3498,U62Y3RG4,60.75,50166,2026-01-19 13:38:00
TXN_3935,A692XI3X,98.35,37945,2026-03-27 09:21:00
TXN_1165,33UD12KT,46.71,14543,2026-01-15 16:29:00
TXN_465,KYLHJ7NJ,32.9,18288,2026-02-09 23:23:00
TXN_531,5JDBB5GN,84.58,38178,2026-03-14 04:35:00
TXN_989,ZCF29BLI,56.5,19892,2026-01-30 10:58:00
TXN_1847,I29YSMGJ,40.93,22735,2026-02-02 20:35:00
TXN_523,GTATNDVN,37.18,31003,2026-01-30 15:12:00
TXN_2812,2QV3OGN4,106.59,16367,2026-01-01 23:57:00
TXN_3178,4S7VB4PB,38.18,24604,2026-01-04 04:35:00
TXN_579,BJ7WRQA6,31.26,39959,2026-01-07 07:04:00
TXN_2535,Q9DR7WI3,66.91,10826,2026-01-24 05:33:00
TXN_153,53FG6IYC,41.5,36166,2026-03-16 13:27:00
TXN_771,J794PQBT,77.34,10741,2026-01-21 18:23:00
TXN_2419,J9VQWGBF,69.29,34490,2026-01-07 03:03:00
TXN_1077,7K4ZB3BK,100.36,37674,2026-03-11 05:18:00
TXN_4873,7H0E0VL5,41.63,39740,2026-03-14 18:52:00
TXN_4941,6UDHQ37K,96.27,25218,2026-03-05 12:00:00
TXN_2245,CG8VA1G3,93.32,31808,2026-04-17 10:22:00
TXN_515,SF6FBMTT,44.9,23774,2026-03-29 14:04:00
TXN_3114,PHZ0MLKK,40.76,48341,2026-02-02 17:30:00
TXN_1872,DWD6YS0D,14.9,16380,2026-04-21 13:05:00
TXN_2998,OBQ7BPE2,85.31,23168,2026-02-05 17:29:00
TXN_3119,EDU7UN6E,35.23,41721,2026-01-14 16:24:00
TXN_530,T500IE5P,95.24,35666,2026-01-27 22:18:00
TXN_193,82YGNG0L,52.81,36305,2026-02-03 09:42:00
TXN_481,YJ5IDTD0,42.62,31262,2026-02-04 23:14:00
TXN_814,LSG3Y1R3,56.6,15229,2026-01-10 06:18:00
TXN_2237,YQNF528Z,61.37,35316,2026-02-22 19:48:00
TXN_749,DSVH673M,89.71,30805,2026-04-29 05:20:00
TXN_468,LFCCS73C,72.08,48492,2026-02-08 16:02:00
TXN_2495,ZYX6NPH5,46.66,35568,2026-03-03 21:18:00
TXN_4929,TUY74F1G,128.89,29293,2026-03-21 05:57:00
TXN_3351,LF0XEUQ1,90.87,16705,2026-02-04 03:35:00
TXN_3186,3FQBQCCC,22.63,41186,2026-04-12 13:47:00
TXN_1126,H3RXPT1G,76.88,30201,2026-04-27 13:07:00
TXN_3862,9132939I,76.21,34415,2026-02-09 05:06:00
TXN_86,AECMDCGE,85.98,11471,2026-01-29 03:34:00
TXN_3372,HVQMGZ2L,26.5,16586,2026-02-03 02:38:00
TXN_2202,OLEM8SVZ,19.74,16636,2026-03-04 11:06:00
TXN_745,9CL62IWH,53.99,37478,2026-03-04 15:34:00
TXN_326,8L58IQOD,37.89,15500,2026-03-23 01:42:00
TXN_4185,L2I1EPPC,21.37,27921,2026-03-14 04:54:00
TXN_3343,5OLBKJR5,62.0,21650,2026-01-01 07:13:00
TXN_3080,JVJHXGQQ,38.68,37557,2026-04-14 18:19:00
TXN_2004,9LE76D3E,63.7,44997,2026-03-07 15:26:00
TXN_4862,8G2FMN1Q,52.34,46039,2026-04-07 07:43:00
TXN_4213,JF3WX5Q1,97.93,12809,2026-01-28 11:05:00
TXN_1477,J5C69IDK,95.31,36013,2026-02-25 08:32:00
TXN_1286,X7YHFAAQ,65.18,48977,2026-03-04 21:28:00
TXN_1971,BOL0HI3F,52.08,35403,2026-04-02 00:33:00
TXN_4260,EXO7PAMA,32.53,31364,2026-04-03 08:11:00
TXN_1695,B9MZZ65D,33.45,22511,2026-03-15 22:47:00
TXN_2386,GKF8XCY5,42.47,26991,2026-04-04 01:56:00
TXN_2290,PLI79F8X,24.12,12032,2026-01-16 15:47:00
TXN_4898,F1AXGRNA,64.76,28526,2026-02-21 14:40:00
TXN_1715,PM5Q6TBD,32.23,16186,2026-01-21 09:45:00
TXN_1785,JIBA38QD,53.72,12013,2026-04-25 21:24:00
TXN_959,M3RN798U,48.03,13600,2026-04-30 01:22:00
TXN_526,35LBXEZ7,44.87,10445,2026-02-14 14:41:00
TXN_3025,PXX973ZG,81.25,23628,2026-04-14 08:54:00
TXN_2414,0K2EYYSW,65.71,22919,2026-01-08 16:08:00
TXN_2523,9KKBYS9W,66.48,21958,2026-03-27 00:03:00
TXN_1007,O8SPHOCY,15.45,20942,2026-02-15 23:13:00
TXN_4679,QL8LR2AP,69.2,48697,2026-02-24 09:58:00
TXN_1089,XNCBOAGQ,67.82,23961,2026-02-23 09:13:00
TXN_3832,GJYZQSLS,72.11,20973,2026-04-25 11:29:00
TXN_543,35WMWK2F,74.24,25070,2026-03-03 23:35:00
TXN_443,D0GBKEZ9,22.92,43745,2026-01-11 03:29:00
TXN_2262,C4HZP9WY,28.33,16696,2026-04-28 09:02:00
TXN_2377,43XG3W63,67.66,26267,2026-01-06 04:07:00
TXN_370,9DHD7S76,32.09,35793,2026-03-11 11:19:00
TXN_3166,7WUT7YP8,83.4,44771,2026-01-22 19:21:00
TXN_1711,EVCAK91D,53.74,12495,2026-04-21 07:11:00
TXN_276,C7AM2N7Z,19.22,21862,2026-03-28 16:35:00
TXN_450,852O7KKX,56.57,33168,2026-03-08 17:19:00
TXN_3949,3IA2YCLB,37.34,33849,2026-04-29 19:49:00
TXN_1631,85RKS6IW,15.15,19974,2026-01-04 10:46:00
TXN_562,J7X6I9UK,102.78,15065,2026-03-04 17:34:00
TXN_3977,ZNJYOJCQ,69.06,23727,2026-03-16 17:46:00
TXN_1779,HCDLGW8A,47.83,46358,2026-02-16 15:06:00
TXN_1033,FK2CF1TA,22.05,11627,2026-03-04 06:09:00
TXN_819,FDG0KN1B,58.88,45575,2026-03-11 09:24:00
TXN_3287,2PRXIFYT,50.02,44634,2026-02-02 12:29:00
TXN_566,E20P0KWJ,36.41,29408,2026-01-07 11:52:00
TXN_2254,RQY02S72,77.7,20869,2026-04-07 09:21:00
TXN_3763,SXPR3LSH,58.97,43458,2026-03-06 10:00:00
TXN_3749,G6B8340Y,48.95,41987,2026-02-27 19:48:00
TXN_3945,SVH0REBT,71.44,19296,2026-03-01 16:28:00
TXN_525,JA7AIAFU,75.4,27002,2026-04-24 00:29:00
TXN_522,PLDC89ME,18.19,29346,2026-01-03 17:53:00
TXN_4477,79XF5NZK,26.22,17276,2026-01-13 03:28:00
TXN_3966,QAN3K0D5,70.62,14108,2026-03-02 16:40:00
TXN_2643,LGDJ9I4B,48.68,37232,2026-04-11 03:08:00
TXN_2486,13VI4RTW,25.91,31586,2026-01-10 04:10:00
TXN_3107,9XQ77T5L,43.8,41069,2026-01-30 03:29:00
TXN_1103,CZQJWAC5,41.43,20085,2026-01-30 13:35:00
TXN_2832,PHE78X2I,59.15,10280,2026-03-03 09:19:00
TXN_4191,G3V0PM5V,74.34,46543,2026-01-23 20:27:00
TXN_2433,MZVC5OAA,57.91,48948,2026-01-23 10:32:00
TXN_4308,4PG9I93R,67.55,49071,2026-02-27 03:19:00
TXN_4409,5CLFB268,55.19,16171,2026-03-16 14:09:00
TXN_1210,CSTYDK71,69.58,30012,2026-04-17 18:37:00
TXN_3556,IVVYBYZM,48.08,29960,2026-04-01 23:21:00
TXN_4643,4VNSTXI0,39.1,21295,2026-01-13 16:01:00
TXN_4628,XLQIE5M9,72.89,20190,2026-04-27 12:55:00
TXN_4527,7K0NVCYU,50.2,20876,2026-04-06 22:25:00
TXN_739,HWSO9DPH,23.71,13253,2026-03-11 15:41:00
TXN_2456,VRAGW1PC,54.39,29649,2026-02-11 08:52:00
TXN_780,W6UJA0DS,80.03,38114,2026-05-01 10:24:00
TXN_3910,PFC31T9W,43.07,33180,2026-03-30 09:29:00
TXN_1155,QYA9WFGD,71.24,15136,2026-02-27 00:26:00
TXN_1533,LK9ZR004,34.11,41682,2026-02-04 00:44:00
TXN_1786,QAFL133V,37.23,37168,2026-03-29 22:07:00
TXN_3804,HQIO3WL7,27.24,42571,2026-03-08 13:19:00
TXN_4923,LOVL8SSK,64.8,41771,2026-02-23 12:56:00
TXN_176,Q0K6PIVG,88.92,30262,2026-04-07 21:27:00
TXN_1138,4CNM2YAV,96.36,19709,2026-02-11 10:34:00
TXN_4874,NUI3I4IK,50.31,18292,2026-03-22 14:22:00
TXN_1347,ZGU08QGV,23.28,28680,2026-04-04 04:30:00
TXN_965,KN8XNE58,57.4,17297,2026-01-16 01:19:00
TXN_1236,JMVZ7L9W,63.32,30514,2026-01-24 00:20:00
TXN_3143,FDLCXPFD,39.22,36600,2026-03-10 14:54:00
TXN_3050,LPRWQ1IH,56.89,25186,2026-01-27 19:43:00
TXN_3488,OPCO9P9R,66.56,27318,2026-04-10 18:09:00
TXN_533,50K6IH8B,16.05,31313,2026-01-05 08:07:00
TXN_441,UKW9QEVP,44.45,19492,2026-04-01 17:42:00
TXN_798,HJMZ6KK7,36.95,46693,2026-01-18 21:24:00
TXN_1050,XKVDDT08,25.81,18193,2026-03-13 13:14:00
TXN_1449,C9RNI7LW,22.56,44884,2026-01-02 12:17:00
TXN_4210,FFI7PUX8,13.82,11731,2026-03-04 23:29:00
TXN_2016,P16S3D60,87.51,42903,2026-04-13 22:18:00
TXN_2953,0QLBOKH1,58.35,15432,2026-02-15 18:25:00
TXN_4021,5S63IBEZ,45.73,47162,2026-02-07 01:52:00
TXN_1689,J6ZOF0J4,28.67,49424,2026-02-15 13:23:00
TXN_2394,HJ7KCWJT,87.44,48168,2026-04-13 07:33:00
TXN_997,22ELNCGI,40.61,46193,2026-01-27 18:36:00
TXN_433,DFX8124N,62.55,39958,2026-02-26 13:03:00
TXN_3722,3VFS52JE,24.25,32777,2026-02-19 06:54:00
TXN_3596,QULCYNCV,78.1,30551,2026-03-24 01:13:00
TXN_1003,VI5C1UGK,68.62,33486,2026-01-02 14:21:00
TXN_2393,GLX0JDUG,77.55,30210,2026-03-28 22:29:00
TXN_1306,8JYBQD3G,36.66,41687,2026-02-07 00:29:00
TXN_1928,TN8RN8CV,68.4,27004,2026-04-03 05:51:00
TXN_4846,V44MIEPW,70.24,24694,2026-04-18 01:08:00
TXN_1882,I64E78Y9,37.68,40057,2026-04-04 00:27:00
TXN_2209,D1F89GM1,79.57,27691,2026-04-03 22:16:00
TXN_33,FD1PI2TK,77.44,47839,2026-04-28 22:50:00
TXN_4310,YL27AI75,90.87,25321,2026-01-01 05:44:00
TXN_2717,I0KXJE9P,84.92,38394,2026-03-14 01:03:00
TXN_596,B5T6ANLO,91.76,27161,2026-02-28 10:42:00
TXN_316,2GHKHQSB,50.82,35683,2026-01-12 09:43:00
TXN_2944,3JZWNEDW,77.28,20646,2026-01-31 14:51:00
TXN_2701,7PQ5OS0R,32.87,49299,2026-01-26 11:18:00
TXN_4272,IHFHM0PI,69.65,14008,2026-01-25 17:53:00
TXN_4596,MX6DRLO6,38.32,11609,2026-03-17 15:48:00
TXN_4956,XGAKC0VC,53.11,17535,2026-02-17 07:31:00
TXN_1156,A46WEH0C,67.56,16579,2026-04-19 15:20:00
TXN_740,39ZJ2X5S,17.69,13967,2026-02-22 17:00:00
TXN_583,W91IDPUX,67.96,26504,2026-01-11 11:17:00
TXN_BAD_4404,INVALID_VIN,50,20000,2026-04-10 10:00:00
TXN_2160,CPG9FZKA,55.22,30653,2026-04-27 03:44:00
TXN_2067,Y1P4HLGA,57.47,20151,2026-04-10 16:04:00
TXN_4616,IG03QL7Y,54.11,29115,2026-02-05 23:53:00
TXN_3352,ZC0QHW5U,26.39,26745,2026-01-16 03:54:00
TXN_1157,UCNV2NVW,71.37,49576,2026-04-10 10:32:00
TXN_1602,YLWEX92K,48.45,28327,2026-01-06 05:13:00
TXN_2795,2Q22E3L1,12.92,28831,2026-04-07 02:23:00
TXN_1169,DHL3QTNV,76.37,22223,2026-01-27 06:00:00
TXN_1281,3QNXNZAK,88.91,28432,2026-04-09 11:53:00
TXN_606,55F72ZX4,91.34,37990,2026-03-25 02:26:00
TXN_4192,DZJX2S90,79.67,39307,2026-04-22 08:46:00
TXN_743,OHXUNWR5,52.28,23861,2026-01-26 07:01:00
TXN_794,CTHKZ4GX,19.84,10232,2026-02-14 07:53:00
TXN_3624,77E3SRXM,29.04,49849,2026-04-06 19:31:00
TXN_1903,6W6P6VCR,71.7,34046,2026-03-25 22:12:00
TXN_3413,ZI301ZUL,68.59,39044,2026-01-21 10:26:00
TXN_602,VZRCPEGU,65.12,49127,2026-01-28 05:01:00
TXN_1427,NYD6C8VX,72.25,47854,2026-03-11 08:44:00
TXN_495,5GT1B1SE,12.22,48934,2026-03-15 21:16:00
TXN_4798,7AEELMPD,49.56,35650,2026-03-23 05:36:00
TXN_4772,H0JPPKR4,24.54,39788,2026-01-21 08:21:00
TXN_1454,9V93NOVG,94.84,45108,2026-02-23 20:12:00
TXN_2993,RHGCTD9H,52.23,37594,2026-01-26 02:55:00
TXN_262,T2OH2P6Y,31.09,15048,2026-02-23 21:28:00
TXN_4624,CV175RFW,71.55,41023,2026-04-27 03:10:00
TXN_3464,QE3NDZ34,66.83,11771,2026-02-23 05:34:00
TXN_1235,44E0TG58,48.6,39955,2026-01-02 04:53:00
TXN_4580,UFVNVUEP,32.01,24670,2026-02-05 17:00:00
TXN_475,DHJESTK5,67.87,31079,2026-02-27 05:19:00
TXN_3161,5SAETMON,21.43,21455,2026-01-08 16:10:00
TXN_170,GD3THS0U,83.71,32159,2026-01-08 08:53:00
TXN_2338,ZRHB9ZOP,80.42,23801,2026-03-17 08:34:00
TXN_2312,DJTFDR6D,84.01,18067,2026-01-27 20:41:00
TXN_1883,8KTILONW,31.45,36902,2026-01-15 23:29:00
TXN_3415,JFYCBUGZ,40.68,13699,2026-01-19 05:06:00
TXN_2619,LYSH1BQ8,40.03,48723,2026-02-12 10:48:00
TXN_3249,HKDZ55EM,61.21,29336,2026-02-21 16:05:00
TXN_2586,0E3DQW9B,47.98,30572,2026-01-08 00:54:00
TXN_1181,Z3VJ9O63,36.72,24110,2026-02-24 08:41:00
TXN_4205,XA7AGMSL,41.68,12672,2026-04-25 07:57:00
TXN_978,Q44OLRTX,50.5,45191,2026-02-22 09:04:00
TXN_282,S8Q4VW4K,29.17,45442,2026-03-28 22:14:00
TXN_1587,K0H5SAOF,32.4,11715,2026-04-27 21:40:00
TXN_3628,4DLFIDAL,22.73,45560,2026-01-10 16:58:00
TXN_3304,XUBR6QWT,17.59,28260,2026-01-11 08:31:00
TXN_1910,R35YJ7AQ,107.46,28139,2026-03-03 03:15:00
TXN_4912,DO5MDICZ,80.43,23735,2026-04-07 21:25:00
TXN_1622,73R5MZHJ,101.41,28798,2026-04-16 17:30:00
TXN_2380,9PUD5VST,106.65,19565,2026-02-05 03:54:00
TXN_3616,QUAWZRNC,21.92,34769,2026-04-09 20:07:00
TXN_2656,XJT1ZNUG,75.05,13441,2026-01-08 13:36:00
TXN_2152,D5X7NMU6,37.47,30795,2026-02-20 16:20:00
TXN_3714,7ZV64SH3,24.85,31479,2026-04-24 00:47:00
TXN_3386,FUKQTSE2,62.42,12787,2026-03-13 10:17:00
TXN_1399,PFHD0XKO,77.48,14954,2026-02-28 14:27:00
TXN_1623,STKZEDWN,49.84,29120,2026-02-22 08:03:00
TXN_906,NH3OU1PT,84.77,21310,2026-03-24 16:16:00
TXN_311,IVW99L2U,78.28,36337,2026-02-06 09:44:00
TXN_1664,6QY8FPQ5,89.72,50244,2026-04-22 12:45:00
TXN_1203,2K40LU48,93.69,42843,2026-03-11 15:34:00
TXN_1071,A6EQM2LS,82.39,18763,2026-03-24 19:02:00
TXN_1866,T319AY3W,70.85,37898,2026-02-25 00:40:00
TXN_489,DI1VJCTH,30.88,18365,2026-01-22 17:26:00
TXN_3010,BYWF0MWO,43.82,12792,2026-04-29 06:42:00
TXN_3992,NUDYFVAZ,68.24,24089,2026-04-30 09:14:00
TXN_4878,WF4CS2BM,19.93,11490,2026-02-02 19:15:00
TXN_2188,YDUZMQZ4,20.0,23662,2026-03-24 16:45:00
TXN_76,A04BF39V,41.21,20286,2026-03-12 10:40:00
TXN_4418,YDC8ISKF,67.45,43135,2026-04-26 05:22:00
TXN_4212,A6NU61OL,99.48,11309,2026-03-16 23:33:00
TXN_2807,MNR4BZMP,72.02,16533,2026-01-06 14:18:00
TXN_1408,B8K1Q307,35.8,41477,2026-05-01 21:47:00
TXN_871,CXA1QX9N,29.79,44946,2026-03-17 20:00:00
TXN_4202,MVDNOBKE,32.17,13639,2026-05-01 20:39:00
TXN_3928,EX34AM11,-10,41401,2026-04-30 13:45:00
TXN_4570,BR2TVXDP,47.51,11649,2026-04-09 21:57:00
TXN_4963,S8RLFMNP,87.78,17951,2026-03-24 23:38:00
TXN_402,TJJNKXRA,47.62,19850,2026-02-14 07:08:00
TXN_3889,N98XMXUN,47.07,30367,2026-04-14 04:19:00
TXN_4665,ELNLJ3G6,20.87,23208,2026-04-06 10:32:00
TXN_3375,HJIMGEFE,40.57,12071,2026-01-23 12:55:00
TXN_3335,WUGL80WN,102.77,35135,2026-04-22 10:26:00
TXN_1173,Y2W2KORH,44.49,37611,2026-03-19 13:15:00
TXN_2691,291GXJVS,24.2,14681,2026-04-13 07:02:00
TXN_1654,BWDPXTET,62.66,22697,2026-01-21 08:30:00
TXN_182,RWIS9W92,48.69,12856,2026-02-20 08:19:00
TXN_247,GOR10I9L,37.66,50021,2026-01-29 20:16:00
TXN_4357,DN5XXQHX,44.88,34207,2026-02-11 07:03:00
TXN_764,0SH09M7O,,42593,2026-02-17 05:26:00
TXN_2648,T0UQT3YY,29.1,11263,2026-03-06 23:51:00
TXN_4578,SD17FD9U,107.75,30771,2026-03-01 23:32:00
TXN_613,NY6N0W6K,57.5,42218,2026-02-06 13:18:00
TXN_1659,UL7WMCOI,86.91,28807,2026-04-05 14:37:00
TXN_2099,QOBC5Z6T,48.51,39234,2026-02-01 16:49:00
TXN_279,XTCLLWQP,13.36,15994,2026-01-10 11:00:00
TXN_1105,F7IIDO6D,74.02,40323,2026-03-09 12:24:00
TXN_3454,C0753QP8,44.86,21903,2026-03-09 00:47:00
TXN_958,VRQBA0TL,36.0,40895,2026-02-18 06:39:00
TXN_4865,HIF4HGLB,80.88,19351,2026-04-03 17:40:00
TXN_1972,RNW6OW8O,52.13,16037,2026-04-21 23:43:00
TXN_3076,3PKEH4XN,43.74,14425,2026-03-12 09:31:00
TXN_2211,21GGFZWU,34.77,17964,2026-02-07 15:13:00
TXN_4737,XSHWZTHX,31.26,29273,2026-01-13 13:32:00
TXN_171,25A8AD1U,52.1,22162,2026-01-12 05:30:00
TXN_4336,7VWSU7FU,24.13,16893,2026-02-18 11:04:00
TXN_1188,VCSF1DNX,23.32,34519,2026-01-05 11:17:00
TXN_1118,W8FKHV10,35.04,46482,2026-03-28 18:21:00
TXN_4987,YFE39IW0,81.88,13709,2026-01-25 15:16:00
TXN_2849,E8JI9Q9R,38.49,40263,2026-03-09 17:31:00
TXN_1807,GJWFTZOR,51.42,26411,2026-03-01 07:42:00
TXN_3194,TUJFSB3O,29.74,35899,2026-01-08 12:01:00
TXN_3656,Y00EX5EA,30.63,19178,2026-03-21 04:42:00
TXN_3483,EWLXM5XZ,89.84,32369,2026-02-07 17:37:00
TXN_2465,D1SLZVD5,98.38,19813,2026-01-19 23:16:00
TXN_2135,2KYL30KU,32.16,43071,2026-03-15 17:40:00
TXN_3177,WDGSENSI,16.46,12156,2026-03-12 06:11:00
TXN_78,Y3KRN526,64.31,12347,2026-03-16 22:44:00
TXN_4457,Y8TCO2U4,52.04,31698,2026-02-25 21:17:00
TXN_3376,T0PZKNEZ,78.7,43782,2026-03-09 09:04:00
TXN_510,N8XYVGHQ,81.18,41982,2026-02-20 10:55:00
TXN_3054,428WWPUS,60.14,24935,2026-02-04 08:39:00
TXN_1394,LIXTBYQU,22.36,49213,2026-03-11 18:18:00
TXN_4986,CGE81JEN,56.37,20157,2026-03-08 19:36:00
TXN_1292,IATXMX1C,62.35,43264,2026-04-17 11:41:00
TXN_1740,GHYNKLUG,31.8,19719,2026-02-03 10:40:00
TXN_3831,OQJW0D8Z,50.01,44523,2026-01-05 21:40:00
TXN_1620,T9FXVNWU,34.51,41407,2026-03-08 00:03:00
TXN_4902,1CMWNRWV,91.77,46632,2026-03-29 08:39:00
TXN_873,8AT9LMUU,25.83,25131,2026-01-25 06:46:00
TXN_1529,YWNXU3TJ,54.12,43393,2026-03-25 19:35:00
TXN_3262,X9EZNB48,29.8,34821,2026-03-28 20:30:00
TXN_2595,63RWO0IY,43.02,19567,2026-03-14 03:32:00
TXN_3271,CK2B0OW6,51.26,42102,2026-03-30 13:40:00
TXN_3345,K6A339W9,46.91,17890,2026-04-26 01:39:00
TXN_173,HO4Q2SUO,21.35,46858,2026-02-06 21:11:00
TXN_2070,HGLTPBN3,44.35,24300,2026-02-26 12:51:00
TXN_1557,X6XUOHT3,45.67,43054,2026-02-26 03:36:00
TXN_1656,FOUY3QT7,22.57,15587,2026-04-24 17:56:00
TXN_4993,XTSH5X5O,22.19,42880,2026-04-27 12:05:00
TXN_769,FPD4PMFD,68.14,15188,2026-03-18 00:26:00
TXN_4208,RFM24HVJ,62.42,12223,2026-01-30 06:56:00
TXN_117,IHNP2MQD,57.21,20124,2026-02-07 19:59:00
TXN_2797,YMLBGD4W,39.61,42098,2026-02-21 08:33:00
TXN_2894,25CGJOYQ,65.83,38146,2026-01-22 15:38:00
TXN_144,KE0EP3PB,46.11,38862,2026-01-02 20:36:00
TXN_3602,30M8GV4T,70.52,47254,2026-02-23 18:35:00
TXN_4835,JJAFHQTV,80.83,46381,2026-03-08 05:08:00
TXN_2068,3M4SZQAK,93.38,43390,2026-03-02 14:05:00
TXN_330,PEE1FIE6,21.39,30020,2026-03-25 06:17:00
TXN_4934,H32ORTOR,41.42,46973,2026-04-02 14:31:00
TXN_3333,HLUKWGGU,19.26,41574,2026-03-09 09:34:00
TXN_2063,K000Z2FP,82.35,37824,2026-04-12 05:51:00
TXN_3514,1FYJJXEQ,22.36,30043,2026-01-04 00:44:00
TXN_654,E2I3RVVO,77.98,19578,2026-02-28 00:51:00
TXN_353,K71ODR3V,59.51,44344,2026-02-15 10:18:00
TXN_1469,58ASQDQH,21.44,16492,2026-02-26 14:03:00
TXN_3649,ZNFY6G1Y,56.28,23923,2026-02-24 23:38:00
TXN_1978,46KLZOOQ,65.06,34576,2026-03-01 13:02:00
TXN_2420,PX0TFDPQ,19.21,47960,2026-04-27 21:05:00
TXN_2009,I3DDFLI4,28.96,18325,2026-04-13 23:23:00
TXN_915,8F3S1T9A,48.44,38019,2026-02-23 07:41:00
TXN_3397,99HZTKW6,75.86,28580,2026-01-13 12:50:00
TXN_491,CYBVMI3G,73.03,34251,2026-02-22 07:56:00
TXN_3221,ZTECB6GI,33.98,26942,2026-03-17 15:22:00
TXN_1727,8NHDPD8A,48.07,14624,2026-01-24 16:37:00
TXN_3706,R5FMGKKV,53.96,23816,2026-03-09 04:16:00
TXN_380,NPIYU11Q,54.69,10635,2026-03-17 23:04:00
TXN_1624,3CXVZP2N,56.18,11064,2026-02-22 18:02:00
TXN_121,LARKZ41D,69.77,27469,2026-03-14 14:56:00
TXN_7,WE5PAFWI,67.71,29180,2026-03-12 05:20:00
TXN_4783,I0KYFHRA,20.7,13435,2026-04-27 14:06:00
TXN_1823,ACGYGSHA,44.47,31845,2026-03-15 03:12:00
TXN_2210,55RU0NZQ,107.74,20041,2026-03-09 23:23:00
TXN_4654,ERA7I9VK,57.02,36547,2026-01-31 02:32:00
TXN_864,XY7KICXL,0,28102,2026-01-25 07:52:00
TXN_4838,17MXJU3V,41.51,32697,2026-04-17 14:26:00
TXN_1699,N28N40YA,56.93,39655,2026-02-24 00:55:00
TXN_4876,GW6F700H,29.72,29109,2026-04-29 19:26:00
TXN_4199,I22MLJFG,26.65,40365,2026-04-18 08:10:00
TXN_1186,J0GP006C,70.03,18709,2026-04-18 19:29:00
TXN_973,36Y4DNA0,85.62,36677,2026-01-14 01:05:00
TXN_195,VSUKXK63,72.37,14707,2026-02-27 09:59:00
TXN_1556,TK2KFDSN,50.87,33871,2026-01-02 22:57:00
TXN_746,KT9PNW4M,73.21,24636,2026-02-13 15:02:00
TXN_3564,AG8U59IW,33.8,35403,2026-02-27 00:57:00
TXN_551,APACXKGC,60.6,14963,2026-01-18 23:06:00
TXN_1144,ZZPFENXY,29.52,32084,2026-01-30 07:55:00
TXN_3532,KNJZT3EY,43.35,47066,2026-03-18 07:26:00
TXN_661,Y371UENB,21.19,36853,2026-01-28 09:00:00
TXN_4455,Q3OIO3ME,63.69,11779,2026-01-05 19:23:00
TXN_3373,0ZNDSW0M,22.31,26028,2026-03-16 16:03:00
TXN_3716,DIAFFA0X,37.93,34294,2026-03-12 14:54:00
TXN_2018,CKJL8IWG,92.37,37711,2026-02-12 20:23:00
TXN_361,4JAW4RID,39.2,16025,2026-02-19 01:26:00
TXN_2499,RXJ3EONX,46.22,22761,2026-03-21 04:02:00
TXN_4378,6J8ZFBMG,58.57,17733,2026-01-30 13:44:00
TXN_4030,1MRUNCF2,57.32,36086,2026-02-05 09:47:00
TXN_3410,85M8W09V,56.32,41399,2026-03-02 10:16:00
TXN_4907,VTL645IR,59.73,27150,2026-02-12 13:28:00
TXN_2966,TSQACZS7,50.13,22476,2026-04-30 16:36:00
TXN_BAD_8263,INVALID_VIN,50,20000,2026-04-10 10:00:00
TXN_945,BERJPF3E,51.12,23852,2026-04-16 16:33:00
TXN_714,5OU98WUY,63.82,47279,2026-03-09 06:35:00
TXN_4590,TPZGTF4E,77.68,39797,2026-03-24 11:27:00
TXN_3598,PA5A9CQO,43.69,29043,2026-03-10 11:45:00
TXN_3308,UP95DSZB,74.2,18561,2026-04-18 06:52:00
TXN_2705,8UV9DSEK,26.8,14185,2026-05-01 15:50:00
TXN_2759,DEPUQ1X2,26.67,13732,2026-04-12 03:19:00
TXN_656,U2RHAAQT,85.38,19557,2026-01-14 23:53:00
TXN_2870,I1B83ULJ,51.2,17955,2026-04-05 04:53:00
TXN_713,BGXYD6GF,65.09,46253,2026-02-11 13:22:00
TXN_1496,2LBBMS6Y,0,14978,2026-03-26 00:12:00
TXN_1474,Q9OT0MOK,63.96,12298,2026-02-26 06:52:00
TXN_360,S42D3105,38.05,44434,2026-03-01 10:30:00
TXN_2624,Y717J7A3,35.43,37388,2026-03-05 01:43:00
TXN_4229,3BHWPBKE,49.88,10875,2026-05-01 10:59:00
TXN_1703,74HTCEHB,36.08,20513,2026-01-31 05:01:00
TXN_3595,NASE6BOV,17.71,44287,2026-04-12 17:06:00
TXN_795,QDD4U2RH,36.38,30557,2026-04-13 05:29:00
TXN_2863,KDY02BA1,63.58,25552,2026-04-17 04:51:00
TXN_1314,ILPTFLYY,51.52,45399,2026-02-22 18:17:00
TXN_3554,PXZOAYAY,37.65,15509,2026-03-14 14:34:00
TXN_4525,RWP3NTMY,81.45,12260,2026-01-18 23:48:00
TXN_3988,LPATRWNT,32.16,12711,2026-01-26 09:35:00
TXN_1241,W1QOO0C9,32.48,12412,2026-03-27 13:34:00
TXN_154,2R53KOET,21.94,49087,2026-02-15 06:19:00
TXN_808,XNUBHO3E,58.7,29191,2026-01-30 15:54:00
TXN_2735,4UMRII3O,30.78,24281,2026-04-02 13:14:00
TXN_469,M9OMZEU6,95.76,25953,2026-02-22 05:33:00
TXN_4842,1GP6225O,0,41347,2026-01-17 21:41:00
TXN_631,ZSKHKXQU,49.31,15577,2026-01-23 18:45:00
TXN_3856,RTA9YURY,67.45,50030,2026-02-24 14:27:00
TXN_974,YG2YFA6A,68.27,37575,2026-04-21 03:26:00
TXN_872,4KRO5S7C,19.76,49388,2026-01-22 00:50:00
TXN_1601,2W2XPT7I,34.09,42991,2026-03-24 00:54:00
TXN_1683,G16ZCOMZ,29.04,28749,2026-03-09 23:48:00
TXN_3222,P3QKR41W,48.29,40570,2026-01-01 22:14:00
TXN_4424,FJ28U6HB,89.88,18154,2026-01-25 15:53:00
TXN_682,MJSCKS0N,87.96,26948,2026-04-06 19:49:00
TXN_1068,ZBD9Y375,53.65,31998,2026-02-19 08:43:00
TXN_1204,9G4I6Q5A,29.84,20229,2026-02-28 14:21:00
TXN_3969,5IOZJQN9,92.24,43809,2026-01-01 12:39:00
TXN_167,6U1S8AM5,51.76,31298,2026-04-24 11:02:00
TXN_131,I0KN7TGK,22.34,26099,2026-04-29 07:35:00
TXN_3902,QIAXW6V9,53.8,31321,2026-01-02 13:05:00
TXN_3585,FXIZ6TCB,78.66,48495,2026-01-22 04:35:00
TXN_2782,28TK048Z,32.7,33125,2026-02-21 00:54:00
TXN_1520,H584C3Q1,43.02,44968,2026-04-16 08:13:00
TXN_2530,Z2VZTJ5Q,60.95,20210,2026-04-16 19:40:00
TXN_2085,Z08NO7XN,36.55,36745,2026-03-24 01:29:00
TXN_3610,NJHCKR0F,65.52,19306,2026-02-16 07:54:00
TXN_813,OAJBFTCO,38.77,23536,2026-04-24 18:45:00
TXN_569,65YCIKZC,31.76,24112,2026-02-15 07:37:00
TXN_2027,RO0GT8I4,74.77,38338,2026-04-10 07:00:00
TXN_532,D6W44OOO,42.79,47220,2026-02-09 19:46:00
TXN_1060,QKWAKS1W,54.29,29233,2026-04-11 16:32:00
TXN_3650,YRVWBVDT,46.21,38940,2026-03-13 06:37:00
TXN_1863,YP9NXGYK,57.04,42671,2026-02-03 02:42:00
TXN_3806,2ZOSU8H9,51.05,28716,2026-04-08 10:42:00
TXN_2548,JNOE07VU,35.6,48838,2026-04-03 14:50:00
TXN_4917,JDOPYX9N,35.38,40901,2026-02-09 05:50:00
TXN_1580,OE3KF9HG,80.45,40909,2026-04-02 05:32:00
TXN_1431,KDIMQQGT,44.7,35594,2026-04-23 10:54:00
TXN_1023,XPTV1KG9,13.06,47663,2026-02-09 06:03:00
TXN_44,AV9KC9YQ,49.03,28278,2026-04-24 21:10:00
TXN_1228,TBZ99V0W,18.11,49153,2026-02-14 04:15:00
TXN_753,M1NEINWG,89.71,25569,2026-03-07 02:06:00
TXN_1657,Y4L85BQ0,19.69,30072,2026-01-01 08:44:00
TXN_1183,1ZJDVVX4,49.95,44351,2026-02-28 22:39:00
TXN_2328,SRKXWL7E,80.41,12279,2026-04-16 12:35:00
TXN_1242,ET4DY86E,18.92,35893,2026-03-10 11:46:00
TXN_732,4UEPAI7V,46.07,45198,2026-01-20 04:28:00
TXN_932,6JU856Y2,40.9,15037,2026-04-18 02:04:00
TXN_1346,VMF2NCHQ,70.19,20445,2026-03-01 20:22:00
TXN_284,WGVSSIGE,28.99,48721,2026-03-03 14:39:00
TXN_3632,A53C942E,27.6,27914,2026-04-27 10:12:00
TXN_334,JOKC9HHY,94.72,17683,2026-01-02 20:11:00
TXN_667,GCL6OMFJ,29.56,44870,2026-03-09 06:11:00
TXN_1974,A9FOUCS9,70.21,42706,2026-03-31 21:14:00
TXN_2000,W8I7EO1N,76.63,21733,2026-02-28 12:50:00
TXN_4899,OKPA9UZF,55.53,14804,2026-04-08 14:48:00
TXN_4279,BKJYKHQU,44.44,19067,2026-01-20 23:31:00
TXN_744,LCW12ZA2,34.7,45175,2026-01-25 20:47:00
TXN_2776,RWETRJ57,53.6,45973,2026-02-03 23:20:00
TXN_4988,0X63HJ9W,26.66,29476,2026-01-01 10:21:00
TXN_904,VJC7BWPZ,38.12,37221,2026-04-28 02:23:00
TXN_4870,AML3W8QS,19.07,11276,2026-03-15 01:29:00
TXN_1516,IYJNLQJ3,86.51,34091,2026-01-12 22:23:00
TXN_4703,HN5012QC,64.41,32359,2026-02-03 07:43:00
TXN_1860,D9KIKXW7,32.15,16544,2026-04-21 12:14:00
TXN_12,W0ZCD1RN,37.53,18475,2026-03-01 10:47:00
TXN_4964,LYD8SLRE,104.67,32796,2026-04-17 22:47:00
TXN_2973,2KYALZNK,33.08,49984,2026-01-02 13:33:00
TXN_3465,8QIUVRK4,37.73,47947,2026-03-20 01:19:00
TXN_1913,JR3OEUH8,45.74,16720,2026-02-21 11:41:00
TXN_3044,1G8UNZB6,85.31,11150,2026-02-16 09:29:00
TXN_1946,1ML1GG46,36.2,12154,2026-04-06 15:23:00
TXN_1838,C02NGXBI,46.78,48368,2026-04-08 19:34:00
TXN_3052,5JX2XLBI,42.9,46519,2026-01-09 21:29:00
TXN_2498,YVRGOXAD,61.34,47035,2026-04-20 20:00:00
TXN_1534,86FF7J62,85.05,31011,2026-03-26 13:00:00
TXN_1890,WKS7F15N,40.35,30568,2026-04-04 06:03:00
TXN_3353,UD1APSOS,59.49,38408,2026-01-22 22:01:00
TXN_636,BWMX1DPB,43.09,26108,2026-03-15 04:59:00
TXN_405,YZZH7604,48.17,16646,2026-02-18 11:28:00
TXN_4824,ES9ZORIU,71.97,44817,2026-04-13 09:55:00
TXN_4751,GESI3QBD,76.58,41844,2026-03-26 04:13:00
TXN_680,PZGKEU94,77.74,35361,2026-01-28 23:08:00
TXN_949,9UWZ349W,53.37,27365,2026-02-23 15:33:00
TXN_449,6P9BYCF6,22.4,48640,2026-03-24 17:13:00
TXN_114,Z3J0VA02,123.4,29055,2026-03-18 03:25:00
TXN_870,W6QRSSJX,92.27,16385,2026-02-26 18:38:00
TXN_3719,E8P88LPZ,52.24,19837,2026-01-18 09:03:00
TXN_3246,FSWLAPY1,48.65,43517,2026-04-14 03:17:00
TXN_324,03K1TXAA,83.51,28085,2026-02-07 00:46:00
TXN_1850,YJBBA9VD,63.84,46217,2026-03-15 04:56:00
TXN_1039,7116XKZ9,68.36,49057,2026-05-01 22:38:00
TXN_3877,THZM3R2D,46.61,39092,2026-04-21 09:18:00
TXN_3185,1WTSN473,42.97,40107,2026-04-27 00:28:00
TXN_3163,74PD4IJV,73.1,49603,2026-02-05 01:33:00
TXN_615,19ZY0QIR,51.47,40047,2026-04-23 05:35:00
TXN_1475,Z7YG0ZES,58.03,22531,2026-04-03 21:24:00
TXN_4009,A8XFWS08,60.21,35448,2026-03-02 22:27:00
TXN_3996,X55NUMGB,82.38,28799,2026-03-17 19:18:00
TXN_4793,3IKPVXT1,24.9,30081,2026-03-15 17:20:00
TXN_2962,RZJBSIBZ,42.77,23547,2026-04-19 17:54:00
TXN_629,XERB0R6K,64.06,44171,2026-02-26 15:12:00
TXN_4207,PFE9GYCC,53.88,27069,2026-01-11 04:41:00
TXN_3952,WSFEOAS3,63.81,22938,2026-02-03 06:31:00
TXN_407,HSNRINNO,23.95,19620,2026-04-21 09:36:00
TXN_877,4N2CK9XF,31.23,17265,2026-02-09 22:38:00
TXN_4121,6S1UTVV7,63.64,24530,2026-02-15 02:25:00
TXN_4170,XYZ0CTBD,84.71,19457,2026-04-18 05:12:00
TXN_2137,BTRLOUDV,30.08,40991,2026-02-20 18:36:00
TXN_3035,1S4O883T,83.19,25549,2026-02-23 00:53:00
TXN_4699,4FQKSUJN,79.1,34221,2026-03-25 17:08:00
TXN_3690,GY384ITA,41.57,37675,2026-03-01 23:29:00
TXN_BAD_2303,INVALID_VIN,50,20000,2026-04-10 10:00:00
TXN_3501,6ZOTAIMD,57.01,23622,2026-01-10 10:34:00
TXN_4887,LOJBNOTU,54.61,25394,2026-04-07 13:38:00
TXN_218,GK9LUF4V,17.85,15897,2026-01-26 13:50:00
TXN_3571,RWDA01I3,64.74,49626,2026-01-05 05:28:00
TXN_1511,2TAYHRHU,30.84,17965,2026-01-28 04:41:00
TXN_1467,A0VNG6BA,58.01,30788,2026-02-13 12:44:00
TXN_1411,WGL77WHW,51.04,10372,2026-04-18 15:25:00
TXN_1255,09ZOQJ8M,91.5,45548,2026-04-13 05:52:00
TXN_2118,U78QDGZI,68.59,48044,2026-03-24 10:59:00
TXN_198,XGG08XYU,43.26,33929,2026-01-12 09:14:00
TXN_89,WKEFL1NH,54.6,46101,2026-02-13 02:09:00
TXN_2875,XZGI5BS1,120.78,46963,2026-04-30 03:11:00
TXN_1702,ISI48YRB,35.63,41364,2026-04-11 08:44:00
TXN_4388,YCV6YQV6,35.66,21342,2026-01-11 03:22:00
TXN_487,603DNKLS,69.19,22849,2026-04-25 00:05:00
TXN_385,VFEODNAU,52.49,36083,2026-04-24 15:39:00
TXN_2497,BTCG2NGF,59.41,26886,2026-01-01 15:44:00
TXN_4989,1GO8A8NJ,46.81,30068,2026-04-15 20:01:00
TXN_2031,0LT3ZMYU,86.71,49850,2026-04-20 20:36:00
TXN_291,X14OHBLN,99.08,25351,2026-01-16 05:15:00
TXN_4081,USH5X9I7,62.31,31480,2026-03-07 20:20:00
TXN_3131,3K7YRG7T,58.96,50346,2026-04-17 04:29:00
TXN_115,XUYRK5GX,91.71,16195,2026-01-04 14:45:00
TXN_3917,J6TIYFMK,59.96,31994,2026-03-29 18:54:00
TXN_3789,5E3M5UDT,37.96,25902,2026-03-11 12:13:00
TXN_3234,M0TAHDV6,36.31,36319,2026-03-03 23:20:00
TXN_2413,RIQJ135F,49.1,11123,2026-01-23 00:59:00
TXN_83,VXRZVA4V,51.23,35094,2026-04-04 19:58:00
TXN_2990,X5ZTJ7DO,83.94,32177,2026-04-25 12:12:00
TXN_557,HIVRARXG,77.88,36105,2026-03-31 13:03:00
TXN_1146,QGEG6000,26.37,31385,2026-03-08 11:40:00
TXN_2340,Y4DGB264,18.17,24302,2026-01-17 22:27:00
TXN_1918,9O98QNQG,79.07,32701,2026-02-23 11:21:00
TXN_59,QJNPPSHA,43.69,20096,2026-04-15 03:53:00
TXN_2584,LBR96EUG,78.19,37432,2026-01-11 14:13:00
TXN_1783,9X1WMCNQ,42.31,37269,2026-02-23 05:05:00
TXN_425,L1TP9MXI,44.38,43138,2026-04-22 01:56:00
TXN_3802,MJLRXPMC,37.71,24630,2026-04-02 19:11:00
TXN_310,SC0TS39R,39.3,45329,2026-02-08 23:49:00
TXN_3459,4IUWKIQK,37.74,19414,2026-02-26 00:14:00
TXN_2512,CZE7MWJI,52.0,36493,2026-02-24 23:39:00
TXN_3423,H3F527CR,46.7,45296,2026-01-08 06:10:00
TXN_3275,VZOP0JMH,33.38,31086,2026-04-01 12:53:00
TXN_766,15D3SGSA,66.45,10584,2026-01-28 11:05:00
TXN_148,MUAE2L1B,28.45,17762,2026-01-06 17:48:00
TXN_1443,OHE9LTBD,29.69,34173,2026-04-17 01:52:00
TXN_3428,EH1E3971,22.19,48499,2026-02-28 21:33:00
TXN_2045,9W4E3162,85.96,49301,2026-01-17 15:27:00
TXN_1582,D1QK3FWE,34.37,46378,2026-03-01 10:41:00
TXN_1648,BIJEVFV8,21.42,24357,2026-02-26 18:35:00
TXN_4776,D2HYNT2Z,22.63,30783,2026-01-31 09:39:00
TXN_32,N70UL1R3,36.62,25852,2026-01-26 12:54:00
TXN_2534,59JTNGX5,21.9,47243,2026-04-22 00:31:00
TXN_2961,VHM2LVV8,49.89,18333,2026-02-22 09:25:00
TXN_1690,O1F3HQB9,26.66,38759,2026-01-20 16:52:00
TXN_3871,9D1LMW0E,62.22,14784,2026-01-07 00:56:00
TXN_290,MAIJRYDK,85.87,19838,2026-01-19 04:00:00
TXN_3688,1YJU257A,50.06,23808,2026-03-30 00:16:00
TXN_1752,BH6RC33D,13.5,33498,2026-03-17 15:01:00
TXN_45,9NPW3QYJ,66.29,21616,2026-03-15 11:08:00
TXN_3156,WA0D694J,52.76,22575,2026-01-16 12:16:00
TXN_1503,NFFCI4PN,73.17,49610,2026-01-16 01:53:00
TXN_1073,I8Y7QQLP,53.96,23817,2026-01-07 00:08:00
TXN_4394,X1GX6F2C,39.69,15679,2026-03-13 10:45:00
TXN_3579,MZFK7LVV,71.75,48359,2026-03-25 04:42:00
TXN_3489,N56SCXJ7,44.5,14316,2026-03-19 23:01:00
TXN_4635,XOUPUC40,70.17,15247,2026-03-08 22:32:00
TXN_2696,AJT3UW2M,34.41,27522,2026-01-03 11:01:00
TXN_3006,HUHW1ERM,83.41,22559,2026-01-26 21:31:00
TXN_BAD_8894,INVALID_VIN,50,20000,2026-04-10 10:00:00
TXN_1497,MID4HK69,28.47,21819,2026-03-06 11:27:00
TXN_3925,V379JCTS,47.07,18763,2026-02-02 13:06:00
TXN_1824,6GTWFBG1,47.87,16409,2026-03-02 19:06:00
TXN_681,QCSQKE7A,82.74,31838,2026-02-19 15:52:00
TXN_2857,BHS7PKN3,91.4,39812,2026-01-30 00:10:00
TXN_1020,V20SQNVI,58.71,35399,2026-04-12 14:58:00
TXN_3672,5MQFS144,25.4,21628,2026-02-24 12:40:00
TXN_1933,ZJE9V2RP,38.61,12487,2026-01-28 02:36:00
TXN_1222,RCCZ3RC2,41.37,15945,2026-02-16 01:17:00
TXN_4074,0WQR4LJ2,56.18,29903,2026-04-16 09:59:00
TXN_3779,1OO90OWY,23.34,49324,2026-02-09 05:42:00
TXN_2642,WRR1ECL9,42.36,31448,2026-01-30 14:50:00
TXN_1067,M6GMSGPD,61.82,22483,2026-04-27 04:52:00
TXN_2901,IOOR705V,75.83,16540,2026-03-01 00:37:00
TXN_607,53YWE2IQ,46.41,11813,2026-04-03 04:06:00
TXN_2551,17GHXX81,30.75,13985,2026-04-05 09:01:00
TXN_4863,VGG0XRBF,83.02,15113,2026-04-05 09:20:00
TXN_818,9NNZMXVN,80.64,32854,2026-01-15 17:43:00
TXN_4739,78KFSLTN,29.96,47458,2026-03-08 20:48:00
TXN_2613,73K3R12B,14.75,29057,2026-04-09 09:05:00
TXN_3233,GA4HP00Z,60.05,49382,2026-04-03 06:22:00
TXN_1692,BCEEGTGW,27.79,46193,2026-01-30 00:12:00
TXN_1153,3BWCRWAL,79.94,46847,2026-02-01 03:15:00
TXN_4061,SQSP92HV,82.99,25464,2026-03-20 14:47:00
TXN_1525,SYIY751P,50.88,15279,2026-02-15 07:56:00
TXN_4008,JNXU1NS4,26.36,37736,2026-04-19 02:39:00
TXN_473,IILBAUBR,85.18,39446,2026-02-27 23:02:00
TXN_3307,V0W32ODN,78.43,40072,2026-03-29 07:30:00
TXN_1082,AAXFKADG,38.31,33122,2026-01-13 08:48:00
TXN_4358,FL986QG2,92.9,28192,2026-04-12 02:45:00
TXN_3462,DF82WL6B,94.38,25234,2026-04-23 01:36:00
TXN_1583,CRPC6ZED,95.96,18001,2026-02-22 23:22:00
TXN_3517,7WOGCLI8,52.2,49580,2026-02-14 03:46:00
TXN_4131,IY6HPYYR,78.91,14516,2026-02-23 14:06:00
TXN_1158,X3EKR1WW,38.3,23035,2026-01-11 19:09:00
TXN_2140,5JRZ55J0,74.65,22951,2026-04-07 20:08:00
TXN_1320,QZ56LXG8,59.93,24197,2026-01-16 08:42:00
TXN_2293,9OP6N2RE,14.89,42492,2026-02-16 09:08:00
TXN_4676,9Z4ODP2G,50.86,43109,2026-01-14 00:35:00
TXN_3530,2OE84XV3,20.75,34770,2026-03-16 04:31:00
TXN_620,VCLCNFMF,63.32,13453,2026-02-07 12:40:00
TXN_1358,MZZHO088,25.24,35133,2026-04-06 16:29:00
TXN_1317,90TDLX01,23.93,33282,2026-04-11 22:07:00
TXN_1639,AJQRH5Q1,28.42,35998,2026-03-23 04:48:00
TXN_2785,XU84TPX3,42.52,45036,2026-02-16 07:58:00
TXN_665,4DS4OVBW,58.95,29863,2026-03-13 07:49:00
TXN_1218,UADMTWK9,66.67,22443,2026-04-23 00:58:00
TXN_2129,1EXRBORR,47.06,40516,2026-01-26 22:26:00
TXN_1024,BQZ2K67U,39.68,23680,2026-02-08 10:17:00
TXN_796,1M2DBZU7,54.08,40959,2026-02-06 03:41:00
TXN_2972,DOZN0QYW,32.48,42624,2026-02-27 20:38:00
TXN_4482,UGR8WOE3,92.06,17022,2026-03-22 00:49:00
TXN_1581,6NZUOXH4,31.23,12304,2026-03-25 23:55:00
TXN_3984,QIKE6PCJ,81.31,28295,2026-03-20 15:53:00
TXN_4638,RT25F8LT,29.88,16996,2026-03-16 15:50:00
TXN_3717,7VG8OEXS,31.81,25224,2026-01-18 06:11:00
TXN_2163,OWFKZ6BB,42.84,41795,2026-01-13 04:27:00
TXN_4266,RUAHZSI9,74.4,16123,2026-04-02 13:50:00
TXN_1611,2Y5SZWN2,58.95,34195,2026-04-22 10:58:00
TXN_599,OZ0HIHZO,44.34,21414,2026-02-15 04:59:00
TXN_4682,UGAAIVA3,95.69,45668,2026-02-11 01:39:00
TXN_1867,83WEBW2X,38.6,10445,2026-04-16 02:02:00
TXN_640,8ND8IP9C,81.91,21353,2026-02-05 21:43:00
TXN_600,NWP27MVB,65.11,25106,2026-02-08 06:58:00
TXN_3815,GQYUF578,17.84,16805,2026-01-16 18:56:00
TXN_3155,NA2LNMUB,73.7,46303,2026-01-18 01:33:00
TXN_595,HNOWJJTN,53.82,12267,2026-01-09 01:52:00
TXN_2909,8TI7ZQ4P,80.22,27335,2026-03-15 10:42:00
TXN_4005,XNUZKOG8,68.51,47968,2026-01-27 11:04:00
TXN_3953,PVZJS21E,20.36,20817,2026-04-06 22:57:00
TXN_1107,XMW4GOXP,58.22,22042,2026-02-10 03:01:00
TXN_2519,B1KNQIVZ,62.85,30042,2026-01-27 05:16:00
TXN_860,PC6BQ29P,17.36,24665,2026-01-18 17:37:00
TXN_399,4EI1F76W,52.02,48107,2026-02-13 00:29:00
TXN_2431,747R265L,17.97,22885,2026-01-18 14:23:00
TXN_460,371ZKCWD,30.17,30680,2026-03-20 23:24:00
TXN_2682,5BU7N09I,15.07,15146,2026-01-26 15:09:00
TXN_4100,LLS82A0X,65.91,34675,2026-03-26 20:14:00
TXN_3521,2RWSCBWT,38.85,40643,2026-01-22 00:56:00
TXN_1894,0S02QUVW,36.1,43635,2026-03-15 16:40:00
TXN_4579,101JYIU5,79.22,30364,2026-04-18 15:23:00
TXN_1259,P6FMW4SS,63.98,43457,2026-02-18 02:09:00
TXN_4754,0F57RKV9,51.0,26833,2026-04-27 03:32:00
TXN_1148,X6RRKBJA,71.67,20019,2026-03-19 07:58:00
TXN_993,O9ULBL6T,115.06,25642,2026-01-01 05:12:00
TXN_1028,6RH40FY7,60.29,36605,2026-02-05 17:45:00
TXN_3049,L8ORX1C1,42.14,16613,2026-03-11 19:49:00
TXN_936,HOZTJBKY,68.92,39980,2026-02-08 18:39:00
TXN_2309,FSTI1F3N,21.45,26028,2026-03-24 07:40:00
TXN_1617,LHLEVUES,16.27,22306,2026-01-06 10:17:00
TXN_3461,GHT50BK5,33.73,34696,2026-01-05 14:35:00
TXN_4785,YC4XNCYW,59.76,15876,2026-04-06 04:21:00
TXN_820,WSQDOQB7,46.66,42122,2026-01-17 04:34:00
TXN_2267,71GN7MZT,85.91,14434,2026-03-20 00:22:00
TXN_4627,L8RCIMAP,95.07,49495,2026-04-22 23:46:00
TXN_3884,ASZ34YWX,41.88,30955,2026-02-17 20:59:00
TXN_3828,OAV25Z7T,54.59,19047,2026-01-04 22:04:00
TXN_2012,DKB9PVT4,60.22,43238,2026-02-02 23:23:00
TXN_4194,F3G0AMF1,47.65,20948,2026-04-19 00:58:00
TXN_4001,RJMPG25J,32.1,14421,2026-01-06 19:06:00
TXN_4399,QDC99VEK,55.28,27934,2026-04-04 17:46:00
TXN_28,MZGIDVOJ,78.31,29513,2026-02-16 17:43:00
TXN_1889,RR3RJAVV,20.24,47775,2026-01-28 06:20:00
TXN_1584,R0PTJC2C,34.13,17780,2026-03-28 02:35:00
TXN_4281,966N9ULP,39.76,11768,2026-03-17 11:43:00
TXN_2065,SVWMB53X,75.37,12715,2026-02-14 15:07:00
TXN_1981,X678KD69,44.26,33056,2026-04-29 14:23:00
TXN_726,IUDEGBQ2,56.0,49139,2026-02-25 09:34:00
TXN_3800,YQCKJGBP,75.72,49082,2026-03-28 06:39:00
TXN_846,Z1DBC3T4,26.19,33539,2026-03-02 23:55:00
TXN_4386,FOI1GI1F,59.47,25425,2026-03-13 03:51:00
TXN_4446,8WYBIWKA,83.43,17767,2026-03-29 08:02:00
TXN_967,NLG5YC2W,27.28,36033,2026-02-09 21:49:00
TXN_189,MF2Z62MM,23.73,14429,2026-04-15 04:30:00
TXN_1196,4HW06VUA,33.34,50131,2026-03-14 22:56:00
TXN_3703,PL6FVK5I,65.75,46988,2026-01-08 03:17:00
TXN_1908,2IJDB2XC,42.38,21006,2026-04-14 12:45:00
TXN_1729,TZMPFXRJ,25.22,23290,2026-03-16 16:25:00
TXN_4766,8LPOU90M,82.97,13743,2026-01-02 11:05:00
TXN_4034,RLHV7JMC,66.3,37084,2026-02-17 06:18:00
TXN_1168,RUS8HDQ6,48.76,18239,2026-03-04 10:05:00
TXN_3124,IB9SVWAW,52.46,15252,2026-03-20 04:12:00
TXN_4128,FWSFB6BB,29.54,31627,2026-02-07 10:32:00
TXN_2098,L8Q7NBSY,25.37,44803,2026-03-21 21:52:00
TXN_3245,YH5GL069,93.42,19812,2026-02-11 23:51:00
TXN_905,XOBUSIK5,54.71,45248,2026-01-22 22:09:00
TXN_1743,L2KLIDJX,71.55,35041,2026-03-26 06:34:00
TXN_992,UFV7S2JG,81.43,26314,2026-03-13 16:37:00
TXN_3251,5UHIKCOT,42.13,17216,2026-03-09 17:15:00
TXN_3878,GRKOMETL,83.96,11327,2026-04-29 22:48:00
TXN_3190,7QSIRBG8,29.51,48014,2026-03-21 12:59:00
TXN_834,VGDTZCI1,41.1,45057,2026-02-08 05:38:00
TXN_4003,FRDPQZD2,79.05,19135,2026-02-06 01:07:00
TXN_2824,PQ693IWU,27.74,34216,2026-04-29 00:33:00
TXN_3658,DEPI9PBF,63.68,35648,2026-02-26 15:35:00
TXN_3886,OV672E34,68.5,17936,2026-01-25 19:53:00
TXN_283,5AVEKUWX,81.12,22643,2026-01-12 04:13:00
TXN_518,C66XWXRB,60.71,39688,2026-01-29 09:42:00
TXN_4896,BBY872J8,13.13,46031,2026-04-20 20:37:00
TXN_4015,6Q4LVHDW,84.11,27841,2026-01-05 11:21:00
TXN_4069,E6WZURRP,43.94,47058,2026-02-27 08:27:00
TXN_1311,VHW1SW88,76.85,33241,2026-02-27 22:48:00
TXN_3600,BRZ6H00I,52.86,25411,2026-04-23 13:44:00
TXN_1498,UWFMGZTY,84.07,32158,2026-04-07 18:46:00
TXN_123,TTLOO4O7,55.12,46087,2026-03-29 11:52:00
TXN_728,TLKT0AAS,90.53,49923,2026-04-18 11:54:00
TXN_4029,OYYDXUQV,42.13,14697,2026-01-26 22:10:00
TXN_3167,EZ2GZZMA,32.5,30997,2026-03-17 18:43:00
TXN_4696,9DQG5IT4,59.44,16904,2026-01-19 08:14:00
TXN_2640,WW6Z7HSC,30.66,33574,2026-03-29 20:08:00
TXN_1192,1X0AFZVZ,34.29,38824,2026-03-26 17:20:00
TXN_1754,C17HPOOJ,53.92,23553,2026-01-02 04:59:00
TXN_50,Y8C8GQ39,38.11,10594,2026-02-10 06:42:00
TXN_1626,LMNH357C,57.23,37595,2026-04-05 08:09:00
TXN_2375,3SJL0J4X,57.95,25616,2026-01-21 15:26:00
TXN_3310,1SA596GX,58.34,29703,2026-03-26 15:34:00
TXN_723,WKEFL1NH,24.71,46210,2026-04-06 02:07:00
TXN_2246,IA0ZIS9O,25.65,24688,2026-03-07 10:20:00
TXN_825,P73V8I89,90.59,41350,2026-04-18 12:00:00
TXN_1615,HZYOYS4D,49.6,17394,2026-01-05 20:51:00
TXN_3538,LT116ZNB,88.79,21281,2026-01-24 20:18:00
TXN_1476,NFKX203N,70.31,15410,2026-01-05 17:36:00
TXN_1967,C27A7LSO,29.09,36759,2026-01-14 11:35:00
TXN_4327,M31IWFI5,43.86,27417,2026-01-08 02:50:00
TXN_2789,BYKQA50U,64.91,29416,2026-04-19 08:29:00
TXN_3851,OT6D7JPW,21.37,24505,2026-02-11 09:51:00
TXN_1001,K9L0PI4V,105.85,11990,2026-01-17 05:26:00
TXN_2631,CQ7I6OQ0,34.12,16751,2026-04-25 10:59:00
TXN_1791,8QQ8PN9V,16.98,41916,2026-02-02 01:34:00
TXN_1753,5D9DH8P0,47.02,38718,2026-04-22 07:31:00
TXN_452,QPPYG1H6,103.39,33154,2026-02-12 05:46:00
TXN_4656,N3AF9JVL,36.86,46705,2026-03-10 10:52:00
TXN_2079,DWFZKI2Q,13.55,18671,2026-03-06 06:54:00
TXN_695,KFILUV6M,47.68,13278,2026-03-17 00:31:00
TXN_561,N0VUTIVH,76.88,48474,2026-04-15 22:06:00
TXN_760,S34ZUGV1,29.58,19204,2026-03-31 13:12:00
TXN_502,OH4NPXF1,56.64,27788,2026-01-25 01:17:00
TXN_1326,S47SYL25,83.0,10783,2026-02-27 05:24:00
TXN_2425,4I48QVCZ,79.86,43770,2026-03-01 20:17:00
TXN_1912,2SBSW1YA,72.98,19121,2026-02-08 18:30:00
TXN_765,D2HV124S,62.41,25404,2026-03-26 10:10:00
TXN_1128,TTJ51G4L,85.81,43102,2026-03-19 21:24:00
TXN_2032,VIL3VI3V,71.01,23446,2026-03-18 12:55:00
TXN_428,313AZCET,40.57,40965,2026-04-06 01:51:00
TXN_2002,ML3O59I1,45.91,22186,2026-02-01 09:20:00
TXN_756,YTR4PVWS,60.54,21963,2026-01-29 02:27:00
TXN_1022,TT12Q2DV,25.56,40585,2026-04-10 21:33:00
TXN_575,5LUO255A,44.14,39844,2026-01-11 21:33:00
TXN_2390,YCIZBOH1,50.58,13955,2026-04-14 01:57:00
TXN_1616,LUG5ASH5,30.52,32290,2026-03-01 16:10:00
TXN_1369,BGL7QY79,22.45,17812,2026-04-04 21:30:00
TXN_3866,GUPIQQEY,91.82,16086,2026-04-10 05:25:00
TXN_3880,MR6OIAMY,68.76,43105,2026-01-10 07:44:00
TXN_2999,YUXHTIGX,59.67,42959,2026-01-11 01:17:00
TXN_3759,ZF8WDWC0,33.89,34500,2026-01-03 08:19:00
TXN_3636,WIG90CT5,16.49,47677,2026-04-05 16:31:00
TXN_2082,NXYTGUGY,27.88,38882,2026-04-10 19:57:00
TXN_3621,6MB01NBW,68.43,16740,2026-04-26 12:04:00
TXN_419,I35WOPFH,105.76,15041,2026-02-05 21:47:00
TXN_4735,6Y7W5N6B,31.29,32476,2026-03-14 12:35:00
TXN_3085,YEVL5OOH,63.94,11575,2026-01-28 09:41:00
TXN_1121,WODYWE7U,51.14,33024,2026-03-14 21:43:00
TXN_4486,YTN68SRU,86.79,20245,2026-02-12 06:27:00
TXN_4806,02XEPH2H,72.93,13788,2026-03-02 08:31:00
TXN_3516,C0K0N2XS,68.71,28179,2026-03-01 05:29:00
TXN_4209,196D207L,73.52,35189,2026-03-17 11:42:00
TXN_4441,VDJ1WJVX,56.47,39220,2026-02-01 21:25:00
TXN_1614,I83A6V1C,49.47,27242,2026-01-16 01:41:00
TXN_4945,N3ARKD5G,18.35,37844,2026-03-21 16:15:00
TXN_2195,1IBV3HY2,23.53,22121,2026-02-21 10:53:00
TXN_3973,WRDXUKA8,,49984,2026-04-29 19:54:00
TXN_2816,TFYFWVOJ,93.08,38734,2026-03-29 19:45:00
TXN_2683,O74STWTH,97.24,25847,2026-03-31 13:56:00
TXN_2778,JEV44FD1,56.57,46892,2026-02-05 14:20:00
TXN_4877,U0P1HMY1,24.48,17468,2026-02-02 15:30:00
TXN_570,SWDTDJBT,98.7,17464,2026-02-09 23:34:00
TXN_2981,KQ68AXKP,72.59,35187,2026-04-17 08:23:00
TXN_1504,TZEGG4GD,33.9,43755,2026-03-12 20:25:00
TXN_1873,KVEIKQRI,99.73,46316,2026-04-11 20:36:00
TXN_4182,47BSL6PD,36.41,49949,2026-04-08 04:42:00
TXN_3108,GTQ03NHI,87.89,24283,2026-01-11 08:05:00
TXN_4156,92MZCSOB,54.91,16964,2026-03-18 03:46:00
TXN_2719,DQFTBY2U,30.53,38074,2026-01-02 15:31:00
TXN_3278,Q41TYCKJ,41.97,19019,2026-05-01 13:27:00
TXN_3758,4IR13X09,32.08,43284,2026-03-29 04:39:00
TXN_2767,MMFH8E7V,14.03,24383,2026-04-01 12:02:00
TXN_4871,MNJIRZVI,77.73,22480,2026-03-09 16:56:00
TXN_1744,6T5GVY6N,30.2,24740,2026-01-10 15:33:00
TXN_2533,T498558M,38.41,42122,2026-01-13 17:34:00
TXN_1081,J65G3UL4,43.06,36613,2026-02-25 05:58:00
TXN_4764,LBN4562B,28.72,21931,2026-03-11 19:45:00
TXN_888,W7F6SG7K,88.96,23938,2026-03-10 21:49:00
TXN_4996,4T4WP4UF,70.58,22170,2026-04-18 02:16:00
TXN_1762,UJ3SKDUG,74.43,37211,2026-03-19 05:24:00
TXN_3418,RHDI8UNI,30.66,16308,2026-03-24 04:40:00
TXN_4129,DFTY4G3H,43.15,27006,2026-04-30 22:29:00
TXN_669,GJKJ2P37,40.18,33249,2026-04-26 07:02:00
TXN_3957,AB4RCCPK,65.1,11187,2026-04-24 13:49:00
TXN_627,5ZETF249,73.58,33915,2026-03-02 17:20:00
TXN_4697,UU5YT0YE,106.14,39064,2026-03-05 00:45:00
TXN_4250,5YFO6JUM,38.95,20670,2026-03-23 01:57:00
TXN_901,V5WHH3JD,58.89,32791,2026-04-01 13:02:00
TXN_1916,S6USMPJX,94.03,25575,2026-04-03 17:46:00
TXN_1127,HACY9MQD,39.46,18352,2026-01-04 07:23:00
TXN_2457,9TE5VDJH,79.4,21773,2026-03-10 10:57:00
TXN_426,0TLN8V34,54.11,12762,2026-03-26 15:15:00
TXN_1417,DZOANB61,81.62,42650,2026-04-24 21:50:00
TXN_3519,AXGXXRLY,15.62,18661,2026-01-14 22:40:00
TXN_3903,21FBQF5C,70.61,48883,2026-01-06 09:03:00
TXN_3144,1ISUCOKP,15.43,36539,2026-02-19 20:24:00
TXN_1829,P5JB682M,24.77,38604,2026-01-29 21:27:00
TXN_29,RO2L3FSK,85.72,50088,2026-01-22 02:53:00
TXN_4801,YKOU32I3,30.9,12088,2026-01-05 01:28:00
TXN_3708,320IESD2,64.87,25605,2026-04-25 18:11:00
TXN_1090,522FPCOD,53.23,20685,2026-04-01 17:42:00
TXN_1324,EFCF13AZ,26.66,17448,2026-03-20 20:55:00
TXN_BAD_6488,INVALID_VIN,50,20000,2026-04-10 10:00:00
TXN_550,9UYIIUBR,88.58,19743,2026-03-12 08:55:00
TXN_3592,COXR69XT,86.61,35989,2026-01-31 19:00:00
TXN_4560,P3YU165T,99.45,35718,2026-01-09 05:51:00
TXN_4107,L7O9UVQO,23.41,28341,2026-01-31 09:56:00
TXN_3511,CBZWBGM6,117.65,41755,2026-03-16 08:41:00
TXN_2935,QN75ITJP,56.74,20993,2026-04-27 12:13:00
TXN_2992,WC7OSYZB,45.93,44190,2026-01-01 20:22:00
TXN_4831,0B25SQN0,29.27,33508,2026-01-26 07:26:00
TXN_3430,MZXM7RUQ,93.88,11709,2026-01-18 14:02:00
TXN_2594,S1XQ9TFG,54.13,14905,2026-02-09 06:03:00
TXN_3844,HODJHM6R,,47945,2026-03-16 07:36:00
TXN_847,Q1QQODVO,112.9,43801,2026-03-16 03:59:00
TXN_1013,HRG97VEV,39.45,21656,2026-03-18 05:11:00
TXN_2831,E91MI98T,56.56,11674,2026-04-12 18:53:00
TXN_2752,3AV5O29C,42.34,47953,2026-04-24 18:26:00
TXN_4232,X4XUY0AL,33.84,38854,2026-02-25 19:58:00
TXN_3091,NPTMUXDD,39.6,17066,2026-04-20 05:59:00
TXN_4936,HYNPVI24,26.51,40655,2026-03-06 14:02:00
TXN_969,YSRPERB8,39.15,28544,2026-04-18 16:11:00
TXN_2770,B0ELM2MY,98.82,43416,2026-02-06 05:00:00
TXN_1610,NVJJJ4BS,13.84,14820,2026-01-05 08:27:00
TXN_4458,OXYUYJ9P,65.95,45809,2026-04-04 21:07:00
TXN_4346,1USDHB7B,45.77,26834,2026-01-13 19:17:00
TXN_2571,0XMWUVGA,19.57,24169,2026-01-12 02:54:00
TXN_3219,THV9X69L,75.91,11326,2026-02-25 07:36:00
TXN_4673,BEU1ZJT0,25.23,40539,2026-03-26 13:08:00
TXN_1291,J66Y2MEP,28.82,35047,2026-03-20 23:32:00
TXN_111,0VVYGGO8,31.56,15367,2026-02-15 08:51:00
TXN_261,LCVMI56Q,52.62,45600,2026-01-13 11:28:00
TXN_2646,O9QM7BCJ,103.88,11333,2026-02-27 22:39:00
TXN_4165,E53MBVNF,29.37,31008,2026-03-13 16:05:00
TXN_2300,FCKH1YLP,42.29,18888,2026-03-16 17:15:00
TXN_4377,0KAJEOE9,51.81,38756,2026-03-06 16:32:00
TXN_3061,RC5ETM4S,68.11,42226,2026-01-16 04:30:00
TXN_1675,MBL0AN71,73.78,14254,2026-02-22 09:59:00
TXN_1000,JYBT0FT9,28.09,41706,2026-02-02 02:15:00
TXN_3890,UGK3CNQO,47.77,23232,2026-02-28 05:14:00
TXN_721,E96PWY6Q,80.42,49348,2026-03-22 15:22:00
TXN_95,MURUXEH9,92.7,33899,2026-04-26 22:55:00
TXN_3882,RI4XKJKE,72.79,22323,2026-02-04 21:26:00
TXN_346,CR8JHYFY,65.93,15854,2026-01-26 05:36:00
TXN_244,E6YZGNRI,25.35,26661,2026-02-20 19:16:00
TXN_133,QOKEKT8N,69.57,16964,2026-02-08 23:51:00
TXN_1897,RYJ669I0,64.35,21135,2026-04-20 02:21:00
TXN_3907,XAS8C4PQ,38.34,14911,2026-01-10 22:20:00
TXN_3691,ZOK930HJ,48.67,35587,2026-01-21 15:52:00
TXN_1576,H23DTJ3S,75.91,46751,2026-01-25 19:52:00
TXN_21,H6ZZ9WEV,24.7,33243,2026-02-26 20:50:00
TXN_4149,MPC7JCUL,43.32,27191,2026-01-05 17:36:00
TXN_4744,M7JFGHF9,40.03,12868,2026-04-25 07:38:00
TXN_1270,QJUPJ17A,23.55,21679,2026-02-03 09:42:00
TXN_4516,03MA2NI1,47.96,29431,2026-02-18 14:48:00
TXN_4120,0F4BNRQ2,22.68,43986,2026-04-28 05:17:00
TXN_2575,SIWQH04M,53.85,36018,2026-02-04 15:11:00
TXN_2238,IYENKZLU,43.45,41329,2026-01-16 20:56:00
TXN_4432,JQCEJLV5,83.98,48425,2026-01-15 03:56:00
TXN_420,2AFLEWKI,55.83,14789,2026-01-01 15:08:00
TXN_3089,GN1X69Q2,65.12,28334,2026-02-26 14:00:00
TXN_1539,UZ0KUAKJ,26.35,16625,2026-03-12 23:17:00
TXN_349,BDCDVDLG,78.73,19246,2026-03-28 22:37:00
TXN_2939,2J9P6L0W,71.24,24414,2026-02-22 20:51:00
TXN_3241,A99ZNSKK,27.61,40420,2026-02-23 14:37:00
TXN_2873,EHJFATFC,75.82,28272,2026-04-02 18:09:00
TXN_2742,2KC9OSPP,61.99,18271,2026-03-13 10:54:00
TXN_4674,ZFJVJPD7,89.3,30099,2026-02-26 18:21:00
TXN_3875,DB42RMB9,63.12,14265,2026-03-31 19:46:00
TXN_2633,QMNOLCVT,75.51,26669,2026-03-02 22:43:00
TXN_3029,OD2D81HG,93.44,27038,2026-04-02 08:09:00
TXN_1593,VMBMHZQM,17.04,18293,2026-03-24 13:28:00
TXN_4906,ZU2AHO5W,74.91,32840,2026-03-26 13:09:00
TXN_3963,BT9W6UCO,27.4,33982,2026-03-16 19:44:00
TXN_3896,YQFE0HZE,77.57,19908,2026-04-11 03:33:00
TXN_2458,JF55AFOB,40.52,15992,2026-02-28 21:45:00
TXN_4822,L7BHVSX6,59.97,36840,2026-03-16 15:05:00
TXN_2422,TYO6XJWH,88.08,47202,2026-02-22 16:59:00
TXN_4920,VQL43768,53.72,42688,2026-01-21 16:53:00
TXN_192,SKQEJ1K9,102.14,43177,2026-04-07 05:39:00
TXN_1133,HBCIZ70Z,18.95,10215,2026-02-16 07:04:00
TXN_2259,M6RXP675,27.06,14169,2026-01-17 12:43:00
TXN_2844,SKFVQ32P,62.66,18692,2026-03-17 21:42:00
TXN_966,YKHB8V9G,63.99,38091,2026-01-20 18:44:00
TXN_1973,UF783S6V,79.92,16226,2026-01-29 04:59:00
TXN_184,6P7DP8VV,71.61,47788,2026-03-26 14:56:00
TXN_863,RG7RO07S,52.49,38221,2026-02-27 03:50:00
TXN_398,SOY9V47B,101.84,31363,2026-01-02 12:22:00
TXN_2848,EGX4TN3S,16.11,39292,2026-03-02 10:50:00
TXN_281,X0D1F2MO,31.54,17608,2026-01-14 17:59:00
TXN_2938,KES136GV,20.15,15965,2026-01-04 13:15:00
TXN_2754,HCO31NWZ,98.79,44630,2026-03-11 19:10:00
TXN_313,X1NYLDKE,94.12,28359,2026-04-08 06:31:00
TXN_1768,O5089QAP,55.19,30292,2026-03-22 08:17:00
TXN_1464,2297ZYKZ,27.02,13388,2026-03-28 12:53:00
TXN_1097,77FTGA0J,28.49,49188,2026-04-03 16:35:00
TXN_4050,J0SBL189,85.26,47784,2026-02-13 10:57:00
TXN_2544,247EJXLQ,98.02,39008,2026-04-01 16:05:00
TXN_4216,PTWCG6F1,19.51,22407,2026-02-16 19:40:00
TXN_1947,86O1F0RI,13.85,35935,2026-04-06 21:29:00
TXN_3836,O5EX8YT9,71.47,43134,2026-02-08 16:52:00
TXN_4429,DKAVW7V2,71.81,48754,2026-02-19 12:21:00
TXN_1269,7MXVDTCP,28.94,18655,2026-04-08 14:00:00
TXN_1250,A95IIBSL,40.36,25447,2026-04-30 11:40:00
TXN_4419,VVQ20ZL4,19.46,31218,2026-02-13 00:50:00
TXN_3702,9MEMTYXW,48.83,25486,2026-04-24 14:45:00
TXN_2607,O5SJYUOX,25.44,36905,2026-01-01 23:51:00
TXN_3451,99F8E8AB,35.56,32892,2026-02-11 14:11:00
TXN_2064,C994MKZP,47.43,37522,2026-01-27 15:37:00
TXN_30,903WFE7A,45.46,17884,2026-02-12 19:57:00
TXN_1463,UFVNVUEP,31.22,24499,2026-02-02 04:26:00
TXN_688,YKKAMQMM,56.54,29689,2026-04-05 22:24:00
TXN_3023,8PKCXMS7,52.16,43221,2026-01-05 17:11:00
TXN_3947,GVV3HE5I,65.29,38158,2026-02-03 23:59:00
TXN_2319,HJIGCJZM,67.47,40913,2026-04-29 03:36:00
TXN_4641,V4LMYXSP,69.24,37210,2026-02-16 14:29:00
TXN_1618,B9HRNXN5,38.41,13836,2026-01-03 09:03:00
TXN_2943,7I5E4A18,27.58,37858,2026-04-28 10:33:00
TXN_4639,NM4QWP97,83.98,27239,2026-03-10 14:44:00
TXN_1859,Z4GP4QBT,41.37,27228,2026-03-17 12:01:00
TXN_178,9SJJWL9T,21.8,28664,2026-04-09 20:00:00
TXN_1509,AW6V6B63,28.74,35546,2026-04-11 18:24:00
TXN_2658,CBMBVVQ5,30.88,43299,2026-03-12 10:57:00
TXN_2753,I6J6GLXV,111.74,15074,2026-01-23 18:54:00
TXN_2681,5QDP68SA,38.92,34558,2026-03-05 06:59:00
TXN_2081,35SZKE52,103.34,30438,2026-03-03 03:22:00
TXN_1163,AE5869U7,71.38,37075,2026-04-13 03:11:00
TXN_2378,B1E7H17N,72.27,28576,2026-03-11 06:56:00
TXN_504,1UHEK0LS,72.94,30993,2026-01-26 15:34:00
TXN_691,W63I2B73,57.61,32612,2026-03-01 11:40:00
TXN_2927,0S3GYT2V,18.31,11617,2026-04-17 03:17:00
TXN_1451,8SQV20FS,59.99,21521,2026-03-26 04:29:00
TXN_3908,NTBG0WF3,62.06,47422,2026-03-20 03:54:00
TXN_BAD_3705,INVALID_VIN,50,20000,2026-04-10 10:00:00
TXN_2071,KWJ526PH,58.93,29728,2026-03-22 03:57:00
TXN_923,WV3GZTPG,78.53,26465,2026-04-25 18:15:00
TXN_4237,99GPB92G,-10,39795,2026-02-21 02:44:00
TXN_BAD_5941,INVALID_VIN,50,20000,2026-04-10 10:00:00
TXN_3922,CBEZOUGV,40.7,49034,2026-04-15 21:22:00
TXN_1661,37PP21NJ,60.78,49264,2026-01-31 21:50:00
TXN_2021,FTXGCMD8,26.57,40880,2026-01-03 16:47:00
TXN_2565,1CF3QA3N,34.23,13763,2026-03-20 14:55:00
TXN_2621,65MW5MMR,43.97,22349,2026-01-16 10:51:00
TXN_4709,9JDPC9XZ,75.43,15797,2026-03-22 17:59:00
TXN_1901,7RY0X9FH,59.1,30031,2026-04-26 11:13:00
TXN_1055,7EHC9YMS,75.72,19533,2026-02-05 02:18:00
TXN_2313,OLKUJJCC,40.55,45378,2026-03-11 22:00:00
TXN_1510,QD66RRGY,21.2,36734,2026-03-01 07:46:00
TXN_3118,O64YEJFQ,106.86,16493,2026-04-04 08:24:00
TXN_3919,NUDYFVAZ,71.93,23779,2026-05-01 21:01:00
TXN_507,65T1F7EE,78.19,40574,2026-02-02 02:41:00
TXN_2432,MU01GJ4J,38.5,47155,2026-03-30 20:47:00
TXN_3203,UJ1L7CXE,42.18,47452,2026-02-25 04:20:00
TXN_3330,3DUBZF6X,109.75,13266,2026-02-26 09:16:00
TXN_3018,CU51W3C6,88.62,16857,2026-01-16 20:09:00
TXN_1026,VNV0ZAPV,68.5,33850,2026-04-08 09:27:00
TXN_2131,9GLMRQ3E,49.82,33957,2026-02-19 07:43:00
TXN_4332,30WMU96C,89.81,37205,2026-03-15 14:18:00
TXN_243,EPI7UQSM,21.92,16488,2026-01-11 03:30:00
TXN_1876,73AAZWI6,27.93,36150,2026-01-20 14:56:00
TXN_741,AX1VHE82,40.37,36534,2026-01-28 05:06:00
TXN_4862,8G2FMN1Q,52.34,45627,2026-04-07 07:43:00
TXN_3277,M31NHH19,47.02,19244,2026-03-13 12:21:00
TXN_3206,R53DGNSL,24.58,36928,2026-04-12 22:32:00
TXN_369,KOML18C0,55.78,34921,2026-01-25 14:54:00
TXN_4372,O81R4L8C,114.65,43581,2026-03-04 01:05:00
TXN_4692,YEW0SFHC,31.7,14893,2026-01-04 03:05:00
TXN_357,E1RURFGG,24.36,19314,2026-04-16 21:21:00
TXN_145,VD2PUQZM,33.74,20762,2026-01-04 12:34:00
TXN_1969,G1EKMB54,57.78,11669,2026-03-29 06:55:00
TXN_2566,2XAEFAAT,14.69,15928,2026-03-21 13:14:00
TXN_2917,77TL1ZSC,100.24,11420,2026-01-22 22:33:00
TXN_956,2RALPF2W,20.27,49021,2026-02-06 21:39:00
TXN_2893,QAI0971U,55.19,14860,2026-02-08 13:23:00
TXN_2162,EUPSQHU8,41.31,49811,2026-03-02 10:48:00
TXN_622,H0SSNPOT,18.95,12081,2026-04-15 01:21:00
TXN_598,ERDJQUHA,72.52,27319,2026-03-23 21:33:00
TXN_1262,DA0QDUBG,68.43,20231,2026-02-28 13:05:00
TXN_3112,XPY6AZ65,70.22,27865,2026-03-02 00:59:00
TXN_4201,A8TXHDCD,19.45,42172,2026-04-15 18:35:00
TXN_4373,4UMQWG9E,101.54,21718,2026-02-06 16:14:00
TXN_2529,BU6DNLK3,50.59,10764,2026-04-01 01:56:00
TXN_1219,JDVL5DWO,103.79,10540,2026-01-27 21:16:00
TXN_2476,ZDONO2MV,34.02,10885,2026-02-10 19:23:00
TXN_3687,BGGX0R9X,25.88,49307,2026-01-27 10:45:00
TXN_2478,KE1I4BMZ,83.76,21020,2026-04-14 11:56:00
TXN_4447,IK8JMVU2,102.99,44097,2026-02-09 17:07:00
TXN_1359,FMFF5CV9,62.59,21432,2026-01-23 05:07:00
TXN_2235,L1CDOCIR,54.23,41463,2026-05-01 20:58:00
TXN_408,4OBGTZC7,57.57,11025,2026-03-21 16:38:00
TXN_4340,I7SVY5B6,26.02,32321,2026-02-24 16:30:00
TXN_1084,EHIXLJ6D,61.13,33035,2026-03-24 07:15:00
TXN_2921,YC54SE7B,14.59,17744,2026-03-28 00:58:00
TXN_2520,AGBGAMG9,34.46,45429,2026-02-08 04:55:00
TXN_4771,PSY6QNQV,78.21,17911,2026-01-03 01:52:00
TXN_2977,W3TNQ5YN,41.45,29538,2026-01-02 16:49:00
TXN_1818,RW1LXO1K,49.49,46392,2026-03-08 11:06:00
TXN_874,3CEQR2JD,32.14,48712,2026-02-04 07:15:00
TXN_231,Q7CWYMDI,40.34,36092,2026-01-01 23:58:00
TXN_1738,8YNC30LR,25.12,18000,2026-04-19 23:20:00
TXN_1415,NZWN8WYM,58.49,26358,2026-04-08 10:06:00
TXN_2392,FJDN1D0X,71.84,46017,2026-02-17 12:47:00
TXN_4759,E1IDWY0E,101.82,22937,2026-03-09 12:31:00
TXN_3332,EV4NJIHY,71.87,16695,2026-01-22 11:13:00
TXN_3782,6G30FVZH,41.96,22642,2026-04-30 18:03:00
TXN_3911,XI7PYGA1,16.24,31964,2026-03-01 17:26:00
TXN_4966,PUQOWCLO,99.67,49111,2026-03-10 02:33:00
TXN_2151,5A176H37,55.86,26464,2026-01-08 16:12:00
TXN_876,76SHLHJC,20.64,13646,2026-01-16 08:45:00
TXN_4255,R8YS4PEM,66.11,26226,2026-01-15 17:12:00
TXN_2952,WM3MAHUZ,47.63,18010,2026-04-08 00:58:00
TXN_2684,M5BRZST4,52.45,39509,2026-01-03 07:00:00
TXN_3450,Z7LXFLVV,43.69,45886,2026-03-29 02:42:00
TXN_373,ZBLEMJPC,100.69,27410,2026-02-07 05:41:00
TXN_1748,6I1BXDXH,65.29,49887,2026-01-21 07:17:00
TXN_2143,QS8GKXZJ,57.92,21690,2026-02-20 17:42:00
TXN_392,GEMJJUGJ,127.84,26193,2026-02-24 10:35:00
TXN_2844,SKFVQ32P,62.66,18692,2026-03-17 21:42:00
TXN_4037,O82SGO3W,24.81,35997,2026-01-29 23:40:00
TXN_4965,K0H5SAOF,20.32,11823,2026-01-15 11:28:00
TXN_304,BRGVP24Y,67.52,29311,2026-02-18 12:08:00
TXN_3133,QAAPCVUC,25.84,44130,2026-02-19 08:52:00
TXN_4814,H06JY54O,75.27,48620,2026-01-17 18:25:00
TXN_2396,16BFJ34U,57.63,44024,2026-01-19 21:03:00
TXN_3291,NDUXVCQZ,32.75,22196,2026-02-15 13:01:00
TXN_4777,LY5W0EQ6,113.02,35475,2026-04-30 18:43:00
TXN_3816,G1LNJPF9,80.24,46331,2026-02-22 01:57:00
TXN_3417,8548SEIF,82.35,14860,2026-05-01 08:25:00
TXN_3536,DDW2QZMM,88.67,35183,2026-03-07 03:01:00
TXN_1756,YI1N1I9V,-10,18856,2026-04-10 20:26:00
TXN_3244,H0GBM3B0,82.34,38817,2026-04-09 21:18:00
TXN_2339,3XRRJCWC,50.65,25520,2026-02-02 09:33:00
TXN_657,8LTGAHZE,20.43,37899,2026-04-16 12:28:00
TXN_763,87TJIAM7,75.44,21580,2026-04-17 20:26:00
TXN_646,GR7KFP8O,90.79,40904,2026-01-31 14:56:00
TXN_3380,7QUZVNIT,65.25,25893,2026-04-14 22:34:00
TXN_2976,FUF8FN85,27.9,43270,2026-01-29 16:00:00
TXN_3582,TO33E5D2,73.71,44033,2026-01-27 21:17:00
TXN_4512,K3K1MBHS,81.34,13389,2026-01-31 18:45:00
TXN_356,0A7WBKDZ,85.28,28360,2026-01-07 18:39:00
TXN_3059,OIPUICYJ,84.58,20563,2026-01-12 16:13:00
TXN_1017,XT3I5UNW,76.16,49188,2026-04-20 22:55:00
TXN_4797,6D9KZO90,100.99,49706,2026-04-21 05:20:00
TXN_BAD_2215,INVALID_VIN,50,20000,2026-04-10 10:00:00
TXN_1140,8R4A0IC1,58.2,38352,2026-01-31 14:28:00
TXN_703,GHIOZQIF,42.24,22291,2026-02-17 04:05:00
TXN_1232,71SE4VQ4,66.75,39303,2026-02-01 12:09:00
TXN_4032,HQ0ZYPKQ,23.53,32957,2026-03-24 13:32:00
TXN_3635,MROD2WNO,53.38,42822,2026-03-19 23:11:00
TXN_2357,64FM4E17,76.78,13783,2026-02-20 02:51:00
TXN_3220,WC2KPUD9,23.72,12326,2026-02-15 21:35:00
TXN_733,6NEC17TD,61.93,35056,2026-03-28 15:00:00
TXN_3921,3WFT2SE9,51.18,27199,2026-04-03 05:37:00
TXN_1619,M5M30KSX,71.75,43611,2026-01-13 12:53:00
TXN_2899,OAGFB8TO,63.05,37107,2026-01-22 20:17:00
TXN_1926,9ZCL9WVO,44.55,37471,2026-01-02 21:37:00
TXN_3232,TDXBSVSI,61.18,36637,2026-02-27 08:58:00
TXN_2379,XKPLV6MQ,110.61,33512,2026-03-10 23:37:00
TXN_4039,M0J3EA60,70.68,22568,2026-02-12 00:03:00
TXN_2859,H40SH45H,57.92,36819,2026-02-26 13:58:00
TXN_2461,UF783S6V,51.65,16550,2026-01-27 08:53:00
TXN_1885,0O6WL17U,59.99,39580,2026-03-05 19:21:00
TXN_4067,UTW19DKL,63.96,49323,2026-03-10 18:18:00
TXN_1142,JZTGH3QL,20.58,28280,2026-01-17 05:56:00
TXN_4606,K0YPBKT2,22.07,17693,2026-03-09 06:39:00
TXN_843,Z4R2MM9L,26.06,35148,2026-01-15 19:40:00
TXN_1515,7HSU8BFR,27.16,39410,2026-03-19 23:25:00
TXN_4959,SI77BNIL,66.81,31518,2026-03-07 18:03:00
TXN_4660,O485I5FL,90.89,28581,2026-04-21 18:47:00
TXN_2791,YM8ZN0ZO,94.09,18866,2026-03-07 22:03:00
TXN_1037,ADHYDF17,21.97,37862,2026-02-10 17:09:00
TXN_3971,D6L3LNYY,43.85,35000,2026-02-03 13:27:00
TXN_4214,2XGV4X6N,67.53,27209,2026-03-21 04:49:00
TXN_1238,EX0ZICLR,57.07,18761,2026-01-07 21:42:00
TXN_4854,VWUKDCBD,37.69,28106,2026-01-29 23:54:00
TXN_42,PLN45YEF,63.36,45018,2026-01-14 06:10:00
TXN_3313,BD6H1NSM,19.92,33443,2026-03-30 19:08:00
TXN_2569,O6RV728P,82.59,48145,2026-03-30 13:59:00
TXN_1102,0Y3MZH6K,44.74,44886,2026-02-16 22:36:00
TXN_1585,H0KGTQ8K,101.23,40446,2026-02-22 15:38:00
TXN_174,0JSO2SJ4,58.35,13403,2026-02-25 04:08:00
TXN_3254,7LKJ34N1,29.61,38098,2026-04-08 11:03:00
TXN_4152,0EJU8Q9X,45.09,35899,2026-03-28 14:05:00
TXN_500,NO6IPO08,58.64,40603,2026-01-28 15:34:00
TXN_4812,QDDESOYL,18.43,17360,2026-03-24 08:34:00
TXN_2208,R28ZN4JT,65.23,10505,2026-03-13 11:47:00
TXN_1725,SFXHSPKQ,33.48,12834,2026-01-13 14:36:00
TXN_3175,M9OA334L,23.67,42510,2026-03-16 19:12:00
TXN_4549,YBRZLM4R,58.72,11551,2026-03-23 06:50:00
TXN_3728,ADG4KBWR,50.08,13222,2026-04-07 15:07:00
TXN_1693,MH243DZ7,21.32,25988,2026-04-24 01:24:00
TXN_4381,HMWHQATZ,56.49,18642,2026-02-09 22:07:00
TXN_3296,MZ570K9K,36.66,11654,2026-01-25 05:04:00
TXN_4991,SH2I1QML,40.43,22853,2026-02-15 05:18:00
TXN_4026,FGY3LWP5,99.55,22452,2026-03-20 09:34:00
TXN_4325,QQ1AFMGA,70.73,23322,2026-02-21 19:38:00
TXN_4909,8YA1D231,52.03,49071,2026-03-24 04:42:00
TXN_1113,1NWSDV4A,12.93,30309,2026-01-01 13:59:00
TXN_952,LUDOYOGJ,81.67,38311,2026-03-02 00:32:00
TXN_3475,QF9PGHCT,75.35,13974,2026-01-23 12:32:00
TXN_1160,YK7CF9TY,32.27,34744,2026-03-05 21:12:00
TXN_1964,0AOH1SF3,23.52,33169,2026-04-11 15:09:00
TXN_3931,027X291P,77.96,27006,2026-04-12 01:32:00
TXN_514,BUJ4KS3V,108.04,11830,2026-04-15 05:08:00
TXN_3311,WD570107,28.69,16393,2026-01-19 08:07:00
TXN_3888,JPP06MUQ,128.63,34546,2026-03-10 11:20:00
TXN_3813,EQVOJED4,78.03,13347,2026-04-02 03:31:00
TXN_4573,A6JIEZMG,67.89,49243,2026-01-25 20:41:00
TXN_542,I7GMT58X,18.1,19927,2026-01-26 00:29:00
TXN_4160,42XOM5CR,27.3,48847,2026-03-13 05:29:00
TXN_1632,PWQBIHRG,29.93,41019,2026-04-08 21:42:00
TXN_61,FJ0YPM05,53.55,39360,2026-01-06 14:23:00
TXN_1848,4HFCC8M0,25.57,12327,2026-02-03 01:12:00
TXN_4098,CXR3CM6P,75.51,36245,2026-02-03 02:32:00
TXN_4401,ISA0T92D,60.64,38818,2026-01-23 02:11:00
TXN_1422,JVY7VDXP,64.33,24549,2026-02-03 04:38:00
TXN_3741,D5HP1233,61.46,25138,2026-04-15 19:15:00
TXN_2567,MYGGPMMG,22.24,43625,2026-02-12 03:25:00
TXN_2792,7PTBHCL1,17.37,43351,2026-03-16 00:27:00
TXN_440,MHXTVB03,35.75,47118,2026-02-18 21:43:00
TXN_2837,NHQI537R,23.03,48193,2026-01-21 09:35:00
TXN_3086,ZXZ5KEGG,70.56,19656,2026-03-04 20:30:00
TXN_3379,99PW6SJJ,55.72,38118,2026-01-03 00:37:00
TXN_4180,S57JA38U,17.33,21876,2026-04-26 18:55:00
TXN_4701,MCSBA5DN,57.57,38393,2026-03-09 23:46:00
TXN_3122,DYX2HNZQ,30.58,28690,2026-04-02 06:52:00
TXN_4140,T34LPX6L,22.89,49063,2026-03-25 01:31:00
TXN_3937,AU6F1Z6I,102.69,23681,2026-02-09 03:31:00
TXN_4426,KST1TTY3,83.51,49945,2026-03-29 18:34:00
TXN_2221,K7IX5MP6,32.92,49061,2026-01-06 06:48:00
TXN_4172,WD1P0K78,61.62,36417,2026-03-06 05:40:00
TXN_2189,QKQ8TTYL,109.54,11646,2026-04-04 07:04:00
TXN_3362,JO8NR878,76.27,45777,2026-04-24 14:58:00
TXN_3231,WJXSFEJE,30.82,42239,2026-01-04 14:20:00
TXN_955,XGNBIGG8,61.44,43270,2026-04-23 17:27:00
TXN_3601,VNRY89YK,19.3,22982,2026-02-21 08:48:00
TXN_237,3R03XDZJ,77.93,21448,2026-04-08 16:40:00
TXN_1579,CIKDVM7A,106.13,16238,2026-04-02 22:33:00
TXN_1134,XOEAXHRS,93.32,26156,2026-02-23 13:45:00
TXN_501,ORKGP06S,29.47,48559,2026-03-01 00:55:00
TXN_4602,EMWMJMW9,21.05,24784,2026-02-14 21:51:00
TXN_2119,995MC5HJ,52.69,13885,2026-03-12 10:32:00
TXN_3086,ZXZ5KEGG,70.56,19656,2026-03-04 20:30:00
TXN_1296,4FCFR3IH,74.43,29433,2026-01-03 19:55:00
TXN_2468,UA9XAOSB,54.14,15842,2026-01-07 09:22:00
TXN_2017,BD44PGGN,41.82,17648,2026-04-28 23:31:00
TXN_929,8WACEKLU,40.55,43883,2026-03-25 18:39:00
TXN_964,ARP3Q4BV,74.46,45246,2026-04-16 20:38:00
TXN_3147,8XQP9H39,62.06,27671,2026-04-03 13:07:00
TXN_3265,0XEUDA2O,33.85,32280,2026-01-05 10:23:00
TXN_3507,GCNPON71,56.67,15402,2026-02-09 19:47:00
TXN_2979,OK8K23DH,87.83,36939,2026-04-11 15:39:00
TXN_3575,OSMYE1B9,37.24,18321,2026-02-24 16:06:00
TXN_222,17XG9WE5,109.92,12056,2026-04-18 00:05:00
TXN_4075,67BUGZXX,57.86,15940,2026-03-10 19:09:00
TXN_943,TC9AGQAT,96.02,21086,2026-02-17 05:55:00
TXN_418,9LXL61EM,81.48,17976,2026-03-30 01:54:00
TXN_2400,EWIPYIIF,24.37,18236,2026-01-22 22:57:00
TXN_729,WEW5VQ0M,70.54,47107,2026-04-01 10:31:00
TXN_336,IGK19BAU,56.97,22051,2026-04-18 12:19:00
TXN_3074,IWDNSVW0,33.66,41870,2026-03-14 07:42:00
TXN_2834,QXBH7V10,53.72,41577,2026-04-04 02:13:00
TXN_2933,XC155XMQ,44.32,19522,2026-01-04 00:05:00
TXN_1605,QL9MR7YZ,91.76,26053,2026-04-16 05:34:00
TXN_4749,396U41S7,97.34,13050,2026-01-22 08:46:00
TXN_878,CO65QJBN,60.4,47231,2026-01-07 08:31:00
TXN_3497,3LT5Z40T,63.19,39543,2026-03-01 04:28:00
TXN_4546,O7LBG4T4,43.64,23245,2026-02-15 10:45:00
TXN_4521,21RRKR44,77.42,47766,2026-02-27 01:32:00
TXN_4483,8CSZR1YD,34.69,13451,2026-04-14 11:50:00
TXN_4985,GSP13IH4,48.25,47069,2026-02-21 23:34:00
TXN_3783,4DTAPX4K,67.93,43261,2026-03-04 06:21:00
TXN_4780,WXXOGC3B,70.87,45410,2026-01-03 09:43:00
TXN_3314,9HSAQI4D,59.66,11798,2026-03-23 20:05:00
TXN_4222,DVAU9ZK1,101.12,31367,2026-01-05 13:30:00
TXN_92,R6X4Z148,66.69,10490,2026-04-19 12:26:00
TXN_3478,ZNXB8TTK,44.61,18293,2026-02-14 10:01:00
TXN_4526,M03RHRL7,71.87,40628,2026-01-12 03:05:00
TXN_2784,BSFSFSAD,29.69,29200,2026-02-28 06:10:00
TXN_2406,XRO6YS0Y,68.46,35689,2026-04-21 05:17:00
TXN_785,1OCBQGD9,64.08,22090,2026-01-21 14:59:00
TXN_2358,0WTJDY9T,42.5,14815,2026-04-17 21:49:00
TXN_2697,4TDK1E9C,27.76,27441,2026-02-01 21:14:00
TXN_3724,DBA5T8FD,31.07,18813,2026-03-27 19:40:00
TXN_4558,29C7LMLF,50.14,18468,2026-02-14 07:51:00
TXN_1634,N10A9EQ3,26.05,45553,2026-03-14 19:41:00
TXN_4727,G394HCPJ,61.72,39051,2026-01-08 00:55:00
TXN_4193,RDFGS4I1,15.32,33477,2026-02-16 11:22:00
TXN_96,JREUEYS8,26.89,41336,2026-01-26 12:28:00
TXN_2257,O7B0PNCE,29.52,43366,2026-01-25 11:28:00
TXN_4303,3XRWFG2H,34.47,33483,2026-01-24 11:37:00
TXN_3013,7FFBZMT0,32.57,47496,2026-03-28 21:18:00
TXN_339,8U72B3IM,39.12,24305,2026-01-02 00:57:00
TXN_4188,VI8EW2PZ,67.86,46518,2026-03-12 14:31:00
TXN_3183,CIC7NGLZ,51.46,35376,2026-01-08 07:13:00
TXN_4452,NIV78XU4,30.99,26538,2026-02-05 20:39:00
TXN_4582,Z7YNM2KS,42.78,12509,2026-04-10 10:35:00
TXN_4290,17VL65CI,43.63,17707,2026-01-22 18:42:00
TXN_2388,3K43T3DL,36.5,36742,2026-03-18 05:35:00
TXN_233,HLUAUVQX,22.06,40884,2026-02-03 03:13:00
TXN_1837,RSZ9X2XU,65.27,14824,2026-01-02 09:36:00
TXN_2395,KNOL907F,56.49,40224,2026-03-26 21:05:00
TXN_127,D921SYYI,40.81,44607,2026-04-13 15:53:00
TXN_2774,U4W8K1S8,43.58,32319,2026-01-07 11:07:00
TXN_3578,9LJROCFU,28.26,47850,2026-04-12 02:21:00
TXN_3416,L6J7BQ93,24.44,27958,2026-03-15 11:50:00
TXN_4889,KSR9W65A,22.23,44674,2026-01-16 16:40:00
TXN_136,9YMLHUXE,57.34,17921,2026-02-07 23:45:00
TXN_4397,3ROSYVW8,27.2,26679,2026-01-25 09:54:00
TXN_4163,4C3BDGA3,49.96,49602,2026-03-19 17:59:00
TXN_22,Z2HMY4K8,99.29,29476,2026-02-06 02:54:00
TXN_2450,FP7URP17,50.52,38132,2026-01-12 07:09:00
TXN_488,R7IPXD0U,27.79,28266,2026-03-25 23:37:00
TXN_2790,YC1WEPO1,20.26,41484,2026-04-09 14:42:00
TXN_2936,WO2G2TSY,72.42,18225,2026-02-09 02:08:00
TXN_2573,9XBUAP9B,22.85,30545,2026-01-17 15:45:00
TXN_4725,EYCR0IVA,41.55,40469,2026-03-19 04:06:00
TXN_4065,ZNRF6M5D,94.99,20395,2026-04-16 23:28:00
TXN_4456,CNHKV060,66.48,40499,2026-01-11 09:48:00
TXN_4113,PFS4M54S,21.99,12666,2026-03-26 12:03:00
TXN_778,I4V50OJ0,35.92,11970,2026-01-22 19:35:00
TXN_1637,DVYRD8II,52.71,43431,2026-04-06 00:13:00
TXN_2152,D5X7NMU6,37.47,30394,2026-02-20 16:20:00
TXN_2201,ZGLPQV7Z,54.75,25746,2026-04-16 09:59:00
TXN_1295,Q14OSQ2H,47.96,27584,2026-01-01 15:53:00
TXN_2762,7Q7SJWLF,45.93,18908,2026-01-04 11:02:00
TXN_457,NSDZG2CB,30.72,48761,2026-03-04 17:37:00
TXN_2826,R3QDNO9C,49.61,39348,2026-01-27 01:22:00
TXN_2810,4BE46048,39.96,11007,2026-03-18 20:11:00
TXN_3182,3GYNMCBE,70.01,16433,2026-02-08 07:37:00
TXN_628,1X0MVPC6,54.57,15031,2026-03-10 16:58:00
TXN_355,4YRHSW4M,92.32,48119,2026-01-09 12:36:00
TXN_141,NBKID8P6,42.88,38004,2026-03-06 08:51:00
TXN_3531,VEJW3P7F,17.83,48217,2026-01-03 13:32:00
TXN_413,AEECCY37,60.26,33384,2026-04-06 23:58:00
TXN_2644,SHZTV7BX,32.12,49954,2026-02-17 08:08:00
TXN_2440,22AV107Z,35.31,16944,2026-02-06 02:19:00
TXN_2279,9VWJRATZ,30.92,12653,2026-03-08 05:20:00
TXN_926,D8MRI5Z7,32.82,47458,2026-03-10 18:54:00
TXN_4532,0U2BGDIN,42.22,19542,2026-03-10 11:23:00
TXN_201,IF07YU8W,36.63,21336,2026-03-15 03:06:00
TXN_312,D52TLUFF,26.48,22734,2026-03-01 20:21:00
TXN_1217,R5MVE54J,57.28,38221,2026-02-25 02:35:00
TXN_670,RSC8DEBT,41.59,28285,2026-02-19 20:27:00
TXN_4285,SUHILIQA,60.85,33840,2026-04-04 13:59:00
TXN_4714,4TWQ3I1Y,95.98,11264,2026-03-23 18:32:00
TXN_3867,QVFI0547,40.14,49586,2026-03-27 23:31:00
TXN_2257,O7B0PNCE,0,43366,2026-01-25 11:28:00
TXN_3037,IDH8GCZN,50.55,32009,2026-03-19 17:37:00
TXN_3968,AY4XOZZL,68.88,29147,2026-04-19 16:04:00
TXN_4405,BZSNPU0F,38.66,36416,2026-03-17 06:02:00
TXN_2843,6K9SP49F,25.16,23743,2026-03-17 13:49:00
TXN_2104,895UUEBH,33.29,35403,2026-01-25 06:51:00
TXN_3770,6BO0F7XW,34.63,32955,2026-02-23 15:41:00
TXN_1036,YNB9NEY2,81.01,17340,2026-02-12 03:16:00
TXN_2177,OC63Y2YG,99.47,12968,2026-03-20 03:16:00
TXN_2122,GFJVEOB2,57.99,27496,2026-01-12 16:17:00
TXN_2370,78LLIHAN,37.24,15224,2026-02-07 16:24:00
TXN_1811,TMLUP0PR,49.38,11788,2026-02-03 00:12:00
TXN_2560,06TCBW40,51.18,32465,2026-04-28 04:48:00
TXN_1643,C2WUQJPS,25.9,20310,2026-05-01 18:51:00
TXN_4702,VH6Q8NT3,51.13,39465,2026-04-08 03:06:00
TXN_1418,KHR10TWN,27.85,37314,2026-04-17 13:24:00
TXN_3970,QSWJI3LK,73.49,14619,2026-03-16 07:03:00
TXN_4715,JM2C7SDF,89.49,44030,2026-02-09 20:49:00
TXN_675,CCNNJ32V,41.8,28726,2026-04-06 06:47:00
TXN_3132,5WZFNB96,54.52,15055,2026-03-01 16:05:00
TXN_4778,7DJXFKDI,24.31,45647,2026-01-12 19:26:00
TXN_854,2TZ76WDK,92.53,50232,2026-03-13 02:38:00
TXN_3367,H3VRAM7S,59.21,32300,2026-04-08 16:14:00
TXN_2174,8WGRDLCM,18.63,34470,2026-04-23 05:32:00
TXN_1001,K9L0PI4V,105.85,11990,2026-01-17 05:26:00
TXN_787,YQIHH3KY,82.01,45484,2026-02-14 17:07:00
TXN_2669,M1LSDQRV,16.12,36276,2026-04-15 06:20:00
TXN_2481,H4W7GSCI,40.88,25436,2026-03-03 06:13:00
TXN_3810,SN73Q7BZ,54.8,49427,2026-04-28 22:35:00
TXN_3528,XIGPO0XX,103.49,23785,2026-02-28 11:44:00
TXN_2196,ZK7Y7KJF,22.59,46169,2026-01-02 18:09:00
TXN_1248,ZQHH43Q0,77.54,47400,2026-04-15 04:55:00
TXN_3288,PZU5RLGG,103.81,21455,2026-02-20 10:17:00
TXN_990,WKDLZTZI,51.0,30257,2026-03-21 23:02:00
TXN_4905,PM4AGW51,45.0,42284,2026-03-21 13:23:00
TXN_1938,9CVK7J2B,51.63,13247,2026-03-24 11:56:00
TXN_2623,I6TCHZ70,85.74,26956,2026-02-09 10:26:00
TXN_1485,PKKPOZ1W,63.2,46112,2026-02-25 02:49:00
TXN_4817,F4NAA93V,43.57,18431,2026-03-25 10:26:00
TXN_120,BS9C9EVY,29.05,34661,2026-03-20 07:34:00
TXN_4827,MX537O9T,81.69,44283,2026-04-02 08:01:00
TXN_4283,6O1ABVRS,32.29,37498,2026-02-21 19:29:00
TXN_3591,H9J8E0YY,92.26,15110,2026-01-28 20:45:00
TXN_2747,0ZH8S749,81.05,24170,2026-03-09 08:37:00
TXN_3162,YK6IE3WH,24.07,47506,2026-04-22 23:32:00
TXN_643,OG20UMJY,-10,45157,2026-04-09 10:01:00
TXN_3855,1PJ7YEOR,53.34,35280,2026-01-09 06:08:00
TXN_1409,IXXWBMOT,54.91,43485,2026-01-25 04:38:00
TXN_4237,99GPB92G,38.78,39795,2026-02-21 02:44:00
TXN_3766,959SB9XO,41.37,44853,2026-04-12 07:11:00
TXN_4449,106SK71F,68.08,32087,2026-04-22 10:47:00
TXN_3546,ZT48838O,107.41,14621,2026-01-23 10:02:00
TXN_2883,I490GNPA,26.08,15827,2026-03-02 15:38:00
TXN_2820,MZAXUOP8,53.84,39753,2026-03-17 03:40:00
TXN_4093,AR7O7PVU,35.06,14989,2026-02-12 01:14:00
TXN_1375,O4E1I3DQ,36.9,46759,2026-02-03 01:22:00
TXN_2026,HR8XQ066,37.96,32793,2026-02-28 00:03:00
TXN_3109,798JBJKO,25.33,36510,2026-01-31 12:26:00
TXN_4365,L2KXHDO0,56.75,12483,2026-04-01 06:12:00
TXN_3456,ZJ5H1CS0,109.88,15543,2026-02-22 05:21:00
TXN_2330,IYJXAVKO,42.14,46932,2026-04-30 09:14:00
TXN_3665,ZU83LSV1,104.05,35147,2026-03-05 18:17:00
TXN_2485,F2F13ZG8,30.1,10233,2026-04-20 19:46:00
TXN_2352,3HW4RF02,45.95,18516,2026-02-24 11:43:00
TXN_3805,8LVYLV56,12.75,44579,2026-02-12 06:04:00
TXN_3045,67MZR59M,81.83,26281,2026-03-25 09:29:00
TXN_4646,OQNT09T7,39.09,42220,2026-04-14 06:27:00
TXN_619,AU1LYR9P,68.0,36910,2026-02-14 01:54:00
TXN_4630,GNKCUE95,50.33,41779,2026-03-06 01:47:00
TXN_2716,O3DF14E1,48.65,26471,2026-03-14 06:58:00
TXN_4474,CUR16IB4,87.94,18453,2026-01-10 21:30:00
TXN_3467,GWRXQZHD,47.01,46210,2026-01-04 15:30:00
TXN_1152,NRIHU0AK,36.32,37075,2026-03-13 14:58:00
TXN_3900,X6CDCD6G,34.95,44055,2026-01-18 17:07:00
TXN_2647,623QMEYV,51.85,11591,2026-02-04 10:49:00
TXN_1798,ZSZXOJ9D,78.74,18037,2026-01-10 04:11:00
TXN_2793,ES593SPW,45.34,31387,2026-04-03 13:08:00
TXN_1344,F3NFYDRM,26.03,10651,2026-02-07 07:28:00
TXN_790,FSI6U118,32.17,48046,2026-02-02 22:08:00
TXN_4305,M2UYINO7,49.71,29792,2026-04-02 17:05:00
TXN_3843,6O3NIX7T,77.71,16588,2026-01-24 13:12:00
TXN_585,3NRRLN97,46.92,36156,2026-01-06 12:14:00
TXN_269,B6FTZ9DN,20.12,30480,2026-01-26 01:17:00
TXN_3055,853I17W0,84.08,31116,2026-03-29 14:37:00
TXN_1966,5NW3LON2,24.89,23554,2026-03-28 22:17:00
TXN_1072,41RKX2Z4,90.03,45881,2026-03-02 23:14:00
TXN_1869,JUOFBHGU,75.12,27694,2026-01-22 18:28:00
TXN_837,FGHGJNCY,65.72,27403,2026-04-28 15:46:00
TXN_2323,9DJJ66JQ,19.42,40104,2026-03-15 13:27:00
TXN_3258,XKPKGUVV,60.24,46002,2026-03-14 13:14:00
TXN_3891,ROYJ8FZC,30.84,23902,2026-01-24 15:28:00
TXN_1145,4IUWKIQK,24.24,19178,2026-01-08 09:59:00
TXN_4475,QAXRD4P7,44.12,40700,2026-02-20 09:24:00
TXN_2538,NV49YO2X,69.3,13816,2026-01-29 17:42:00
TXN_2562,X7XQMLQ2,41.09,22261,2026-03-17 18:16:00
TXN_3700,WD1P0K78,23.66,36042,2026-04-29 14:29:00
TXN_4240,ALMB88SC,76.46,47780,2026-01-17 19:11:00
TXN_185,NZ6BLQ0S,47.82,23269,2026-01-28 03:53:00
TXN_2217,6291FD0J,51.16,35071,2026-02-11 03:35:00
TXN_1871,30TIMYSM,27.02,27253,2026-01-22 01:19:00
TXN_1531,OEQAENNG,40.43,45556,2026-03-22 17:51:00
TXN_2919,Q0I9SPBJ,27.28,40497,2026-01-22 09:58:00
TXN_1290,GAH6UVEJ,88.97,48808,2026-01-25 12:28:00
TXN_4950,6TBY5NLU,81.17,23548,2026-02-18 02:21:00
TXN_4414,K53FP6PO,33.91,42823,2026-02-12 12:08:00
TXN_1377,9WEJKNR9,33.73,42145,2026-02-19 03:34:00
TXN_1625,CUQXAKN4,48.0,13289,2026-03-05 07:54:00
TXN_3072,U2H8NWYX,54.97,21529,2026-02-04 08:30:00
TXN_4719,GUPEJP8Z,31.4,22419,2026-04-21 20:25:00
TXN_2846,FDH524G0,78.2,32330,2026-01-10 01:25:00
TXN_135,2TBJCQYT,95.92,16692,2026-01-20 15:55:00
TXN_3940,H1IPMAY0,32.33,27334,2026-01-22 19:32:00
TXN_3989,B752G4F6,65.03,21899,2026-02-01 11:22:00
TXN_4479,3V2GB1HY,31.57,22919,2026-03-16 09:58:00
TXN_1270,QJUPJ17A,23.55,22003,2026-02-03 09:42:00
TXN_4675,NSSW2N7B,29.07,34295,2026-04-15 14:29:00
TXN_3811,VLAM1VKF,96.21,21926,2026-04-15 20:30:00
TXN_4969,HGCQENV9,32.8,31012,2026-03-25 16:52:00
TXN_2934,HM15DO0O,51.04,19377,2026-02-19 01:49:00
TXN_577,IA9EMUSB,23.99,43847,2026-02-19 22:59:00
TXN_3631,8I637DQ8,69.08,45883,2026-02-20 17:14:00
TXN_4171,3FQ7YZ2U,33.91,38691,2026-04-16 21:45:00
TXN_2049,64JWGDWN,68.51,49258,2026-04-26 14:44:00
TXN_1424,J69DTVKT,54.16,13779,2026-03-15 15:00:00
TXN_4711,3L46F0NW,54.68,31535,2026-01-27 19:44:00
TXN_4591,UZSBYGHX,51.26,35767,2026-01-13 15:51:00
TXN_126,YM5DMBTX,15.01,39519,2026-02-07 15:16:00
TXN_2847,SUX9ORVD,64.72,44444,2026-03-15 22:15:00
TXN_1053,7DKNBLR1,57.33,26748,2026-02-27 07:31:00
TXN_4883,KU9MWZUY,14.26,25444,2026-04-18 12:28:00
TXN_3951,YHTRH2VO,20.26,38392,2026-02-01 16:52:00
TXN_2324,6C2L0F1Z,85.88,28786,2026-04-04 11:21:00
TXN_2250,GBIWVI1X,20.11,31951,2026-04-24 04:45:00
TXN_2751,GPXHT7BZ,53.25,25057,2026-01-06 17:17:00
TXN_1990,JIC1VE13,42.79,11707,2026-03-08 20:17:00
TXN_4057,1RMZK3XF,18.64,30405,2026-01-10 21:34:00
TXN_4009,A8XFWS08,60.21,35448,2026-03-02 22:27:00
TXN_985,9A84RMGI,35.43,21108,2026-04-17 13:40:00
TXN_3032,ATHUI6LG,30.7,28332,2026-03-10 10:13:00
TXN_4249,Z9RO1QE0,22.21,24643,2026-03-23 02:11:00
TXN_1489,M0BIKQ58,86.9,18423,2026-02-04 10:12:00
TXN_278,38WT2OJM,91.62,45512,2026-02-19 06:38:00
TXN_472,U1D1A3AD,51.32,12003,2026-04-25 03:13:00
TXN_1187,B1PVAYT9,65.61,27021,2026-03-14 14:23:00
TXN_3987,OB0EH428,90.81,27166,2026-01-16 16:18:00
TXN_3842,U1F5GCZB,75.11,13215,2026-02-22 06:22:00
TXN_3733,UEBNBCKE,53.53,13371,2026-02-19 01:24:00
TXN_2222,AC1ZCA3D,74.39,42681,2026-03-16 07:28:00
TXN_3924,HPI1HIVC,83.64,44180,2026-02-22 02:10:00
TXN_4096,JHQWW1MH,64.61,21020,2026-04-01 04:21:00
TXN_4636,0FY6ERGW,20.8,19744,2026-01-15 07:06:00
TXN_4242,987H8QZW,31.04,17160,2026-02-04 23:42:00
TXN_505,5IGL2CE6,24.45,28449,2026-04-24 00:37:00
TXN_1175,HUZYA2WN,21.8,45641,2026-03-01 01:44:00
TXN_437,58X6G7TW,23.66,39502,2026-03-08 10:36:00
TXN_4206,LNL9JJLM,86.3,35581,2026-01-28 11:37:00
TXN_2459,FUFCNGNP,53.97,49516,2026-01-16 09:55:00
TXN_3943,UOAJKSNE,79.92,37331,2026-02-10 09:26:00
TXN_286,RAJPPGQA,32.1,15856,2026-01-17 05:08:00
TXN_4537,YVFUK6MC,40.59,36860,2026-04-25 20:26:00
TXN_1247,J5WR4A3W,25.87,29866,2026-03-20 23:06:00
TXN_5,SQ8XTMJM,80.43,48196,2026-03-04 12:21:00
TXN_62,AXESDW86,74.22,25004,2026-03-15 08:30:00
TXN_51,M8UOCWFD,58.44,41001,2026-02-23 15:40:00
TXN_911,Q30CUFBO,25.41,15959,2026-01-06 15:47:00
TXN_3111,78NXCPEZ,18.63,48400,2026-01-28 21:52:00
TXN_1063,LHOINIRJ,46.83,26983,2026-03-01 13:27:00
TXN_2506,CSUXJ2K2,57.07,18434,2026-02-24 15:52:00
TXN_180,3QZ1NLU5,46.27,24312,2026-03-26 03:10:00
TXN_4836,T09A1NVI,34.08,49232,2026-02-25 12:21:00
TXN_3817,KJT56N99,62.28,39257,2026-03-31 21:10:00
TXN_4007,KH3BZQMU,17.91,48327,2026-03-27 15:24:00
TXN_1609,499P1J1R,70.79,48923,2026-04-22 05:05:00
TXN_2038,IYPL7U44,31.87,21515,2026-02-06 01:51:00
TXN_4510,2P329OHH,74.6,34609,2026-02-03 13:15:00
TXN_635,189OZ4OW,46.07,17411,2026-03-28 02:24:00
TXN_2881,LHPMAPIC,89.08,14342,2026-02-25 10:57:00
TXN_1801,9DYPN3XU,44.52,45638,2026-01-25 20:38:00
TXN_568,7OIZIOGB,72.44,40829,2026-04-15 19:29:00
TXN_4068,JBK85PCF,50.41,12719,2026-03-26 03:41:00
TXN_4112,QSXGGYK9,80.14,45905,2026-02-24 15:40:00
TXN_918,8RKPPSKC,35.77,20527,2026-01-08 20:35:00
TXN_3840,WZFV5F5S,49.79,31252,2026-02-13 11:49:00
TXN_1304,Y2NAH1LB,34.87,39107,2026-02-03 13:46:00
TXN_3328,7PZ16WIT,32.17,38648,2026-02-24 08:30:00
TXN_4174,I2CPVU1B,59.48,41633,2026-01-17 12:20:00
TXN_3662,LFT4VT92,33.74,29784,2026-02-01 12:01:00
TXN_1562,62ZKPKIQ,77.37,25739,2026-03-12 20:29:00
TXN_3392,HP42TER7,65.84,12153,2026-03-16 00:56:00
TXN_3070,7M3KK8AR,29.68,29162,2026-03-13 09:23:00
TXN_2011,TB8E672J,18.26,21286,2026-02-01 05:50:00
TXN_36,G8C3W3J6,49.71,33853,2026-03-02 09:23:00
TXN_1957,PD8DRWQQ,31.4,12644,2026-01-06 08:04:00
TXN_3537,S4V4SU1A,29.91,27777,2026-01-20 15:09:00
TXN_3603,EPCDWT0K,41.01,22114,2026-02-02 12:31:00
TXN_3587,I148ER8Y,33.2,10727,2026-01-23 02:03:00
TXN_1826,2AI1HJHL,29.35,35838,2026-03-14 23:11:00
TXN_3099,BF7882UV,92.29,42072,2026-03-31 18:23:00
TXN_1400,VSBUU7Q3,64.03,34909,2026-04-05 15:59:00
TXN_4322,XVYEXQ1I,14.76,17896,2026-04-23 15:34:00
TXN_2172,5DXOLI5H,87.43,40894,2026-04-14 05:21:00
TXN_1999,7X4TBTIQ,44.74,36122,2026-03-30 21:59:00
TXN_541,TWQ78S4Q,70.05,27837,2026-04-24 23:07:00
TXN_1676,74L1VJPY,14.24,25978,2026-04-02 13:09:00
TXN_484,AKEFKY2T,74.72,26171,2026-03-28 19:12:00
TXN_4911,X5KFYIK9,22.97,33099,2026-04-24 06:12:00
TXN_1303,GY3NUMFJ,57.44,30247,2026-01-13 20:36:00
TXN_2888,S559C8XW,103.42,24640,2026-02-11 02:55:00
TXN_2494,R7AD64KA,74.12,21923,2026-03-14 15:11:00
TXN_1917,NAQKX51I,50.58,21592,2026-03-15 23:57:00
TXN_1875,MTTXMGCF,59.67,49172,2026-04-30 15:20:00
TXN_1096,4PTZ18GM,77.03,48750,2026-04-14 08:31:00
TXN_1714,MSWDSNPU,85.64,48978,2026-03-30 02:04:00
TXN_454,N1G4EVJW,90.46,11398,2026-02-05 05:49:00
TXN_3455,4V56EW5R,36.91,50150,2026-01-14 02:00:00
TXN_3438,ZV52UFPC,58.52,42771,2026-04-21 20:20:00
TXN_466,36TXU0WE,87.83,26964,2026-03-02 02:43:00
TXN_3825,95PWXA4M,81.35,26563,2026-04-16 18:42:00
TXN_2608,D9NUGX3N,56.69,40784,2026-03-30 07:21:00
TXN_2666,0DBOGK8P,74.42,19328,2026-01-23 05:12:00
TXN_3768,25RIYTI7,86.72,38595,2026-04-28 04:27:00
TXN_3980,2YUODIM6,52.94,18341,2026-04-14 21:24:00
TXN_4611,SUOBWPWE,78.09,33925,2026-04-14 19:50:00
TXN_3618,CYX38VTU,32.58,36572,2026-04-20 09:00:00
TXN_4392,IQ3ALSOU,24.1,39320,2026-02-18 21:22:00
TXN_1722,L7V2L6ZK,86.41,27536,2026-04-04 00:01:00
TXN_4410,EYAGXK4M,46.76,40855,2026-02-09 23:58:00
TXN_3301,QVGBOEXZ,86.18,49959,2026-01-28 00:54:00
TXN_1555,BM0KQ2GL,80.72,28498,2026-04-15 16:15:00
TXN_2978,1LV5FG2H,49.12,18213,2026-01-15 02:03:00
TXN_570,SWDTDJBT,98.7,17464,2026-02-09 23:34:00
TXN_2580,WBA9PWHE,98.07,16504,2026-01-21 15:43:00
TXN_48,JA2SDX2W,90.22,36452,2026-01-22 16:28:00
TXN_3079,IWYWY7H9,91.28,34385,2026-01-02 00:13:00
TXN_4127,X3IS9M3R,35.72,47798,2026-02-07 03:46:00
TXN_2159,BWPL9LUY,58.33,12413,2026-04-16 06:36:00
TXN_4761,UEW9HO91,17.78,17649,2026-01-03 23:26:00
TXN_1904,UGPXNOYQ,81.95,18228,2026-01-20 09:53:00
TXN_4063,S1YRMOHP,85.15,35817,2026-03-14 20:39:00
TXN_4271,9AAN4WRF,95.95,19761,2026-01-10 01:48:00
TXN_146,RP383TO0,65.5,19023,2026-01-05 21:34:00
TXN_836,YG3YERRD,37.31,11441,2026-01-27 13:40:00
TXN_1854,2N477KCD,35.21,40236,2026-01-23 17:32:00
TXN_2651,7TMGGAJ0,22.86,19153,2026-01-16 07:04:00
TXN_1267,5MBPYCQH,64.2,11885,2026-04-13 22:02:00
TXN_982,FBIZFYRI,61.03,45211,2026-01-30 23:10:00
TXN_1642,6FQ1A0FV,27.79,23679,2026-03-17 12:44:00
TXN_3918,ME8NXN7O,41.56,30892,2026-03-13 14:45:00
TXN_2020,R3RBIH7X,20.78,46001,2026-04-27 11:32:00
TXN_2272,5IAQ74KW,41.79,46572,2026-02-01 23:12:00
TXN_209,HOAJKRXJ,16.45,29381,2026-04-11 11:54:00
TXN_1671,SG0Z0I4Z,35.51,19282,2026-04-23 05:20:00
TXN_3909,16OH3D7P,14.83,42332,2026-01-22 05:14:00
TXN_2734,CEN8J8MR,30.03,35968,2026-03-14 13:48:00
TXN_2179,XA5S1Y6I,45.11,12308,2026-03-01 11:52:00
TXN_3555,IYLZGPDS,44.96,24992,2026-03-25 09:34:00
TXN_377,616CKZU1,63.39,32182,2026-04-24 21:38:00
TXN_268,XPOOICBX,52.57,30435,2026-03-13 03:17:00
TXN_2044,XTK9NCOR,86.23,11418,2026-04-15 00:46:00
TXN_2974,O8F7HT9P,88.58,35998,2026-01-06 00:43:00
TXN_3502,NCMY6J1Y,19.92,38502,2026-02-01 09:55:00
TXN_2715,3HSYF3OX,23.45,25942,2026-04-16 21:25:00
TXN_3017,92G6TNAE,56.72,19165,2026-04-26 05:03:00
TXN_2050,CWOAEJ1M,37.11,27220,2026-02-23 01:14:00
TXN_3679,39PWF7CG,88.72,39208,2026-01-19 03:58:00
TXN_1507,C4VUUYBF,55.38,41703,2026-04-16 23:25:00
TXN_2542,620EDEIS,104.24,25980,2026-02-28 23:14:00
TXN_2878,5Y6K3NH9,89.0,38809,2026-04-21 02:24:00
TXN_3431,FI0J73AC,47.99,12257,2026-03-13 20:44:00
TXN_4184,ELS9IMK1,38.4,32735,2026-03-12 10:04:00
TXN_3440,QBE1J73Q,27.09,39573,2026-02-06 08:27:00
TXN_2984,XXI3SZCU,51.91,38922,2026-01-07 15:25:00
TXN_4875,WRJPPQKW,55.67,31902,2026-05-01 10:07:00
TXN_3422,B0T1ZA4U,18.55,26785,2026-02-11 11:24:00
TXN_4617,PQQSAOLX,87.04,45577,2026-04-25 13:44:00
TXN_4915,2Z2W24QO,52.77,24784,2026-04-02 15:26:00
TXN_2760,D79AQNXI,21.95,23712,2026-01-23 19:05:00
TXN_1627,0XUTSLWD,52.81,10610,2026-03-09 21:43:00
TXN_181,IFU116IK,54.95,45307,2026-04-13 05:08:00
TXN_4973,K1HD3LSM,23.02,14194,2026-02-11 11:38:00
TXN_2316,DB59GQJC,92.55,48079,2026-04-30 17:35:00
TXN_4467,U6CX4CKM,64.84,18178,2026-01-28 01:02:00
TXN_3904,8Q5R260U,80.45,17509,2026-04-13 21:54:00
TXN_2957,BSKXI5I4,28.46,26476,2026-04-04 19:52:00
TXN_1289,FAET8OHK,72.0,31016,2026-02-02 22:40:00
TXN_2362,SZL28467,26.51,23768,2026-04-27 17:39:00
TXN_186,S5LNCW0O,31.37,12448,2026-04-12 16:34:00
TXN_3033,G3QADTZG,20.45,28645,2026-04-13 23:47:00
TXN_476,CU32ZSZB,,27699,2026-03-12 07:27:00
TXN_2654,MT27M3TL,22.49,30716,2026-03-11 10:01:00
TXN_2545,S4RS2UJP,74.89,34603,2026-03-08 00:28:00
TXN_150,LIGNH8KI,25.4,19073,2026-04-12 19:30:00
TXN_4480,M3ZK5NVY,43.88,47708,2026-04-26 00:13:00
TXN_4720,YHZMEUQ1,84.52,42679,2026-04-22 04:03:00
TXN_296,7XIA4NX0,26.1,48712,2026-02-22 21:16:00
TXN_4476,W987KKQ9,100.11,38952,2026-01-15 07:29:00
TXN_2268,VZS7URCJ,91.65,19706,2026-02-28 05:17:00
TXN_3494,IZ1SETXV,35.79,14993,2026-01-31 04:52:00
TXN_3864,SNR9ZVNS,77.34,45585,2026-04-18 04:42:00
TXN_812,PWXZEKF5,94.41,14242,2026-04-28 21:49:00
TXN_3905,3IOFI8KJ,61.16,26514,2026-04-11 11:37:00
TXN_1456,CWKEC125,50.62,21694,2026-01-16 04:25:00
TXN_2731,SMTL1ID5,46.28,33812,2026-01-20 22:44:00
TXN_1674,QQM4DO31,92.7,12583,2026-04-30 06:29:00
TXN_1954,JF9I2EH0,40.77,45274,2026-04-29 10:51:00
TXN_4895,RUYFOAHL,57.62,29176,2026-01-22 07:53:00
TXN_2302,1NLYVVL0,100.19,21964,2026-01-17 07:04:00
TXN_BAD_9391,INVALID_VIN,50,20000,2026-04-10 10:00:00
TXN_2541,CWTGGQJ9,66.63,45790,2026-01-20 06:19:00
TXN_2100,3D2T7AGY,17.67,32161,2026-01-04 13:46:00
TXN_1629,OXM09LYB,38.59,40405,2026-04-03 13:32:00
TXN_4593,FWRXFQ41,72.23,33629,2026-04-26 21:43:00
TXN_335,BN5EHWV4,38.0,13472,2026-04-04 04:39:00
TXN_4828,YAKGXNJF,58.99,43458,2026-02-27 13:06:00
TXN_512,BZT26K0L,22.15,45287,2026-01-22 14:49:00
TXN_3695,VKCT5V0V,22.79,49504,2026-01-11 10:12:00
TXN_2612,MRCSFLHY,18.39,11006,2026-04-11 07:18:00
TXN_1666,51T7A5SN,26.81,16298,2026-02-23 10:50:00
TXN_3348,6Q6KG6M6,83.52,44623,2026-01-04 20:53:00
TXN_4615,P2K7TWST,76.78,36879,2026-03-19 23:43:00
TXN_204,5EGTAGZA,91.11,34946,2026-01-28 13:29:00
TXN_4282,5FWBGY5R,59.04,49888,2026-03-22 22:00:00
TXN_3446,EH5PI697,80.85,42434,2026-01-17 16:29:00
TXN_1249,BH52138L,54.2,16587,2026-01-24 08:57:00
TXN_1750,D1SH5LP8,21.68,24624,2026-01-17 18:48:00
TXN_2741,821Z8PL6,101.88,34284,2026-03-21 02:43:00
TXN_3623,Z7YNM2KS,41.05,12283,2026-03-08 21:13:00
TXN_2417,EJAIANX1,62.94,31131,2026-01-21 09:36:00
TXN_1308,L28TLNV7,49.76,17237,2026-01-06 22:58:00
TXN_4599,II2YVDW5,38.93,36256,2026-03-03 19:34:00
TXN_2886,Q4M5PX54,79.82,28108,2026-04-03 15:18:00
TXN_3243,1P1ABQG5,33.26,47020,2026-03-19 13:59:00
TXN_2833,A9JKG9AJ,13.75,49698,2026-01-28 23:51:00
TXN_31,IQYNU3OO,39.3,31384,2026-04-21 12:13:00
TXN_3306,48VGMDF6,55.0,27683,2026-04-23 02:02:00
TXN_4880,U54UC91C,64.24,15706,2026-03-15 02:12:00
TXN_942,HMY1T5B6,67.26,29777,2026-01-25 06:59:00
TXN_1447,BG3IIPN9,38.48,25634,2026-02-17 17:35:00
TXN_1465,E7J2OY8C,103.4,31026,2026-04-08 20:13:00
TXN_2479,0LJ42FPC,68.59,29353,2026-03-04 02:46:00
TXN_2649,A0BBFDPH,46.39,34872,2026-03-11 02:16:00
TXN_3272,9P69OMR8,35.37,23695,2026-01-31 19:08:00
TXN_617,EWHIEAXA,26.75,39935,2026-02-26 12:40:00
TXN_1006,VUOS0L69,73.74,24222,2026-01-09 23:34:00
TXN_574,XN6X2UEX,57.18,31690,2026-01-18 07:26:00
TXN_4025,JLI4U0LR,45.87,24955,2026-03-14 15:30:00
TXN_4538,46S2PHRA,80.95,21906,2026-01-10 14:30:00
TXN_1002,E6DKH47H,80.41,12478,2026-02-05 08:00:00
TXN_1383,GZV6HSSL,78.27,43874,2026-03-29 00:48:00
TXN_764,0SH09M7O,67.07,42593,2026-02-17 05:26:00
TXN_232,LZ8Z7978,43.82,49556,2026-03-05 00:44:00
TXN_4750,6IU04QAU,71.02,22814,2026-03-11 03:58:00
TXN_962,2BBUX01L,57.8,36362,2026-04-23 23:36:00
TXN_1378,N4H26D2B,36.71,40832,2026-01-26 23:04:00
TXN_3823,OTX5OBU0,58.52,49560,2026-04-29 06:01:00
TXN_4060,MAOLXUXW,84.99,25048,2026-04-08 23:32:00
TXN_3872,RHZVKS16,86.72,17394,2026-03-23 04:20:00
TXN_277,PPYA6CKJ,23.71,20889,2026-04-15 13:36:00
TXN_2261,9HDC00IN,55.42,25984,2026-01-06 16:13:00
TXN_4953,DLD3FIEC,100.47,12303,2026-01-11 08:08:00
TXN_225,BXWFE2B1,56.81,38143,2026-01-25 08:54:00
TXN_4734,O0WV9CB4,30.19,20367,2026-04-26 05:09:00
TXN_811,CO6OXTXG,,15122,2026-03-18 00:07:00
TXN_1154,ZQ3K3U36,22.27,35812,2026-04-29 11:41:00
TXN_1264,HES7DKYA,61.49,18033,2026-03-29 08:58:00
TXN_2730,F09TOP9Q,34.88,47270,2026-04-26 20:08:00
TXN_4610,G4ECTM2I,53.11,21000,2026-02-13 00:45:00
TXN_1171,VUUG7SA9,53.98,48172,2026-01-29 01:49:00
TXN_4597,2UAZGNDG,39.75,32768,2026-02-07 08:22:00
TXN_3377,ZEYVHLOV,72.95,14242,2026-03-16 05:36:00
TXN_3735,JJ5BODF8,78.11,50326,2026-04-25 19:57:00
TXN_816,1YI2YVYL,65.57,48975,2026-01-15 23:48:00
TXN_4952,YBL77609,35.95,27457,2026-02-02 20:54:00
TXN_4450,QFR9P42R,27.9,14924,2026-02-22 13:28:00
TXN_1455,NJMLENMQ,79.74,44088,2026-03-02 00:32:00
TXN_4614,JSAPCM0E,96.61,18941,2026-01-14 21:05:00
TXN_2743,19VBZ0AV,88.22,39645,2026-02-01 12:13:00
TXN_3863,1SEL8OWI,48.2,39776,2026-01-29 08:53:00
TXN_378,DXJ8JNBD,76.23,44374,2026-03-28 18:35:00
TXN_4755,0GV387VP,57.44,10994,2026-03-30 06:48:00
TXN_2229,VSLEID10,69.88,38054,2026-01-19 07:37:00
TXN_2960,R5VUTHHJ,70.11,28697,2026-02-26 22:14:00
TXN_3520,SBVQ6IYL,88.73,20779,2026-01-17 13:53:00
TXN_2510,KQDN865D,71.35,33065,2026-03-05 22:50:00
TXN_1343,AAUY0JV1,51.26,21988,2026-01-23 07:48:00
TXN_3176,0XV403AY,41.16,34716,2026-03-17 09:11:00
TXN_2677,03Z9AYKO,17.52,25890,2026-04-17 22:54:00
TXN_809,0ZWJQ5QW,18.22,45018,2026-04-01 00:59:00
TXN_4569,8A2J1T3V,56.65,48094,2026-03-02 04:47:00
TXN_220,PHPFGN8A,61.9,47355,2026-01-03 19:04:00
TXN_4092,XMLXTTMT,67.59,11753,2026-02-18 17:34:00
TXN_132,MDZWB0Z7,42.79,32279,2026-01-29 20:56:00
TXN_158,5MKHIYGB,68.11,18767,2026-04-29 07:01:00
TXN_3121,3N4POSAA,37.0,28174,2026-01-09 11:07:00
TXN_988,0FOAS4MQ,45.36,31723,2026-01-10 19:33:00
TXN_4829,NLHSR2X5,57.65,44870,2026-01-02 20:09:00
TXN_248,PG9J36SS,51.64,12734,2026-03-01 06:46:00
TXN_101,AT3ETF2G,82.99,31960,2026-01-05 22:29:00
TXN_4496,A39TYKG1,78.24,48283,2026-02-23 14:59:00
TXN_494,7OHL5WTQ,23.6,39492,2026-04-20 19:11:00
TXN_3525,I6HJXROP,79.13,24253,2026-03-10 04:42:00
TXN_2930,HHXLIVJR,20.07,38039,2026-04-17 01:14:00
TXN_4882,OYB0KT11,73.37,18239,2026-01-17 15:50:00
TXN_1701,P3N8N9JM,87.54,30915,2026-02-01 10:43:00
TXN_4245,JBQ99I2X,21.82,18243,2026-03-22 08:27:00
TXN_3189,BR4P5Y0U,77.29,32704,2026-01-08 15:52:00
TXN_1983,BKK1LDJG,29.15,43828,2026-02-16 19:37:00
TXN_1630,U8KUBGUR,55.41,22294,2026-01-16 11:42:00
TXN_4343,1LIGKCFH,29.55,26359,2026-04-22 13:48:00
TXN_2671,95E1KAPI,37.15,18439,2026-04-03 18:16:00
TXN_3927,1A0WHFYT,58.4,25278,2026-02-25 17:18:00
TXN_4742,MDFUJPS4,94.2,39263,2026-02-07 07:08:00
TXN_455,GC2CPW3D,68.77,22293,2026-03-28 04:03:00
TXN_1797,SA5YZQFN,60.88,16728,2026-02-19 08:30:00
TXN_1528,K4G6N70K,62.85,46903,2026-01-06 07:39:00
TXN_4118,BL1HFDJS,12.89,36493,2026-03-31 01:41:00
TXN_3083,T1208AUB,40.3,32060,2026-04-13 06:39:00
TXN_2132,TVOV1F85,88.41,26745,2026-02-07 23:57:00
TXN_1817,5XUZG68T,79.45,13953,2026-02-19 11:31:00
TXN_3652,DPD8OGIH,75.97,39299,2026-03-11 15:52:00
TXN_2427,8PWFE0Z4,39.29,28664,2026-02-03 08:55:00
TXN_4803,XTQ05DQV,83.68,13105,2026-01-22 22:29:00
TXN_3002,W2OR25G1,99.61,45615,2026-02-02 13:11:00
TXN_3240,6U1D04MF,106.12,49195,2026-03-04 07:37:00
TXN_166,OE8VB6ZN,26.48,30277,2026-02-24 18:26:00
TXN_3707,19VBZ0AV,84.56,40049,2026-02-17 21:13:00
TXN_319,FVXJ7GZQ,80.72,45084,2026-03-05 23:45:00
TXN_4086,AD2SVCRH,26.57,41270,2026-01-24 01:48:00
TXN_1765,CYH2L7IJ,59.15,23598,2026-02-26 13:31:00
TXN_1481,DNM9O5D6,71.54,22860,2026-03-14 17:52:00
TXN_1462,YM26N0SS,18.92,31887,2026-03-27 03:02:00
TXN_2913,OB71DGU7,43.63,39751,2026-04-16 13:22:00
TXN_325,197SAI2G,60.44,39440,2026-01-25 13:43:00
TXN_391,LTDU1ITQ,33.58,42211,2026-01-30 22:52:00
TXN_2724,4BQ5U587,23.11,34570,2026-01-25 17:02:00
TXN_699,4SLGL6DJ,90.46,26122,2026-01-30 06:52:00
TXN_1547,H09A75PH,91.16,27639,2026-01-21 08:25:00
TXN_2610,2FPZJ6O5,41.34,44089,2026-02-24 14:17:00
TXN_2490,J5FTPSPB,35.68,10807,2026-01-19 14:37:00
TXN_693,J2ZR8QS6,57.5,43678,2026-01-03 06:34:00
TXN_2606,Z459P6NK,25.99,13489,2026-02-22 14:26:00
TXN_2638,BMUKU84S,42.64,45833,2026-02-26 00:57:00
TXN_2116,4MI9U7TP,81.61,32002,2026-03-25 15:29:00
TXN_2804,AXX8R57A,81.89,39577,2026-02-15 10:58:00
TXN_3913,GY5C5S33,76.88,38923,2026-04-12 21:43:00
TXN_4004,ZGPOAARN,0,35664,2026-01-19 03:09:00
TXN_851,TJD7ETPK,65.39,18779,2026-01-25 03:13:00
TXN_2184,5GAFRRJ0,42.3,21834,2026-02-14 02:40:00
TXN_4394,X1GX6F2C,39.69,15803,2026-03-13 10:45:00
TXN_1302,BZLHF8B8,20.55,23391,2026-01-24 08:01:00
TXN_896,EE6MZMZ7,20.51,48289,2026-04-18 15:00:00
TXN_98,J67TU3K9,77.03,16382,2026-03-18 00:09:00
TXN_4944,IA7YKJG6,34.7,30159,2026-03-22 12:39:00
TXN_2550,62OAJLEP,41.8,18850,2026-04-05 19:52:00
TXN_157,4ER4K964,26.39,14132,2026-03-11 06:25:00
TXN_1434,RRWYO246,23.15,39875,2026-04-24 02:46:00
TXN_2024,SGJBBN52,80.33,21989,2026-02-18 16:40:00
TXN_1608,5K95O00M,103.33,19912,2026-01-03 02:53:00
TXN_343,3FS2N6U1,65.98,45780,2026-01-22 10:20:00
TXN_913,HE1ERM04,34.07,47782,2026-04-05 22:29:00
TXN_3873,7I32PP6N,78.49,24105,2026-02-19 03:11:00
TXN_4374,8HMPROC6,79.64,47580,2026-01-03 05:23:00
TXN_2058,1GS6QV8X,26.11,47694,2026-01-02 05:01:00
TXN_1686,AFTH24R2,90.7,11245,2026-04-11 21:26:00
TXN_2133,GL916QGO,88.54,11004,2026-05-01 18:01:00
TXN_2615,Z8OKL2Z0,38.19,46226,2026-03-16 22:39:00
TXN_3588,2K89FCGJ,35.8,28091,2026-03-01 23:50:00
TXN_381,90924PEZ,77.98,17498,2026-03-12 12:43:00
TXN_849,QVZRQSSA,77.94,15731,2026-02-15 14:26:00
TXN_490,HAUDSQ0X,59.15,44638,2026-02-19 23:59:00
TXN_70,UZQNIE5G,29.94,12622,2026-04-26 09:16:00
TXN_4168,8VFQ73CO,52.99,22191,2026-04-17 17:28:00
TXN_1328,RR34XNM3,70.62,28594,2026-03-16 16:03:00
TXN_578,UDHIZYH4,85.17,28259,2026-03-17 23:10:00
TXN_1895,6VUJHFZE,18.62,25110,2026-03-11 03:25:00
TXN_1,QFVULNOY,49.7,29651,2026-01-17 21:36:00
TXN_142,06VAVQMK,49.67,49009,2026-01-30 10:42:00
TXN_4605,IVK4O0AZ,75.93,14548,2026-04-02 23:11:00
TXN_3799,PO6A9919,93.44,10670,2026-01-22 10:05:00
TXN_77,IB73MUDF,93.7,46390,2026-02-12 15:38:00
TXN_4313,UODJDTJ5,17.87,44302,2026-03-17 01:58:00
TXN_1940,24K1OQNV,41.25,40139,2026-03-17 21:01:00
TXN_470,NTMARTWT,71.86,17315,2026-01-30 00:29:00
TXN_3259,PGPYMU3J,89.44,36304,2026-03-21 23:02:00
TXN_1452,HM6O02XB,17.7,22684,2026-03-30 02:44:00
TXN_1393,6V13PFRQ,50.42,16268,2026-02-28 00:21:00
TXN_3469,4XOELQ9D,38.44,26360,2026-04-15 04:07:00
TXN_1878,88WCXER1,48.68,16902,2026-03-02 17:22:00
TXN_4524,8F88J2WE,46.69,43008,2026-02-27 06:14:00
TXN_1712,UQ1XHU2I,76.66,33282,2026-03-29 11:22:00
TXN_4082,MRTIBHOD,32.82,31018,2026-03-25 06:26:00
TXN_2890,6NNJMID9,99.12,32074,2026-02-21 17:57:00
TXN_1495,BV7316BP,45.77,32810,2026-02-16 20:06:00
TXN_3613,5UJZAT47,56.66,36712,2026-03-30 04:24:00
TXN_1044,BYLF13D4,56.56,45172,2026-02-02 03:15:00
TXN_2987,3AW8029S,44.79,44983,2026-01-29 01:26:00
TXN_1172,H4Y666PS,51.63,44857,2026-03-07 17:43:00
TXN_1746,3GB74YID,22.12,41358,2026-01-21 18:54:00
TXN_692,H4OC8T02,63.84,13605,2026-03-12 08:14:00
TXN_3369,SY0DX92W,59.29,21538,2026-02-18 15:53:00
TXN_856,MSWDSNPU,91.51,48498,2026-04-15 20:06:00
TXN_786,TDB6CLDK,40.57,36850,2026-04-14 05:42:00
TXN_3056,0XYF95RF,64.71,34155,2026-05-01 12:24:00
TXN_1924,SGKR8X2B,41.81,39677,2026-03-09 16:21:00
TXN_305,Q356UEJ5,46.25,26885,2026-04-22 16:28:00
TXN_4159,WHNGAHEQ,56.69,10823,2026-04-16 03:40:00
TXN_432,ZVJPPO9T,24.76,13854,2026-02-28 19:47:00
TXN_2946,48D2FRPV,70.2,45171,2026-01-30 02:50:00
TXN_3762,40FIBF8C,74.09,19779,2026-03-10 08:20:00
TXN_2622,R5FNE2L0,59.85,48051,2026-04-04 19:25:00
TXN_1532,QC5QJJU3,78.46,47456,2026-01-24 23:28:00
TXN_4238,FHG55U62,23.13,41508,2026-02-05 23:55:00
TXN_1164,KKGZM7RT,37.06,42363,2026-03-18 17:46:00
TXN_2526,QR2GTEC4,82.24,14326,2026-02-27 01:21:00
TXN_3188,ZSQN83UT,43.53,30314,2026-02-08 12:30:00
TXN_1502,42YBJ3WC,62.17,24007,2026-01-06 15:39:00
TXN_2112,6V09289Z,28.52,16870,2026-03-15 00:59:00
TXN_4243,WXVD6IEO,86.32,22223,2026-04-09 23:57:00
TXN_908,A99QWEGU,53.24,31587,2026-01-01 03:36:00
TXN_991,6FJLHWI0,96.64,25573,2026-02-14 14:19:00
TXN_4231,7AT8H7AM,67.89,27177,2026-01-19 04:12:00
TXN_1840,DDWVAR1R,53.02,50234,2026-01-16 04:13:00
TXN_4773,N3FLQ5FB,51.37,23228,2026-01-18 15:44:00
TXN_4445,CBDRWR4D,78.98,18607,2026-01-04 09:09:00
TXN_4779,QEO8GR0Z,22.57,29084,2026-02-21 18:49:00
TXN_3705,ONMTAG1W,35.9,42431,2026-04-28 08:44:00
TXN_1842,9L2U80I2,90.71,18740,2026-03-22 03:16:00
TXN_1832,B3IONT5S,46.55,10829,2026-02-23 14:14:00
TXN_4652,MS8TMZPO,47.83,19394,2026-03-15 19:01:00
TXN_4142,BIA2Q69M,95.29,49994,2026-01-14 05:29:00
TXN_4626,GZRDWYHB,113.42,32583,2026-04-05 00:39:00
TXN_4203,OY4ZEPEH,35.15,13445,2026-01-20 14:43:00
TXN_2508,VDPJ58DY,62.04,22141,2026-02-18 17:08:00
TXN_3775,HE1HF8B3,17.34,46648,2026-03-16 23:09:00
TXN_2345,Z9C9BJZ6,25.02,22825,2026-03-17 06:51:00
TXN_2148,THL2GJ22,50.68,41755,2026-02-10 07:02:00
TXN_742,5LCNVR10,62.57,45294,2026-03-27 02:07:00
TXN_1936,1563KKNY,32.08,37332,2026-02-15 19:41:00
TXN_3028,99770H27,72.36,49042,2026-02-28 02:38:00
TXN_2674,7RSCWAS9,56.58,30874,2026-03-14 05:09:00
TXN_2574,M49NQZB6,41.97,42156,2026-03-25 22:08:00
TXN_3612,4I3QX5MM,70.39,41109,2026-02-10 00:09:00
TXN_4640,W8L5GJYP,74.95,21581,2026-01-04 22:13:00
TXN_165,IDXK91GF,55.5,19511,2026-02-15 04:24:00
TXN_3355,TEBUG95P,-10,32646,2026-02-15 21:22:00
TXN_3929,SDV94MZ6,67.68,46311,2026-04-18 03:20:00
TXN_332,O6W0OAWO,85.88,13334,2026-04-10 17:41:00
TXN_1064,R9JKV5X0,80.8,18256,2026-03-04 22:02:00
TXN_4462,PK34M24F,40.76,41671,2026-01-22 04:06:00
TXN_84,QOPSXMK8,17.91,11638,2026-02-15 09:51:00
TXN_800,DKK1HUNN,41.96,13647,2026-03-25 06:49:00
TXN_4028,LIDDXNN4,96.78,23187,2026-02-10 23:24:00
TXN_3745,5YGH3IK0,66.01,40056,2026-01-13 22:03:00
TXN_597,Q7WU5HIY,40.17,39732,2026-04-10 07:53:00
TXN_3270,AH9AH76O,35.12,19575,2026-03-29 05:00:00
TXN_3981,5T7NHDQU,0,20512,2026-04-18 12:05:00
TXN_387,PDE25R57,76.23,37180,2026-02-15 12:18:00
TXN_2862,LANJRW82,63.73,23718,2026-03-01 01:29:00
TXN_417,HS4KBF7L,69.71,40636,2026-04-21 14:36:00
TXN_159,4I4FL3OD,69.85,16136,2026-03-22 07:48:00
TXN_792,O39HVDIK,52.48,40084,2026-03-24 02:44:00
TXN_163,27TNAMYP,40.05,48029,2026-03-26 15:52:00
TXN_2454,0GC2RWSH,87.01,42117,2026-01-28 15:24:00
TXN_3209,7RFQ3L4M,38.26,27321,2026-03-02 18:52:00
TXN_2910,ARR9VVH2,40.17,44127,2026-03-09 20:43:00
TXN_3746,O2LDR4EY,57.36,22060,2026-03-26 12:13:00
TXN_3626,QS9LYSJT,38.11,40499,2026-04-02 06:51:00
TXN_632,V5P3N7Q6,36.96,13151,2026-03-28 16:52:00
TXN_2924,5LVD1JP2,79.57,34247,2026-04-04 12:52:00
TXN_3744,2WJ1S02X,45.85,14298,2026-04-08 20:50:00
TXN_1881,EQOV1NSE,47.97,35014,2026-04-23 01:24:00
TXN_2281,8HDDOP7A,23.24,18475,2026-03-04 19:20:00
TXN_3657,BYSPXXSJ,80.52,27179,2026-05-01 02:21:00
TXN_2740,THI08RYB,30.2,15397,2026-03-07 14:02:00
TXN_2444,69E2Z4KC,78.83,35330,2026-04-13 03:03:00
TXN_548,KU7555Z6,99.5,42271,2026-01-28 18:33:00
TXN_4631,MIKKOHIC,33.95,46555,2026-01-16 15:00:00
TXN_1193,0F0HA8QH,35.41,47195,2026-01-02 17:59:00
TXN_213,AY9R19U4,63.11,11244,2026-02-27 13:35:00
TXN_4680,4JYF2HLV,53.24,16582,2026-01-21 12:37:00
TXN_634,J3BRZCNY,78.34,39692,2026-01-25 00:56:00
TXN_4095,47TDIM0I,69.25,43938,2026-02-10 23:53:00
TXN_2120,9Y70TPUP,19.75,17816,2026-01-07 00:52:00
TXN_2787,IQ2LLU1J,48.54,44289,2026-03-21 11:04:00
TXN_3577,LISMUNYI,47.74,31035,2026-01-17 08:36:00
TXN_1549,NRBXZEYQ,42.56,46005,2026-01-06 10:40:00
TXN_4468,58F2R0UO,80.25,15760,2026-01-26 14:15:00
TXN_970,RPIYEWAI,44.32,49643,2026-03-04 14:00:00
TXN_3020,CNFFFF2M,44.89,24454,2026-04-08 13:20:00
TXN_3870,SMXEHQDF,38.42,16026,2026-02-23 00:22:00
TXN_1355,YQY0BOF9,56.33,19526,2026-04-20 06:01:00
TXN_309,VRYSIZBX,25.46,10595,2026-03-06 20:11:00
TXN_1839,7864PHPC,47.65,28926,2026-03-10 17:10:00
TXN_1009,168VUQ9A,29.45,47946,2026-02-21 01:54:00
TXN_1705,10VTYZD6,25.18,30251,2026-04-15 21:26:00
TXN_1280,PQR0BVX8,36.11,38535,2026-02-07 04:35:00
TXN_2616,OJJTH75E,60.85,41357,2026-04-23 00:23:00
TXN_686,AS8X02SU,73.41,27161,2026-02-25 12:27:00
TXN_4368,X8L4S81T,97.5,44253,2026-04-27 02:04:00
TXN_3742,HJ1AHR2A,76.31,10514,2026-01-03 06:45:00
TXN_2125,05Q6UT6A,61.58,14043,2026-02-22 11:28:00
TXN_3212,8C4RQTZQ,79.86,19830,2026-03-23 03:33:00
TXN_4857,10BZUYVD,34.54,42170,2026-04-02 14:11:00
TXN_1898,H9A225FE,43.74,16604,2026-04-05 13:45:00
TXN_471,SFL9XAM8,82.27,36779,2026-04-30 05:32:00
TXN_2904,B7H95NL2,19.27,23529,2026-03-22 20:36:00
TXN_113,EAY1VRZV,36.22,41588,2026-02-06 15:03:00
TXN_4544,X9K2OQKR,,31163,2026-03-06 11:05:00
TXN_4738,F25KVK78,66.22,29412,2026-04-02 00:49:00
TXN_1716,P1PIC7Y1,44.7,30882,2026-04-22 19:32:00
TXN_1440,ZFWSZAA0,23.85,47907,2026-02-05 13:00:00
TXN_4460,MM995DTO,51.21,35358,2026-01-31 00:10:00
TXN_1550,VBYXX7OF,19.07,36129,2026-02-08 12:19:00
TXN_4197,4LKUWI21,44.44,27174,2026-01-21 10:34:00
TXN_3674,FS4Z5WD0,19.06,44387,2026-04-16 23:21:00
TXN_1364,2KUWYZTF,71.39,31880,2026-04-05 07:46:00
TXN_3195,2IWCDX1X,33.66,22649,2026-03-05 20:29:00
TXN_4125,0PKNRZ1A,19.63,44711,2026-03-24 20:15:00
TXN_3774,KKJVM59Y,38.83,10644,2026-01-09 00:46:00
TXN_4083,LS8QIVGI,73.86,25729,2026-02-03 20:51:00
TXN_2805,DZH37F2D,70.26,34085,2026-04-14 13:13:00
TXN_4115,HP3YKW3H,55.06,16196,2026-04-01 20:42:00
TXN_1545,LXMB2IE4,86.08,41187,2026-04-27 21:46:00
TXN_2191,3GVXS8WS,60.0,49467,2026-04-24 16:14:00
TXN_3069,F2KN88MY,92.61,49968,2026-01-03 22:35:00
TXN_933,S38ARV46,62.55,14295,2026-03-18 19:39:00
TXN_2355,SZV95IRA,38.47,34797,2026-04-12 22:34:00
TXN_3512,OIDT88CI,71.21,32220,2026-03-06 09:12:00
TXN_2808,NQ7LNEPH,59.28,44806,2026-01-16 12:48:00
TXN_4551,216AN829,96.32,21282,2026-03-23 16:36:00
TXN_3192,Y2QV69WS,59.35,46084,2026-04-21 23:14:00
TXN_1658,4DTI2C27,13.22,13096,2026-02-04 22:44:00
TXN_4504,X1OP71SZ,52.01,47678,2026-03-11 11:06:00
TXN_2755,LNXM7C7D,41.08,50097,2026-01-14 07:40:00
TXN_4710,3TRB6SG9,78.67,46778,2026-04-03 18:21:00
TXN_202,90D25M23,29.5,42070,2026-02-13 08:47:00
TXN_4852,JZWGVGPW,64.11,33592,2026-04-02 17:47:00
TXN_1856,GE34MS54,39.97,44953,2026-02-25 12:49:00
TXN_4522,10KWLWY7,85.33,37193,2026-01-30 10:15:00
TXN_1563,VKC37QSC,96.7,24819,2026-05-01 03:58:00
TXN_2547,K15NOJ7K,46.85,40397,2026-04-13 12:34:00
TXN_1066,G6847SWW,57.63,24496,2026-01-26 22:28:00
TXN_295,94PCTEKT,49.14,49818,2026-02-18 14:24:00
TXN_2265,9TDZI1H7,63.31,29791,2026-04-03 17:53:00
TXN_3058,3QDCXINS,29.92,42375,2026-01-28 23:51:00
TXN_1111,63FY6OVV,91.81,16365,2026-03-25 00:48:00
TXN_2286,L0Y94TZS,36.16,18265,2026-04-13 02:26:00
TXN_4782,D0GBKEZ9,43.69,44090,2026-01-23 10:23:00
TXN_429,P5RF1B0F,81.59,23822,2026-04-22 21:58:00
TXN_464,BYLT830O,44.96,22399,2026-02-14 03:39:00
TXN_345,26CMJFMF,45.69,30643,2026-03-25 05:53:00
TXN_2564,LWXM3H2W,93.26,49482,2026-03-11 17:55:00
TXN_2176,ODMYH3PP,30.08,46467,2026-03-11 13:52:00
TXN_1578,6MMLTDWX,78.62,18157,2026-03-21 05:12:00
TXN_1935,O6K7NVK1,74.79,40619,2026-03-04 00:59:00
TXN_3809,PYJB0GDS,43.19,14014,2026-04-22 00:58:00
TXN_2401,1GPHQHKJ,25.31,48325,2026-03-29 09:07:00
TXN_130,GPFEPOJA,54.8,40729,2026-01-05 09:20:00
TXN_571,L2Q46YG6,35.42,27986,2026-02-16 05:06:00
TXN_520,JOQRLDEB,56.52,21832,2026-01-22 22:45:00
TXN_4038,IQPCXKRL,20.76,44902,2026-02-13 10:16:00
TXN_2721,8JKAYMYU,46.93,23931,2026-01-29 01:43:00
TXN_367,7EZLH069,30.78,22412,2026-04-28 12:16:00
TXN_4708,SWKNRTSM,72.21,12511,2026-03-21 03:26:00
TXN_4016,CR28VB4C,43.06,18552,2026-01-17 21:31:00
TXN_3948,74XFYMBY,47.07,40171,2026-02-16 02:37:00
TXN_839,7D30H203,21.94,18994,2026-02-24 15:19:00
TXN_2975,L3VO1FJ6,23.75,37691,2026-03-19 00:18:00
TXN_473,IILBAUBR,0,39446,2026-02-27 23:02:00
TXN_2948,LWYOGPDG,49.86,29473,2026-01-31 15:20:00
TXN_584,BJEP0A6D,42.35,18108,2026-02-01 15:02:00
TXN_1428,1BEIOFBW,23.5,41553,2026-02-10 09:41:00
TXN_BAD_3018,INVALID_VIN,50,20000,2026-04-10 10:00:00
TXN_2301,P4BJPDYU,90.53,20973,2026-02-22 08:20:00
TXN_467,ZMW8XLEJ,20.57,29087,2026-02-25 15:19:00
TXN_3560,0WV1IADH,46.14,46982,2026-02-24 06:55:00
TXN_881,XHNE86T0,27.41,20349,2026-02-12 14:07:00
TXN_4387,IGK9A95E,70.99,20072,2026-01-19 03:30:00
TXN_2073,LM0HDXMF,111.11,40311,2026-03-07 04:43:00
TXN_4384,U9R9OG0D,50.42,43002,2026-04-29 11:20:00
TXN_1874,1OL1BE63,75.48,40461,2026-01-15 18:51:00
TXN_3692,32ZN5A0X,87.12,50308,2026-03-13 04:48:00
TXN_2015,Y10GMJ4I,58.01,16912,2026-02-09 01:00:00
TXN_3158,PZ34PF9V,66.72,18653,2026-04-21 23:42:00
TXN_3555,IYLZGPDS,44.96,24577,2026-03-25 09:34:00
TXN_1963,126PG38G,54.65,34819,2026-04-16 22:39:00
TXN_3694,18YE257T,79.07,32020,2026-03-30 17:07:00
TXN_1371,CRBF3V12,31.24,23185,2026-03-22 14:07:00
TXN_2531,IPSG3NYH,81.79,48642,2026-04-15 07:35:00
TXN_3784,BZD2NPJU,36.99,39318,2026-02-15 07:38:00
TXN_11,IJMLC6BV,17.31,24689,2026-02-22 05:33:00
TXN_3120,NDUVFGQN,68.67,13603,2026-01-02 19:28:00
TXN_140,94JJ9TZ3,90.77,35067,2026-01-25 08:53:00
TXN_4745,NK03XOQD,79.1,48376,2026-01-06 08:16:00
TXN_898,M46TMHQF,28.73,40529,2026-01-15 20:29:00
TXN_172,314XFGMJ,115.51,17719,2026-02-09 04:21:00
TXN_4422,KQXSM5S7,52.46,47771,2026-01-11 07:51:00
TXN_909,OHO9NHBF,99.4,25725,2026-02-23 22:42:00
TXN_2230,254B35S4,84.04,47180,2026-02-15 19:15:00
TXN_2591,Z7DZVWWN,46.32,45258,2026-01-08 16:01:00
TXN_4767,RN5751JM,45.47,33038,2026-04-09 01:57:00
TXN_3765,8PZC2MIS,39.1,11825,2026-03-08 08:09:00
TXN_3227,IE3EOVZK,35.17,48097,2026-03-30 03:38:00
TXN_4178,WRP4J15J,61.32,26630,2026-01-16 20:14:00
TXN_697,3GZ9J3WG,15.13,43921,2026-01-19 06:25:00
TXN_4133,4EUJP6XO,39.0,24564,2026-04-20 17:08:00
TXN_3659,O6SG4W42,57.76,46174,2026-04-29 22:10:00
TXN_1905,FKWD8M9N,60.26,21536,2026-01-20 23:29:00
TXN_555,KBC2Z1NV,104.07,28929,2026-01-04 18:23:00
TXN_3211,XIHVQ5WJ,41.62,23007,2026-02-05 18:54:00
TXN_1521,L0D8FUWK,55.76,19547,2026-04-23 01:09:00
TXN_1029,P60HEQDQ,36.66,41368,2026-02-13 16:59:00
TXN_4507,M94E852M,41.25,41981,2026-04-16 06:21:00
TXN_3834,LAZGWCFK,39.2,25633,2026-04-29 11:35:00
TXN_3092,JB0HKEAS,28.44,36054,2026-04-27 02:48:00
TXN_4236,8Y06K1CX,100.97,47575,2026-03-05 11:11:00
TXN_2799,SDZQFJFP,19.85,35413,2026-02-28 06:02:00
TXN_4724,EFRS89QV,42.46,17638,2026-02-24 00:01:00
TXN_1640,MNJIRZVI,80.47,22019,2026-03-10 21:59:00
TXN_4528,UGCCH8WB,22.06,27168,2026-01-24 04:13:00
TXN_2466,RUYJ4ODC,43.26,13855,2026-03-28 05:45:00
TXN_94,LRTO93D1,36.1,44351,2026-02-10 11:21:00
TXN_1401,P5H1K3U4,48.79,19035,2026-01-04 07:31:00
TXN_448,J2HUGWL0,22.97,45962,2026-04-04 05:20:00
TXN_3298,NVQS42YL,24.86,18402,2026-01-11 07:54:00
TXN_4670,4GFJY3XR,17.1,27288,2026-04-18 15:59:00
TXN_2389,EK4C9GWJ,44.75,44138,2026-03-31 20:57:00
TXN_1040,GDAJX4J2,66.95,19188,2026-03-22 19:23:00
TXN_103,OZBXJG06,104.32,37065,2026-01-10 22:59:00
TXN_41,KU2B7FIS,46.07,35517,2026-03-01 20:51:00
TXN_3812,61F61FHD,78.56,40117,2026-01-06 18:18:00
TXN_645,FFNS9IY8,82.27,49871,2026-04-17 14:30:00
TXN_3576,D583XHOU,30.61,41857,2026-04-04 11:25:00
TXN_3051,7TNCG3SX,46.9,47425,2026-04-25 10:18:00
TXN_4716,7V8PR6LL,24.6,45414,2026-02-24 20:35:00
TXN_935,D8D9LMFV,41.94,48026,2026-03-03 22:08:00
TXN_4503,KH307AMD,51.15,14354,2026-01-22 20:15:00
TXN_4148,9AV8T26I,69.9,32592,2026-02-09 01:22:00
TXN_4633,9XO65PK9,49.45,26958,2026-03-31 07:31:00
TXN_1700,4S4CVUCA,86.29,16127,2026-04-08 03:18:00
TXN_593,U5K2J6H8,42.76,23952,2026-02-09 13:36:00
TXN_3474,LCO30JG0,34.48,46929,2026-04-23 13:03:00
TXN_817,5KRBQV1Y,53.53,12601,2026-03-06 18:06:00
TXN_1178,5VSW8BMU,32.12,42512,2026-02-09 17:07:00
TXN_4062,XBWT60IP,58.89,14400,2026-04-12 05:11:00
TXN_1513,TNWVQIC5,25.35,47304,2026-01-07 01:32:00
TXN_1379,T3V4ZQTX,66.47,11354,2026-01-20 01:45:00
TXN_421,P8X6Z74W,20.85,14185,2026-01-19 00:55:00
TXN_3559,EXCFAHQE,0,24665,2026-01-20 00:35:00
TXN_2689,M6Z9133T,59.17,23738,2026-04-21 11:56:00
TXN_2676,ABDKWRCJ,76.18,20129,2026-04-12 12:23:00
TXN_3833,N7YNQWN1,51.54,30179,2026-04-27 07:13:00
TXN_3256,FDKRPQPO,42.9,44581,2026-03-27 06:55:00
TXN_2851,PSJXQ16M,57.01,35173,2026-03-08 10:37:00
TXN_344,WDTWE9ZT,36.62,33461,2026-03-06 00:43:00
TXN_2411,H77BYCH4,20.83,24445,2026-04-01 20:19:00
TXN_719,LXOADUIC,76.55,23325,2026-01-21 12:18:00
TXN_3962,B8WA75RQ,102.48,21123,2026-01-08 09:12:00
TXN_2326,9HMIHM26,60.65,49601,2026-03-18 10:15:00
TXN_2964,83Y82UOU,99.62,30896,2026-04-25 21:30:00
TXN_3126,OKPA9UZF,48.85,14499,2026-02-21 08:09:00
TXN_3229,NBNDT1CV,56.39,47537,2026-02-26 16:27:00
TXN_1194,3KL043Z8,19.09,22982,2026-01-26 15:59:00
TXN_BAD_9015,INVALID_VIN,50,20000,2026-04-10 10:00:00
TXN_3675,B4W5H4SG,77.83,16917,2026-01-16 18:03:00
TXN_3356,2PHUSX9O,57.99,19122,2026-01-25 02:19:00
TXN_3661,ZU33SGS3,88.41,25081,2026-01-17 03:21:00
TXN_941,F602SLHO,52.74,32609,2026-02-10 05:13:00
TXN_2102,EL8OB07B,65.13,23021,2026-04-23 06:09:00
TXN_1195,J9BCVDY7,41.37,22255,2026-02-05 08:26:00
TXN_811,CO6OXTXG,106.6,15122,2026-03-18 00:07:00
TXN_265,53CGJCKE,98.86,25978,2026-01-20 01:54:00
TXN_91,6GY9QGT5,23.98,38452,2026-03-08 22:22:00
TXN_3295,3IYBPAZC,76.07,27124,2026-04-22 17:19:00
TXN_1565,XNO7Z3JS,65.71,38744,2026-04-23 17:48:00
TXN_4351,6RLKIABN,89.09,39353,2026-04-10 10:02:00
TXN_3599,PL1X3I3K,,38525,2026-01-21 09:22:00
TXN_4935,35IXS1WP,59.39,13266,2026-01-10 03:34:00
TXN_3874,GQSRJ8NH,49.22,32090,2026-01-02 08:12:00
TXN_1202,PSN9ZYBU,94.0,17592,2026-04-19 05:54:00
TXN_4048,AUC4XAGV,47.34,25414,2026-03-26 13:59:00
TXN_3326,T78336J4,34.83,13565,2026-03-16 00:07:00
TXN_4927,251NGYS7,69.65,47875,2026-04-06 06:28:00
TXN_4688,TG09DZ2Y,45.94,26890,2026-01-16 20:24:00
TXN_1368,8UODYSP9,36.89,24782,2026-03-11 10:04:00
TXN_2182,77UWYYAG,0,42396,2026-04-20 22:36:00
TXN_2391,IGMRYE2T,46.05,18799,2026-04-07 16:29:00
TXN_1566,DVJ8GUQB,74.7,23825,2026-02-21 20:09:00
TXN_BAD_1603,INVALID_VIN,50,20000,2026-04-10 10:00:00
TXN_3946,Z8629II9,47.6,19722,2026-02-06 13:40:00
TXN_2821,ETW79GOX,50.53,12323,2026-03-15 18:28:00
TXN_859,6AMKWEIS,77.22,36471,2026-03-12 03:52:00
TXN_3533,5EK7O362,63.73,12556,2026-02-24 00:47:00
TXN_4058,UBO1LI07,16.35,28151,2026-04-04 17:58:00
TXN_3846,WWDVJVV7,65.61,25582,2026-01-07 18:05:00
TXN_1849,FLTCJ5U0,64.58,11495,2026-04-13 06:16:00
TXN_3504,DQ07MP1J,125.75,30553,2026-01-18 19:28:00
TXN_4031,M6BISLYD,22.24,40921,2026-02-19 16:24:00
TXN_1254,XE5I4M6O,35.89,27335,2026-03-21 19:33:00
TXN_1833,VJWYKU7Z,47.36,44426,2026-03-14 12:43:00
TXN_3449,ED1A4GNC,59.2,34194,2026-02-04 15:18:00
TXN_1739,CUKYNLYX,36.87,20797,2026-03-03 12:23:00
TXN_2426,8CF0LQZE,79.29,19387,2026-01-30 14:23:00
TXN_2025,HQX2III7,76.77,15489,2026-04-13 06:37:00
TXN_4211,D27JAWAT,55.23,29432,2026-02-12 04:47:00
TXN_844,XZ2G3DMB,59.21,23339,2026-03-28 20:24:00
TXN_1803,LMHACKY8,72.47,47476,2026-04-21 04:46:00
TXN_20,PCZQJJ71,56.41,44627,2026-04-02 15:32:00
TXN_4415,LPUXP2IR,49.5,11779,2026-03-14 20:34:00
TXN_1412,02HWWRST,86.29,37130,2026-03-15 10:56:00
TXN_2241,ASIVKNKZ,29.46,11534,2026-04-20 07:42:00
TXN_3012,7PDU9I2T,30.85,23386,2026-01-18 14:11:00
TXN_4487,60UAUKWD,40.57,36496,2026-03-24 16:45:00
TXN_2139,BZZCVG8X,43.34,37663,2026-01-12 13:16:00
TXN_1820,AMQ2W0L1,50.63,13993,2026-04-21 01:25:00
TXN_1720,7GUTA7U9,47.17,37241,2026-04-27 23:53:00
TXN_1174,HOD34Z89,32.08,42936,2026-04-01 21:03:00
TXN_3294,IU8LDZE5,46.68,37030,2026-01-16 06:05:00
TXN_1357,K5TGHAOK,26.35,47689,2026-04-29 08:26:00
TXN_589,A1R8MP3G,85.68,37121,2026-04-06 16:13:00
TXN_4329,O1B0JT06,85.03,31577,2026-04-19 12:08:00
TXN_1952,NBTHYARF,63.98,36889,2026-01-28 15:10:00
TXN_4938,LWIZ5Z8F,24.56,20970,2026-02-28 02:35:00
TXN_1480,75OQP6RF,104.51,37633,2026-01-28 10:21:00
TXN_2113,Y19Z05XP,99.39,22020,2026-02-27 09:41:00
TXN_944,7C1SBPCH,59.29,33986,2026-01-22 00:17:00
TXN_4265,VCAWJC14,91.29,12586,2026-04-23 15:10:00
TXN_2127,CJMF4H3E,18.69,10762,2026-04-19 07:06:00
TXN_4700,GAQ4GY8Y,66.96,43631,2026-04-14 01:54:00
TXN_867,AZU9UEDE,54.18,25487,2026-01-23 16:11:00
TXN_2491,N9IWKIWL,60.61,46742,2026-04-27 07:23:00
TXN_4662,P0Y4E241,47.24,33904,2026-04-26 03:10:00
TXN_4110,ZUAI9W1M,70.18,41882,2026-02-17 20:25:00
TXN_2818,7703ZCB1,79.89,43367,2026-03-24 07:42:00
TXN_2042,UML059HE,61.75,11559,2026-02-13 23:54:00
TXN_3396,QAGMDZ5H,40.26,38407,2026-04-26 08:26:00
TXN_1564,SXPDSMBN,29.69,10597,2026-02-11 00:03:00
TXN_3040,QOFDXY4I,52.31,47531,2026-03-15 06:51:00
TXN_2554,OV75MBTE,35.7,22752,2026-03-19 18:42:00
TXN_4495,1KMP2R4N,48.21,13240,2026-01-17 03:19:00
TXN_2111,4PBO1C65,41.44,25899,2026-03-28 00:38:00
TXN_4851,43KT2M6C,46.15,42962,2026-04-12 16:20:00
TXN_4108,Z427CTA6,19.34,18073,2026-02-02 09:17:00
TXN_2142,IY8CS7AX,22.32,31553,2026-03-15 06:45:00
TXN_4587,6OLDDSBY,77.92,29188,2026-01-25 06:03:00
TXN_2091,ZLFDGGT5,55.89,18121,2026-04-28 02:35:00
TXN_BAD_7432,INVALID_VIN,50,20000,2026-04-10 10:00:00
TXN_2099,QOBC5Z6T,,39234,2026-02-01 16:49:00
TXN_712,B2928PVZ,38.29,45829,2026-01-07 19:45:00
TXN_2123,OQPCUA5B,54.98,40520,2026-03-28 23:09:00
TXN_3,S2QKF7SR,39.83,29711,2026-01-29 02:41:00
TXN_2940,W5RK6E5B,24.39,45650,2026-02-12 13:33:00
TXN_2693,0DSMZ8Y2,62.69,33040,2026-02-21 22:57:00
TXN_3165,H9OO6NUT,76.92,26999,2026-03-07 04:40:00
TXN_3797,84BWO5NU,66.97,34550,2026-05-01 04:34:00
TXN_3954,LEJR8C1T,71.89,28961,2026-03-23 07:10:00
TXN_3748,54L0K5Y2,57.14,16846,2026-01-25 22:45:00
TXN_2865,PG1G5HO7,50.49,22479,2026-02-26 17:16:00
TXN_832,580HZG0U,45.08,31944,2026-01-11 03:23:00
TXN_63,Z9W90Q8T,27.45,15013,2026-01-03 16:41:00
TXN_4622,CGZCYKEL,79.61,22096,2026-03-27 03:45:00
TXN_737,RFT88W2G,26.52,32066,2026-02-16 06:29:00
TXN_2637,J54RK3Y1,19.81,13565,2026-04-26 20:03:00
TXN_4244,H3YRQBPS,81.45,45836,2026-03-01 15:04:00
TXN_1717,NPAYNVF1,95.66,36023,2026-02-19 04:04:00
TXN_64,Z2DAN0SX,20.32,25975,2026-03-25 00:57:00
TXN_2414,0K2EYYSW,65.71,22670,2026-01-08 16:08:00
TXN_3484,JXPXA6O6,47.54,42099,2026-03-04 05:48:00
TXN_1530,JBMZHT1Q,76.62,10927,2026-01-05 13:12:00
TXN_3022,OCNFQ81Z,18.51,26741,2026-05-01 08:47:00
TXN_2484,GWRXQZHD,51.84,45830,2026-04-01 23:10:00
TXN_4847,X2F4UI74,23.35,28574,2026-01-11 09:06:00
TXN_4748,B27LBGCE,57.45,12123,2026-01-01 16:01:00
TXN_3361,QJXVFSEY,82.78,10760,2026-04-08 19:01:00
TXN_3327,ET54JPB9,12.43,21333,2026-03-29 20:02:00
TXN_3725,94O7PEBZ,52.55,47447,2026-03-02 11:15:00
TXN_4438,P6VUWZGZ,64.32,31260,2026-03-14 08:17:00
TXN_2266,0PMEBNQV,59.41,45577,2026-03-20 00:30:00
TXN_1728,B476XWRN,90.57,33902,2026-04-20 23:35:00
TXN_151,642QUOBP,64.74,36630,2026-03-15 09:50:00
TXN_427,OSJ6B51K,22.07,34051,2026-02-23 20:16:00
TXN_393,RFXNYHPG,46.65,30299,2026-01-04 21:49:00
TXN_1333,4QKB8XEK,97.61,19808,2026-04-04 04:23:00
TXN_4022,BWKTZMJ3,29.84,42844,2026-01-11 07:52:00
TXN_3795,7RF3GAUS,32.85,44214,2026-03-27 23:20:00
TXN_3038,4F5EOS18,33.2,21165,2026-02-26 02:19:00
TXN_604,48UWDLT0,94.84,32033,2026-04-12 11:13:00
TXN_4849,TN45LUIL,50.01,49934,2026-04-18 04:05:00
TXN_3844,HODJHM6R,68.75,47945,2026-03-16 07:36:00
TXN_767,27RWR3X8,34.32,19384,2026-03-01 08:23:00
TXN_4148,9AV8T26I,0,32592,2026-02-09 01:22:00
TXN_4943,WMD7HNTE,42.6,50241,2026-04-11 00:10:00
TXN_984,X4TLTM8F,41.99,45646,2026-01-15 23:55:00
TXN_147,YBT62GJJ,81.86,30915,2026-01-17 15:43:00
TXN_2670,G7H1NLQU,33.66,33911,2026-01-18 17:11:00
TXN_857,SMC7NDTA,25.63,31730,2026-02-02 02:25:00
TXN_2864,FELE6S4I,104.45,24976,2026-02-08 05:24:00
TXN_2343,LTRX2QEA,89.72,14286,2026-01-04 01:23:00
TXN_4284,WYB31J61,53.75,17067,2026-02-02 02:59:00
TXN_1332,YE7MMISP,72.02,19536,2026-03-10 14:36:00
TXN_2505,4C27J7I2,35.88,18806,2026-01-30 09:55:00
TXN_4784,TUJA3I2U,41.94,11078,2026-04-30 12:32:00
TXN_3145,8362YCF3,32.32,12073,2026-03-19 20:45:00
TXN_462,7H5WFDTH,43.26,22682,2026-02-28 08:03:00
TXN_4478,MH243DZ7,78.18,26366,2026-04-15 15:51:00
TXN_907,K6106YJ0,45.21,46402,2026-04-18 09:59:00
TXN_2320,IEAUO0J1,24.51,32349,2026-01-19 01:17:00
TXN_3042,VQM75YFL,33.64,21289,2026-03-11 16:50:00
TXN_3123,MASJQ8Z1,46.08,37455,2026-01-31 10:25:00
TXN_1047,3JXH1IZJ,58.82,23569,2026-03-18 00:39:00
TXN_2234,AQA1DZ2G,17.76,24633,2026-04-07 22:55:00
TXN_2181,WL9D61L5,51.23,34622,2026-02-25 05:08:00
TXN_4101,VSVU6E7A,67.01,29317,2026-03-23 08:49:00
TXN_1038,B71STL2R,16.24,11189,2026-01-18 16:17:00
TXN_4939,Y4UXGS5A,76.37,44745,2026-01-07 00:32:00
TXN_315,GZ23ODGL,41.58,50241,2026-04-04 03:22:00
TXN_1224,FL0ZIFWH,25.6,13483,2026-04-09 13:57:00
TXN_2197,ONE24W2I,25.57,11782,2026-04-24 22:03:00
TXN_1116,V43XT3D5,35.08,20563,2026-02-26 00:57:00
TXN_4540,JJTHLY1O,53.78,25850,2026-04-21 00:14:00
TXN_1490,RW63L6UE,60.64,34800,2026-04-19 03:19:00
TXN_2182,77UWYYAG,38.39,42396,2026-04-20 22:36:00
TXN_2404,UL19VQU5,75.6,21291,2026-04-21 18:40:00
TXN_4937,PVNH5HII,61.18,16799,2026-03-25 17:29:00
TXN_2294,FGNOJWN3,32.26,49630,2026-03-25 20:42:00
TXN_4448,BB38VIDQ,44.84,43737,2026-02-23 08:41:00
TXN_2447,ZIFUXGND,33.64,12405,2026-01-06 09:35:00
TXN_4957,8J4BRPUD,31.6,34820,2026-01-22 06:47:00
TXN_4681,L81Y03TL,45.97,18513,2026-04-23 16:04:00
TXN_2108,Y1HFJBYG,80.28,49100,2026-02-14 05:25:00
TXN_2186,CAJXUSO9,92.23,28669,2026-03-20 16:31:00
TXN_3845,AQON9DGH,40.24,29758,2026-03-11 17:05:00
TXN_2614,WO2TLDU5,50.85,24849,2026-03-28 08:59:00
TXN_3482,AKI05CZQ,81.76,30537,2026-04-05 14:40:00
TXN_4982,SQY89R2F,61.94,35140,2026-01-08 03:59:00
TXN_4879,UO5K6AL7,65.01,16115,2026-04-09 19:31:00
TXN_3767,75GJBMN6,44.84,42578,2026-03-20 22:44:00
TXN_2306,NDOC8WS0,27.23,41857,2026-03-16 11:40:00
TXN_3625,SS0NF075,42.57,23869,2026-02-06 16:53:00
TXN_1402,S6CLEHFC,74.12,25267,2026-04-19 01:13:00
TXN_2441,GWKRZM71,39.94,15674,2026-01-03 05:42:00
TXN_451,QHIGHTA3,33.97,15654,2026-02-10 02:05:00
TXN_1646,C44OV7P2,98.58,39956,2026-03-27 09:27:00
TXN_2215,MKHAQ5VL,56.9,19228,2026-04-08 08:56:00
TXN_802,2G7WUV90,79.35,12111,2026-03-12 16:42:00
TXN_3897,KTFO19VY,79.95,17004,2026-02-25 12:09:00
TXN_4983,SO9SI0F0,25.18,44191,2026-02-15 06:51:00
TXN_2496,TKQAQ9K0,74.34,39267,2026-04-09 05:03:00
TXN_99,NW63AVYG,28.65,47447,2026-01-12 13:05:00
TXN_2398,WTKEF3JE,49.55,18152,2026-01-10 04:34:00
TXN_648,Q843GR1Q,36.57,13096,2026-03-27 18:45:00
TXN_3150,HE3EBPPX,58.08,23727,2026-01-07 00:40:00
TXN_307,I1GX75ZV,63.89,39806,2026-02-20 15:52:00
TXN_1309,X9MCP9S4,35.96,14349,2026-01-07 12:32:00
TXN_1543,A6BKM8UR,30.46,15524,2026-01-24 12:17:00
TXN_537,CTBWEPEJ,93.66,29322,2026-02-10 16:43:00
TXN_3400,20RUZNOB,55.67,45756,2026-04-22 09:59:00
TXN_916,Q3USXDSW,92.83,41010,2026-04-14 00:00:00
TXN_1277,N4FHMGI5,79.36,40053,2026-04-10 15:17:00
TXN_4144,V8KC8UXS,91.54,36282,2026-04-03 19:26:00
TXN_4815,RTX0E0WO,36.84,45814,2026-03-07 07:19:00
TXN_4818,9Z43OFYH,54.75,42656,2026-03-12 20:04:00
TXN_3078,GLVI8ATI,51.61,35727,2026-02-11 08:19:00
TXN_1482,Z6RKDB24,39.62,28322,2026-01-28 00:22:00
TXN_4845,H085TET4,55.22,40637,2026-04-16 03:52:00
TXN_2061,BZS6CRG3,22.91,35804,2026-03-05 21:39:00
TXN_517,O08NTTXJ,23.86,36863,2026-02-08 14:13:00
TXN_4971,T6A9F9WE,60.6,31720,2026-01-03 06:53:00
TXN_1423,1RXMNWIP,39.39,14684,2026-04-29 15:55:00
TXN_3500,MQXH6EIO,43.26,49818,2026-04-18 18:38:00
TXN_968,IPL801H7,39.68,40079,2026-02-22 21:25:00
TXN_477,606VTLYS,19.3,25953,2026-03-20 00:24:00
TXN_3425,5Q30T8XD,88.26,17146,2026-01-18 09:07:00
TXN_1032,MGKD8XSZ,65.87,47040,2026-02-21 08:30:00
TXN_1544,VXZGMYSW,42.95,48001,2026-03-05 03:20:00
TXN_242,1A7O6ZS0,29.73,41498,2026-03-17 10:39:00
TXN_2086,YAGVJJZZ,20.47,39531,2026-03-18 06:47:00
TXN_3552,4LCTN25B,57.95,44392,2026-03-31 04:22:00
TXN_953,KLGSG8L0,51.66,42022,2026-02-22 16:58:00
TXN_4842,1GP6225O,32.4,41347,2026-01-17 21:41:00
TXN_1460,SJ1PQWNW,44.58,33384,2026-02-20 03:29:00
TXN_829,WGH258NA,68.97,47714,2026-02-04 17:33:00
TXN_2855,6DEBRCCG,66.74,20642,2026-04-27 14:18:00
TXN_4853,3JZHQJ9D,73.79,35677,2026-04-01 06:48:00
TXN_2895,QMLM50UJ,21.22,47287,2026-02-19 16:11:00
TXN_4387,IGK9A95E,70.99,20072,2026-01-19 03:30:00
TXN_1334,1JVYJRX6,82.71,40370,2026-03-22 16:36:00
TXN_2986,VV0EDPYD,27.2,36992,2026-02-03 10:35:00
TXN_3818,C3TI7TK5,97.58,28468,2026-02-14 09:06:00
TXN_2672,ASEUX1K0,50.81,35532,2026-01-05 00:30:00
TXN_606,55F72ZX4,-10,37990,2026-03-25 02:26:00
TXN_4362,3E4PSIL1,66.63,35234,2026-01-05 21:47:00
TXN_348,6GNV9OVW,87.33,18364,2026-04-02 15:14:00
TXN_3260,8UO4LYAX,19.59,39382,2026-01-25 20:51:00
TXN_2625,5JZG76BW,68.82,45678,2026-01-03 15:54:00
TXN_1141,UN9CGVKQ,78.21,37729,2026-01-29 15:11:00
TXN_1991,U43096WR,71.34,37990,2026-02-07 10:26:00
TXN_3580,DDYELIBC,68.86,15242,2026-01-10 07:56:00
TXN_4884,OIRTNL4M,75.03,37305,2026-03-11 09:23:00
TXN_3837,NESY8LCH,34.88,22166,2026-03-21 19:55:00
TXN_1726,QWGAAGII,38.61,21045,2026-02-11 03:53:00
TXN_2709,SXR69DM0,65.49,11510,2026-01-03 16:13:00
TXN_4016,CR28VB4C,43.06,18664,2026-01-17 21:31:00
TXN_1461,1IAZ6U51,85.19,20350,2026-01-03 09:20:00
TXN_2906,U2TNW7OW,34.27,44814,2026-02-28 09:07:00
TXN_2488,ZH9NW0XI,54.98,41666,2026-01-20 00:18:00
TXN_835,L5HAWKJZ,77.04,13697,2026-01-01 19:45:00
TXN_128,Y0X4MATK,44.55,35198,2026-03-20 03:58:00
TXN_2971,RZ0L4SMD,13.29,46945,2026-04-22 13:43:00
TXN_3920,KQUNX4YM,85.14,13245,2026-01-26 16:15:00
TXN_1115,X1N3OBIN,59.97,45947,2026-01-24 16:15:00
TXN_3654,1DDS39KJ,50.73,26413,2026-02-21 21:44:00
TXN_1941,WSU0KOSR,29.07,15120,2026-01-21 09:44:00
TXN_2779,0UXBVWNG,46.57,24786,2026-03-31 11:22:00
TXN_4135,3NZ6Z9EH,42.03,48946,2026-01-20 09:33:00
TXN_3594,1M097464,44.82,28238,2026-01-05 16:13:00
TXN_4746,PRSSPK6K,48.75,37644,2026-03-14 15:30:00
TXN_363,FPX8DG4N,99.06,10793,2026-03-26 18:46:00
TXN_459,ILUHXB4U,66.99,39199,2026-01-02 12:53:00
TXN_4442,0YO8ZF9B,42.56,32039,2026-03-11 08:54:00
TXN_4647,BLMRK7YD,63.24,39314,2026-02-18 22:11:00
TXN_3325,TODXRZMQ,78.31,25851,2026-01-17 08:36:00
TXN_757,B83H629W,42.83,31176,2026-02-21 05:38:00
TXN_3117,QM9ZZ86G,14.62,15336,2026-02-22 08:03:00
TXN_841,ERSAKO72,44.57,47665,2026-03-01 01:16:00
TXN_87,EHJV5IA3,67.66,11825,2026-02-09 15:56:00
TXN_4502,W3X5D5N3,95.88,27140,2026-03-15 02:38:00
TXN_2019,2DKLI04V,62.26,25725,2026-01-22 08:40:00
TXN_3794,ATWHB5WS,26.12,36718,2026-01-25 13:16:00
TXN_3565,Y64ES3BL,22.43,15186,2026-04-16 07:20:00
TXN_3619,DKXCOZ8N,46.77,48607,2026-01-01 20:28:00
TXN_1600,OYWP7AST,50.89,48808,2026-03-26 04:39:00
TXN_2662,83WWVSO9,15.66,22277,2026-02-13 09:35:00
TXN_4254,UW9SY3VW,103.4,12319,2026-01-14 21:03:00
TXN_1892,BSZX6SPL,75.33,33396,2026-03-01 19:24:00
TXN_1685,4D0764L7,44.47,27257,2026-03-03 07:57:00
TXN_2183,FIP9QA31,27.34,17169,2026-01-05 14:28:00
TXN_2115,27V9SW2V,54.83,42397,2026-01-16 14:46:00
TXN_1844,E0TNR16B,51.67,46566,2026-03-19 21:38:00
TXN_2473,I9OP2957,34.96,19726,2026-03-23 00:19:00
TXN_1298,RBC2MSKL,60.85,31061,2026-02-20 18:02:00
TXN_2733,9I521PXH,36.64,15967,2026-03-16 04:29:00
TXN_1356,DCQTXX36,31.25,46314,2026-02-19 07:16:00
TXN_1830,Y2O0ADQH,29.45,44208,2026-03-22 10:18:00
TXN_3704,KQFF9RFL,100.02,42204,2026-03-29 20:30:00
TXN_1775,5P8ZWTR0,36.18,43804,2026-01-06 21:18:00
TXN_2449,AGQ0MZGL,50.3,49471,2026-02-17 21:29:00
TXN_350,QSW9JPA4,83.4,42482,2026-01-28 01:24:00
TXN_3273,IXCHKO5D,37.87,38151,2026-01-18 20:35:00
TXN_3318,AKIVN0B1,30.77,15983,2026-03-03 10:50:00
TXN_2284,S954O26N,67.02,24165,2026-01-03 04:02:00
TXN_2298,2XT9XPQR,35.59,16694,2026-03-17 10:42:00
TXN_3747,SSPSP1XQ,59.24,19075,2026-03-09 22:08:00
TXN_124,UBTY3EWB,22.65,30155,2026-04-14 05:23:00
TXN_1318,YCP6M93Z,52.19,25754,2026-03-07 19:11:00
TXN_155,4TQ0YJ3A,48.64,42523,2026-03-08 20:44:00
TXN_3901,UU5C8XFJ,78.9,33969,2026-02-08 19:52:00
TXN_3225,PLLYCVJD,38.3,17861,2026-02-02 06:45:00
TXN_4391,7D9MDPHV,35.15,10559,2026-02-20 07:36:00
TXN_10,84ASNZEP,61.38,36233,2026-01-04 22:17:00
TXN_4444,YFZUEA2P,34.02,32481,2026-04-04 08:35:00
TXN_2007,IZ14LGTN,60.77,24129,2026-02-25 17:47:00
TXN_3680,EQ1ZOG1R,41.88,20500,2026-01-07 10:39:00
TXN_4584,6JKBRH67,109.93,41453,2026-02-02 08:59:00
TXN_2233,YH8LYUUQ,49.82,41298,2026-01-13 17:51:00
TXN_263,EOMXL5VG,76.16,29569,2026-01-23 07:16:00
TXN_545,B3ZG6POK,73.63,48672,2026-01-15 06:16:00
TXN_2891,ZW1OI2BF,45.15,29912,2026-03-18 17:09:00
TXN_2679,KO4PJIDX,74.45,42399,2026-01-27 11:36:00
TXN_2332,2297ZYKZ,72.34,13701,2026-03-10 18:50:00
TXN_1805,RALIQL9E,50.44,24459,2026-03-27 13:36:00
TXN_1741,V379JCTS,58.97,18494,2026-01-26 17:53:00
TXN_3154,8106MWA8,18.86,47768,2026-02-13 21:05:00
TXN_2480,038J6JVX,38.13,15806,2026-02-22 13:26:00
TXN_1864,T471SOHV,48.66,49317,2026-03-23 15:23:00
TXN_38,YXEVF34Y,97.41,12560,2026-04-18 00:42:00
TXN_1229,4E62X28I,20.44,49871,2026-05-01 07:18:00
TXN_4360,6JVWSNUZ,22.13,28637,2026-03-07 15:46:00
TXN_4116,NRDVHMYP,32.94,33194,2026-04-02 21:03:00
TXN_1367,P5R349ZU,85.22,21588,2026-01-02 22:09:00
TXN_3320,RI59IYWV,35.74,38590,2026-03-26 10:11:00
TXN_4648,X9UWUY3L,22.67,33753,2026-02-20 03:41:00
TXN_2723,68NG4GYT,47.75,26705,2026-03-07 07:10:00
TXN_2813,YGRAOGJN,33.45,23154,2026-04-29 06:08:00
TXN_4204,FWIKDT2P,51.03,29928,2026-01-28 21:50:00
TXN_864,XY7KICXL,56.27,28102,2026-01-25 07:52:00
TXN_4375,6Z9KSEUP,34.34,25888,2026-04-08 11:31:00
TXN_15,CDB3JRDJ,46.96,42247,2026-02-08 19:58:00
TXN_3573,RJJOSBRE,,25682,2026-04-29 04:33:00
TXN_1335,83EJMW8Y,87.3,33515,2026-04-14 04:27:00
TXN_2685,RCVMQKP1,35.04,32258,2026-03-17 00:36:00
TXN_436,6EMXN20G,26.28,28766,2026-01-02 17:27:00
TXN_4023,8QUHU54Z,100.82,21197,2026-04-19 16:38:00
TXN_1734,R2L3AJQA,26.35,41592,2026-01-17 14:42:00
TXN_270,L8P9HA8R,,32707,2026-04-30 14:34:00
TXN_4157,8ZY102RX,43.21,19207,2026-03-31 13:59:00
TXN_2806,OA5U7SF5,33.9,17426,2026-03-31 19:39:00
TXN_4189,ZA0H4VFJ,75.52,35208,2026-04-12 02:23:00
TXN_4695,C76MJOLT,76.89,25720,2026-02-19 11:58:00
TXN_1245,AEO6BCM3,27.54,37853,2026-01-07 04:31:00
TXN_2416,I8210CDD,27.61,16800,2026-04-16 13:58:00
TXN_156,W8ADF7MF,68.64,37533,2026-03-02 01:54:00
TXN_3839,0H7XYKR2,45.12,31273,2026-03-02 03:14:00
TXN_3046,S6DE4JO0,60.09,30297,2026-02-04 07:31:00
TXN_1742,D0M85JH8,72.81,30993,2026-02-24 06:34:00
TXN_2502,UIHRP1XG,71.71,41757,2026-04-19 19:04:00
TXN_4545,5OP939EH,21.7,36851,2026-03-24 23:02:00
TXN_4796,ACRYT9AQ,77.85,27950,2026-04-08 06:57:00
TXN_4650,V2AV48ZF,64.58,17901,2026-05-01 18:03:00
TXN_1836,OAA5R21C,61.45,50017,2026-02-09 00:10:00
TXN_3368,CHFLQQZ8,21.39,37618,2026-01-05 20:37:00
TXN_293,YJ6B45K5,,22843,2026-02-01 18:23:00
TXN_384,EZ80KHZP,103.3,18810,2026-03-03 08:40:00
TXN_673,ZBCDCJQZ,103.45,44559,2026-03-07 09:30:00
TXN_573,P1VR5AMU,57.27,21679,2026-05-01 00:59:00
TXN_4080,JQKQNXTO,19.64,41354,2026-01-25 01:00:00
TXN_BAD_4271,INVALID_VIN,50,20000,2026-04-10 10:00:00
TXN_3292,TJNPC2D3,34.7,19218,2026-02-25 14:07:00
TXN_4451,WN4KLGIL,80.0,43927,2026-04-01 12:40:00
TXN_2852,CUEVBJE9,78.48,45003,2026-03-19 11:53:00
TXN_54,RB6TQ5CH,80.27,42868,2026-03-16 15:26:00
TXN_1147,VJYHJ6CA,80.56,37141,2026-01-28 02:31:00
TXN_3228,RQ37UBF3,55.14,29194,2026-04-03 07:35:00
TXN_736,RL2R2IBJ,95.24,21379,2026-04-30 21:50:00
TXN_302,645TC31C,35.06,13828,2026-03-24 06:13:00
TXN_3441,XVYKAV3V,40.24,14638,2026-03-29 06:40:00
TXN_3253,BCLRZ1I2,72.44,19032,2026-02-05 07:06:00
TXN_3405,PJTQDH18,36.16,27017,2026-03-15 12:04:00
TXN_4589,7OEH32KQ,38.17,47779,2026-01-11 10:49:00
TXN_122,10PDP6B5,78.73,46344,2026-03-27 07:50:00
TXN_2552,O6B1K4OB,18.86,12874,2026-02-21 23:59:00
TXN_3914,7CK8TIPC,33.43,15303,2026-04-07 14:44:00
TXN_3954,LEJR8C1T,71.89,28961,2026-03-23 07:10:00
TXN_75,GVHLX7VB,19.88,39249,2026-03-19 19:00:00
TXN_2563,UQO1CNWS,33.4,28446,2026-04-18 07:39:00
TXN_998,KI0ODT3K,44.35,25372,2026-04-24 14:20:00
TXN_1351,OMSJ74AG,77.8,40565,2026-02-21 10:18:00
TXN_850,F9D8AG61,91.74,33944,2026-02-22 23:48:00
TXN_3808,E0BJGSQQ,62.55,23215,2026-02-19 14:37:00
TXN_2280,2715R2EL,26.26,10236,2026-03-11 16:22:00
TXN_4618,XFL06EZS,27.84,19745,2026-04-01 03:14:00
TXN_3003,W9NEBY2B,28.06,41106,2026-03-02 09:29:00
TXN_3926,OE331BJU,68.83,11451,2026-04-22 15:31:00
TXN_3095,01PVT4NC,40.12,49726,2026-02-16 03:41:00
TXN_1891,VQ2FWQVS,55.27,31179,2026-01-24 12:22:00
TXN_2003,UAWVSXF4,51.61,12281,2026-03-18 04:00:00
TXN_4227,2WL2YFSZ,57.66,21780,2026-01-03 22:08:00
TXN_3468,18EJI961,24.35,17924,2026-04-18 12:04:00
TXN_4731,7TT0YGEV,13.76,34172,2026-01-02 08:59:00
TXN_4623,5RIIZRQH,44.74,24938,2026-02-15 17:56:00
TXN_676,RMAD8ABP,41.65,49834,2026-03-30 04:48:00
TXN_4347,IFQUDI8I,34.37,43479,2026-04-02 00:29:00
TXN_456,GM3VYYW5,90.98,14008,2026-03-24 22:34:00
TXN_4302,AGS269OM,58.45,18580,2026-03-01 18:33:00
TXN_4166,PCBMSUUG,79.05,42101,2026-03-16 17:15:00
TXN_1330,XN32M97L,30.98,21369,2026-03-06 23:34:00
TXN_187,X12ASJJ2,68.44,41967,2026-04-06 03:23:00
TXN_3936,EW338IUJ,52.3,38421,2026-01-21 13:25:00
TXN_2802,CRQHPBPF,34.24,20088,2026-02-15 11:50:00
TXN_2830,EW9JQCN6,48.39,13777,2026-02-15 12:07:00
TXN_3678,1RY2A8UU,62.06,37047,2026-04-11 22:12:00
TXN_4059,H13B860E,71.15,24291,2026-01-12 01:46:00
TXN_1560,2HETR72I,65.4,18643,2026-04-02 14:17:00
TXN_2866,YLWX7JAY,50.46,39591,2026-03-08 16:33:00
TXN_3284,F53GWVXW,31.04,14700,2026-04-09 17:26:00
TXN_1747,OWKC6BS4,40.16,28450,2026-02-05 01:12:00
TXN_2528,NNAU5LYK,23.37,19391,2026-02-10 00:20:00
TXN_4317,H5GSRB6H,28.42,14616,2026-04-29 07:24:00
TXN_587,29ZDFGAJ,72.25,33236,2026-04-27 12:16:00
TXN_727,PS9UR8LK,91.61,19005,2026-02-22 10:26:00
TXN_2850,BUEXO9QT,21.09,43847,2026-01-16 06:06:00
TXN_4412,APTKL129,42.01,40915,2026-01-02 01:47:00
TXN_2430,APMD5E5K,37.6,29731,2026-01-15 22:31:00
TXN_2854,F9GD2QGG,82.59,26817,2026-02-23 04:25:00
TXN_4706,8BFUIXYB,26.52,43529,2026-01-30 14:30:00
TXN_17,JPURR4FS,77.11,45936,2026-03-28 10:17:00
TXN_544,BNJSTUO9,36.23,42863,2026-02-15 01:50:00
TXN_1162,0U39J2UL,41.28,49580,2026-02-04 12:52:00
TXN_1552,6RRPD3KN,54.6,18001,2026-02-10 14:26:00
TXN_2175,CE9TTGTO,39.18,11166,2026-02-09 08:57:00
TXN_2277,AVUFV1E6,21.97,19077,2026-02-11 18:25:00
TXN_4685,9EC2PK55,67.07,10987,2026-02-13 06:44:00
TXN_2925,BU0I4ZPB,39.23,46287,2026-04-20 09:09:00
TXN_3669,03RJI2O4,71.62,36814,2026-02-23 19:10:00
TXN_2525,SS9RIADR,51.76,12809,2026-03-30 00:42:00
TXN_690,FMAXUFBK,36.4,15821,2026-04-27 14:37:00
TXN_4984,PG6Z02FJ,39.84,28153,2026-04-02 01:32:00
TXN_4350,EJFS714G,23.51,48646,2026-02-16 22:02:00
TXN_3723,ADPEYWKW,29.75,21970,2026-04-17 06:35:00
TXN_1862,2VHY31QB,65.6,10817,2026-04-27 10:31:00
TXN_2283,SHMC97I2,59.41,23240,2026-04-14 03:05:00
TXN_630,KQOW6CWK,80.16,22371,2026-04-23 00:46:00
TXN_815,QA784676,68.32,34834,2026-03-09 06:57:00
TXN_3684,81985A9Q,32.37,33020,2026-02-05 22:16:00
TXN_824,IRN07I44,38.88,33380,2026-03-28 12:05:00
TXN_3510,CPXFC9L6,84.75,46406,2026-01-19 20:03:00
TXN_2706,PURAUOON,63.32,14434,2026-04-03 07:10:00
TXN_1855,0TGCB3UR,94.03,28358,2026-04-30 00:44:00
TXN_4684,Q0SF9MG9,23.9,37693,2026-01-30 07:45:00
TXN_3979,2UVA7PQK,72.73,15597,2026-03-09 09:04:00
TXN_2034,J91VOJM5,36.33,21271,2026-04-05 07:14:00
TXN_1336,IOHS4SS2,88.96,44042,2026-01-24 10:00:00
TXN_1819,L4NNLC50,73.76,33875,2026-02-16 15:57:00
TXN_2704,5OKYAH9H,81.21,14780,2026-01-31 10:32:00
TXN_1956,FBP4F84Q,112.65,38863,2026-01-10 23:38:00
TXN_3776,AW4OTD8P,54.97,47204,2026-02-18 08:25:00
TXN_3350,Q8W6NHE6,98.08,38162,2026-03-15 11:24:00
TXN_3523,12U1756I,23.06,10199,2026-01-25 18:32:00
TXN_1758,HPUZJ4V3,22.36,39884,2026-01-04 20:38:00
TXN_4371,G0CQNOZY,20.13,49853,2026-04-19 07:32:00
TXN_4698,N762WSX9,91.95,31839,2026-02-28 19:07:00
TXN_3876,UTELOQLD,50.93,40232,2026-01-13 04:35:00
TXN_3434,YUMZRYDH,93.91,35960,2026-01-04 12:30:00
TXN_453,6AT8CR7I,32.35,41515,2026-03-18 06:52:00
TXN_546,IOVZVDF3,50.74,31190,2026-02-09 01:04:00
TXN_1572,NKZF481F,20.68,16326,2026-01-28 15:19:00
TXN_963,MJYY05QT,59.26,22988,2026-04-13 05:17:00
TXN_4262,EX411L1Q,82.38,17079,2026-01-19 17:37:00
TXN_924,MVDJMI5S,42.33,10673,2026-03-29 06:19:00
TXN_2333,2RYQH7A5,15.45,40606,2026-04-13 16:52:00
TXN_207,XR4ZIB2N,38.22,42209,2026-03-20 21:48:00
TXN_3008,CNVCNSSS,38.38,20526,2026-04-07 17:43:00
TXN_139,05BV1V9N,83.27,25025,2026-01-03 10:04:00
TXN_1721,2AMFRCPJ,93.24,47302,2026-04-11 21:02:00
TXN_1846,CK2DL044,73.6,18626,2026-01-26 12:21:00
TXN_3312,V2WLGBV0,52.0,11963,2026-03-30 06:27:00
TXN_4717,BAR0PKU5,31.72,45288,2026-02-08 18:17:00
TXN_4832,LQX0ZY60,27.11,34797,2026-03-25 22:39:00
TXN_2382,ZNRTF8NJ,78.05,48061,2026-04-11 07:21:00
TXN_637,JAUDKLXL,18.43,32109,2026-03-18 18:02:00
TXN_983,QLZ8NU1M,64.13,44116,2026-02-20 07:59:00
TXN_3250,BMID60SH,19.64,32898,2026-03-16 03:37:00
TXN_828,RPTZUHHB,43.59,22914,2026-03-11 04:53:00
TXN_717,4WB76KH8,38.38,27899,2026-04-15 17:55:00
TXN_93,K5AL4E9J,43.16,21372,2026-04-22 16:01:00
TXN_644,NAFHAT8R,24.06,11408,2026-04-05 17:58:00
TXN_2445,PRZ4AFS4,58.39,29989,2026-01-14 07:39:00
TXN_2310,TJ4ILE4S,103.89,10791,2026-02-26 21:39:00
TXN_4235,LB7P3TGI,39.83,24219,2026-04-09 03:28:00
TXN_4924,QHUXAO5A,26.5,28807,2026-04-04 14:54:00
TXN_3103,VFRSAD82,102.8,14275,2026-03-28 14:35:00
TXN_3686,53MPPSKP,28.24,14815,2026-02-26 17:16:00
TXN_2364,Q8LUSV3I,54.8,39974,2026-03-18 06:14:00
TXN_2043,34GTJ8B4,54.89,47638,2026-03-14 14:56:00
TXN_2383,DLE6B9MD,60.2,47432,2026-02-13 05:42:00
TXN_2905,W9BLNBZ6,40.53,21072,2026-03-22 11:55:00
TXN_1745,YFNYMYX4,50.65,47439,2026-03-15 11:22:00
TXN_3562,7EF19GQK,95.18,37075,2026-03-04 13:59:00
TXN_4722,SWXDK86E,40.73,46125,2026-04-30 02:56:00
TXN_1199,VCU1469H,56.38,30676,2026-03-17 08:50:00
TXN_3247,IRIFD9H7,66.05,45407,2026-01-26 21:16:00
TXN_1900,LY7BHVW5,77.08,44718,2026-04-22 11:25:00
TXN_3302,821H56SC,49.11,26753,2026-04-02 23:04:00
TXN_4664,T5WYYPAH,70.22,31109,2026-01-26 00:54:00
TXN_3849,1LTLMZLQ,104.06,40799,2026-03-09 20:49:00
TXN_1753,5D9DH8P0,47.02,38718,2026-04-22 07:31:00
TXN_3016,JXTT0CQL,25.75,19803,2026-02-08 04:46:00
TXN_3777,SYB4QK8Z,52.78,26594,2026-01-12 02:47:00
TXN_797,S6N7Y80G,38.39,17663,2026-01-13 08:57:00
TXN_3608,C0ODAWJ0,37.68,27698,2026-05-01 03:26:00
TXN_4625,8I1KOZS2,27.47,12743,2026-04-19 04:57:00
TXN_3727,L232PJ1Y,60.47,33486,2026-04-08 16:54:00
TXN_4084,NYTI8TXS,51.35,18347,2026-03-04 09:07:00
TXN_BAD_1274,INVALID_VIN,50,20000,2026-04-10 10:00:00
TXN_3286,CZIPLSUD,92.54,18472,2026-01-10 11:07:00
TXN_4117,XRL7M0GP,54.35,18016,2026-04-27 03:05:00
TXN_4595,3K9IOVDP,52.49,38578,2026-02-20 09:13:00
TXN_1802,A4W9CBZN,59.99,44152,2026-02-27 08:25:00
TXN_2641,HR06TVAA,74.56,12386,2026-02-16 20:11:00
TXN_1075,B1NLNVCM,80.69,29225,2026-01-21 00:09:00
TXN_1607,76GFVWE6,71.19,47953,2026-03-18 11:26:00
TXN_1079,9MQPE26Y,75.7,44094,2026-01-07 22:56:00
TXN_480,4IETQ4NJ,23.18,26416,2026-02-07 16:05:00
TXN_4661,2N2U4YM9,93.8,23269,2026-04-14 03:15:00
TXN_3367,H3VRAM7S,-10,32300,2026-04-08 16:14:00
TXN_4054,CCSPJZ3S,67.94,27607,2026-01-04 08:12:00
TXN_1599,XLX8ACMW,25.78,16823,2026-01-23 03:25:00
TXN_2006,KANL8QJT,59.88,15938,2026-03-16 11:21:00
TXN_658,ZHDE2YAF,24.72,14282,2026-04-09 09:36:00
TXN_3991,Q3DCN8NB,74.09,26780,2026-01-16 01:48:00
TXN_2727,E7XMVSCJ,50.54,13787,2026-02-22 21:59:00
TXN_3682,KA9APVMH,62.69,22329,2026-03-14 15:03:00
TXN_633,MGTH3JWW,45.48,48588,2026-03-22 11:06:00
TXN_2224,DJTV5BE2,58.06,48286,2026-04-16 17:54:00
TXN_2794,CWX7TGMF,51.91,45748,2026-02-02 06:39:00
TXN_4843,M0KFX6EN,85.43,27421,2026-02-15 19:33:00
TXN_580,RGTKKUPZ,65.92,46040,2026-02-23 18:23:00
TXN_1636,DDTOIABG,50.42,35415,2026-02-23 06:44:00
TXN_4251,VCNQPKRY,66.83,35323,2026-01-24 05:29:00
TXN_3394,W4RK4H0R,14.93,12736,2026-01-07 10:48:00
TXN_4239,3B2HCJQE,70.57,32797,2026-02-04 07:49:00
TXN_2318,47ELA6OM,42.69,10749,2026-02-18 02:18:00
TXN_2652,N1EGHZGJ,77.36,45875,2026-04-27 22:41:00
TXN_1870,FBCBX6MC,56.87,45141,2026-04-27 23:17:00
TXN_379,5DADHPBT,60.29,19318,2026-04-22 13:43:00
TXN_3939,LK6V0HGV,102.26,24424,2026-03-08 23:56:00
TXN_1095,AHPJ543J,52.86,41779,2026-04-12 12:20:00
TXN_865,ZW5V71NQ,17.98,37563,2026-05-01 07:07:00
TXN_2243,75GJBMN6,13.52,42204,2026-02-17 21:08:00
TXN_2907,JMKPPNYN,20.75,19660,2026-02-23 05:05:00
TXN_1382,QKS9FGNP,75.44,49133,2026-04-13 12:52:00
TXN_3499,10K4YGWE,87.88,38647,2026-02-28 10:39:00
TXN_1770,0A6X9FFH,99.95,16316,2026-03-17 15:00:00
TXN_2549,XOVL8QQC,38.03,32382,2026-04-20 05:01:00
TXN_4804,KAF1X30C,24.8,48880,2026-01-23 21:50:00
TXN_694,42ZLQSP0,17.16,18222,2026-01-04 11:41:00
TXN_235,G83RLMM2,65.09,45173,2026-04-01 16:52:00
TXN_1677,IBKXINTN,40.92,42930,2026-02-09 05:03:00
TXN_938,YZA4OFM4,35.14,37432,2026-03-29 04:02:00
TXN_951,ZZ7GMCTP,57.15,11546,2026-04-16 13:05:00
TXN_2537,KMUVMZ5Z,33.91,24774,2026-01-15 04:20:00
TXN_3039,P2G19L5J,81.46,14021,2026-04-22 05:20:00
TXN_2360,Y2VUT94V,30.84,13673,2026-04-29 18:39:00
TXN_1098,VKDY0DTG,44.18,21663,2026-03-25 21:46:00
TXN_1453,WGK890C0,36.69,40237,2026-04-15 04:13:00
TXN_4916,JKQHGF79,65.89,29809,2026-04-01 01:14:00
TXN_1046,SNYGFL75,52.73,23820,2026-03-23 21:30:00
TXN_1698,B8AYS2HP,95.82,19073,2026-04-24 03:20:00
TXN_1570,4VJSIGGG,38.04,34593,2026-01-07 11:54:00
TXN_2409,6YVIZ2KP,64.69,27556,2026-01-04 08:57:00
TXN_4484,UKSKU0ZS,92.69,11813,2026-04-16 13:39:00
TXN_4443,MKIVOQ3Z,44.63,39813,2026-04-23 11:26:00
TXN_1522,8KZNRI8G,25.89,17831,2026-03-31 10:45:00
TXN_2712,TFEA9J7W,73.72,16001,2026-01-29 20:40:00
TXN_3932,OUMGLNHP,88.45,48123,2026-01-02 08:20:00
TXN_2297,VVFFEN37,43.82,34861,2026-01-17 08:20:00
TXN_1723,V40ORC4F,115.05,41575,2026-02-10 01:50:00
TXN_1257,MU1NYDF2,32.3,39644,2026-04-26 06:34:00
TXN_3569,KQK4BAOX,40.29,40666,2026-03-09 15:50:00
TXN_164,TD3E38C4,50.44,35192,2026-02-26 10:45:00
TXN_410,74D4BL3U,32.3,10677,2026-03-29 20:06:00
TXN_129,F6UVHNVN,27.7,47938,2026-02-26 23:49:00
TXN_3819,1ULYJZQA,19.05,40541,2026-04-26 23:52:00
TXN_4150,M5QZXAYM,66.28,38878,2026-03-22 14:09:00
TXN_108,SOBP3JTH,103.68,19029,2026-03-11 07:34:00
TXN_1301,WQ74WPDV,30.07,23465,2026-04-14 10:57:00
TXN_2487,UHZN4WNA,43.86,17574,2026-02-11 00:58:00
TXN_940,BR3SU6JQ,87.93,31731,2026-03-25 14:34:00
TXN_2630,CQFNH3R9,59.28,29033,2026-04-28 18:47:00
TXN_4141,2Z1SVQBZ,43.65,27196,2026-04-21 01:32:00
TXN_4555,P4FCIA15,23.8,25739,2026-02-07 03:26:00
TXN_3938,Y0W83GAX,44.51,49970,2026-03-27 00:27:00
TXN_3956,FXLQVKGJ,79.44,17213,2026-04-24 20:37:00
TXN_4073,QDHMEY9J,57.05,37153,2026-02-26 14:46:00
TXN_16,8WXMDWOP,86.64,36844,2026-04-15 12:46:00
TXN_3544,R8GWKJ91,67.59,26642,2026-03-25 08:02:00
TXN_4816,N5YPK080,19.24,49352,2026-04-02 20:57:00
TXN_1998,TJK3N7LX,18.34,31847,2026-02-27 22:22:00
TXN_1796,CX9G3HIR,127.84,27165,2026-02-07 06:25:00
TXN_855,9BQB0XTF,30.29,32855,2026-02-20 09:37:00
TXN_2220,RBF1RXGO,44.94,12395,2026-02-22 00:06:00
TXN_3366,7UOKW6KW,13.18,36067,2026-03-25 07:11:00
TXN_1907,I6OBBLQI,44.06,47325,2026-03-10 23:32:00
TXN_663,TS397GIL,72.99,50042,2026-04-15 17:06:00
TXN_4508,Q3NPUMR4,74.27,37990,2026-01-31 01:23:00
TXN_1030,WMBPG57L,63.52,17641,2026-01-29 18:54:00
TXN_1961,2MDNIMU8,21.48,24757,2026-02-11 07:20:00
TXN_79,LVV1IRUV,88.17,19558,2026-01-01 02:26:00
TXN_4763,2QHUH3LZ,24.56,33795,2026-03-31 10:46:00
TXN_253,O0IVY9GX,79.09,49247,2026-04-24 04:51:00
TXN_3098,786N6WLV,46.23,38393,2026-04-19 14:50:00
TXN_4161,X5X312DP,36.92,40599,2026-01-11 23:23:00
TXN_868,KBI8WKW1,44.41,48363,2026-04-16 11:01:00
TXN_4868,U9AWPNO9,24.76,44044,2026-03-28 12:20:00
TXN_660,IGECXJZG,42.43,48979,2026-01-11 23:53:00
TXN_3346,H2WDIIS5,82.92,11012,2026-03-14 21:41:00
TXN_1663,5NQFKRFP,39.67,15217,2026-04-07 20:32:00
TXN_3549,2XXAMCOC,49.04,39827,2026-02-07 00:22:00
TXN_2892,JG6125Z2,42.34,44676,2026-03-10 02:41:00
TXN_4286,LXA1C1Q1,67.21,48026,2026-04-03 19:09:00
TXN_2518,29ZDFGAJ,29.36,33398,2026-04-22 07:30:00
TXN_2872,YPM9KEJ0,79.83,14573,2026-02-15 17:35:00
TXN_3285,B10P3HSN,53.8,44850,2026-01-25 23:09:00
TXN_4908,CPOHU45V,50.25,49737,2026-04-27 16:17:00
TXN_234,1CRP1BCY,52.34,46892,2026-01-30 05:23:00
TXN_2095,8JHQMAXZ,53.41,39262,2026-04-13 00:29:00
TXN_4153,ACWVPQ2X,16.49,25142,2026-04-29 06:36:00
TXN_463,MP2ENXC6,73.79,44054,2026-03-03 22:48:00
TXN_3567,7R0V97MM,74.96,42504,2026-04-27 06:25:00
TXN_2635,X747JFBI,44.64,30581,2026-04-12 13:22:00
TXN_4087,Z3X975SH,25.43,12057,2026-04-29 02:42:00
TXN_4841,9HVW5HGE,45.76,21540,2026-03-17 21:11:00
TXN_2655,FX9A7YM3,96.85,30578,2026-03-24 17:59:00
TXN_4513,27VEGPE7,77.2,40327,2026-01-10 00:20:00
TXN_4577,75SJ8GTO,27.42,19398,2026-02-06 05:37:00
TXN_149,5XAAPTIM,86.3,49086,2026-04-23 01:12:00
TXN_4930,GDA25K3O,50.55,17983,2026-02-13 07:11:00
TXN_4542,LIX78SDQ,81.82,20648,2026-02-15 06:21:00
TXN_4015,6Q4LVHDW,84.11,27841,2026-01-05 11:21:00
TXN_1948,5LJQEV97,56.77,11169,2026-02-05 17:19:00
TXN_2692,YMWYVS3A,20.47,47688,2026-02-07 16:41:00
TXN_2871,NQBDOH0N,53.5,45774,2026-02-18 08:07:00
TXN_1736,SBC202FR,16.84,27685,2026-03-04 09:38:00
TXN_1970,GKFJDQKS,59.75,15826,2026-01-04 19:03:00
TXN_2803,JNI5R5AP,58.77,21503,2026-04-23 08:17:00
TXN_4287,LQGWM6C5,19.26,30856,2026-04-22 01:57:00
TXN_3912,G1PC3X03,65.67,26660,2026-03-26 01:16:00
TXN_3820,FMNXX9CV,51.57,25187,2026-04-22 06:51:00
TXN_4992,J8Z4XI6I,65.99,13981,2026-01-22 23:58:00
TXN_4339,WCZSB05F,66.11,27817,2026-01-02 14:31:00
TXN_2947,YG1WB2B4,67.99,24839,2026-01-03 23:01:00
TXN_503,PLMP303S,78.05,20080,2026-01-08 21:34:00
TXN_2117,FY55N2TV,77.73,18692,2026-03-19 22:56:00
TXN_444,6CG5J85R,16.09,32437,2026-04-15 12:15:00
TXN_2155,LAXZJXTP,68.47,18031,2026-04-10 01:45:00
TXN_3982,15DA28IV,60.56,33562,2026-01-27 22:52:00
TXN_137,B6224E2C,47.54,47257,2026-02-06 06:21:00
TXN_758,FMYRM6Y6,33.57,47979,2026-04-14 03:23:00
TXN_4027,LDBVU842,31.79,16994,2026-03-18 05:45:00
TXN_4548,U3UKJBOH,29.44,40688,2026-04-29 09:18:00
TXN_4807,7UWV4YB9,84.9,33052,2026-04-25 20:23:00
TXN_3655,8KQWWZ9M,60.19,24553,2026-02-17 00:13:00
TXN_4535,NJQ1EQ0H,68.78,41434,2026-01-06 00:00:00
TXN_4223,3HVIADCU,77.64,35092,2026-03-29 00:53:00
TXN_4588,JAFAAFO2,39.06,27190,2026-03-24 12:54:00
TXN_842,LMJIVBWN,86.3,43889,2026-02-13 10:18:00
TXN_4264,KLSORRVV,71.88,48160,2026-04-06 05:36:00
TXN_2137,BTRLOUDV,30.08,40991,2026-02-20 18:36:00
TXN_3854,8U63Q13B,56.65,38101,2026-01-29 03:30:00
TXN_3360,EGX64JZ1,109.59,49985,2026-03-26 09:16:00
TXN_2725,ZDKBWJ7T,60.5,43933,2026-03-13 03:49:00
TXN_1942,GVV3HE5I,57.09,37755,2026-03-26 17:16:00
TXN_4523,O7DBF31W,53.32,34764,2026-02-25 05:00:00
TXN_1381,OW6AR434,38.06,27604,2026-04-07 01:01:00
TXN_3958,D2TFCDY3,84.26,35733,2026-03-21 03:08:00
TXN_4330,JR5TC67O,35.32,41584,2026-01-11 03:13:00
TXN_4020,BZHGCEDV,78.04,13250,2026-03-19 03:29:00
TXN_1735,GU0TX4KZ,100.96,21722,2026-02-13 23:40:00
TXN_2558,PQ5DYUMG,62.88,28551,2026-02-07 10:14:00
TXN_3944,N0XHRUB3,38.52,21009,2026-04-19 02:15:00
TXN_2087,FZP0RBDL,41.23,28070,2026-01-02 13:41:00
TXN_2882,921U0J6D,56.33,48850,2026-02-23 14:52:00
TXN_3393,W3WE62RE,80.39,31650,2026-03-30 16:45:00
TXN_2815,96NOT11L,38.84,40871,2026-03-27 02:54:00
TXN_35,JTFJ1LOC,77.51,31097,2026-04-14 03:09:00
TXN_1329,VBT8L2UT,59.22,50204,2026-03-25 14:02:00
TXN_4018,GAEJ375X,97.54,25328,2026-03-17 08:35:00
TXN_2005,Y1BQKOAC,31.12,30141,2026-04-26 09:43:00
TXN_2253,R8DR9A8U,100.72,32194,2026-03-13 11:06:00
TXN_329,UN1BBEEM,81.78,43172,2026-03-15 16:58:00
TXN_2258,VYK33AJS,73.01,14595,2026-02-01 00:27:00
TXN_3841,73OVGNHY,55.59,21627,2026-01-23 14:34:00
TXN_3401,UK4VD3UW,66.05,16609,2026-04-26 03:21:00
TXN_827,998L9LUL,20.48,17010,2026-01-11 21:55:00
TXN_440,MHXTVB03,35.75,47118,2026-02-18 21:43:00
TXN_2474,4W0HLTDT,53.06,44377,2026-01-02 00:13:00
TXN_1662,K3ZJGELP,81.16,40773,2026-03-10 17:47:00
TXN_4555,P4FCIA15,23.8,25739,2026-02-07 03:26:00
TXN_1843,54W1AV1D,64.81,36999,2026-04-25 03:53:00
TXN_2836,IRJ3UH5R,71.77,35876,2026-04-22 21:42:00
TXN_2303,C7RFOJGH,81.92,22010,2026-01-30 04:54:00
TXN_3838,1RMZK3XF,86.09,30300,2026-01-30 16:08:00
TXN_1211,3BNNOEU1,92.76,27098,2026-02-16 11:06:00
TXN_217,GYH45NBF,44.59,16584,2026-04-30 10:30:00
TXN_3448,6XT13XA7,19.0,10930,2026-01-10 17:03:00
TXN_1588,AONJST60,41.44,10757,2026-01-13 00:53:00
TXN_3883,XIHXRR2Y,64.75,13442,2026-03-31 11:05:00
TXN_109,MFJ2ORKT,47.52,42086,2026-03-09 08:47:00
TXN_483,8D91TLGI,54.38,33745,2026-01-01 12:13:00
TXN_4583,4ZMK1VNM,21.8,29672,2026-04-30 00:50:00
TXN_368,GLJNEXP4,69.38,23320,2026-01-21 08:58:00
TXN_516,1TT6N14A,39.14,36951,2026-02-21 19:13:00
TXN_1011,GC9R4Y5P,48.0,10839,2026-03-12 17:03:00
TXN_1087,YXPYRSOH,67.27,28972,2026-04-21 20:20:00
TXN_1688,L21B7NM7,107.77,32404,2026-01-02 12:54:00
TXN_1934,B50H5O6D,87.64,31147,2026-01-15 23:33:00
TXN_4466,GAC50D8V,20.91,26892,2026-01-11 20:30:00
TXN_1350,OEIPDZ6L,53.04,41672,2026-02-17 03:53:00
TXN_3960,NFY7DZEU,49.2,19478,2026-01-11 22:14:00
TXN_4361,AH500SVQ,66.54,45202,2026-04-16 19:45:00
TXN_3857,ABD4L04B,22.5,49627,2026-01-07 17:08:00
TXN_2581,7GY8YNJ8,88.87,40372,2026-04-07 20:57:00
TXN_910,XR14M2KO,43.64,28473,2026-04-26 17:57:00
TXN_1880,XTTKBK6X,29.12,36767,2026-01-05 07:33:00
TXN_738,1ZDPDMTM,26.6,14987,2026-04-13 19:26:00
TXN_2022,VKDJH1AD,73.77,50067,2026-01-27 21:48:00
TXN_230,GHC7Y1MZ,16.26,44353,2026-01-05 22:07:00
TXN_4273,JB3L80IE,40.31,15034,2026-02-15 16:59:00
TXN_3541,2DYRNQZC,62.7,36606,2026-01-29 05:43:00
TXN_2902,A4NRS4Y2,75.79,22090,2026-04-08 01:53:00
TXN_3445,71IRE48Y,16.53,26167,2026-03-12 20:17:00
TXN_1650,YD9D3O6C,45.27,40484,2026-03-01 07:17:00
TXN_1413,ORZM5QO9,63.8,13360,2026-04-14 00:38:00
TXN_3412,777XXCBK,104.74,43878,2026-02-28 01:30:00
TXN_2636,3FQAL0ZD,52.71,19686,2026-04-15 06:59:00
TXN_890,NA9Z7KV1,61.04,49196,2026-03-08 04:10:00
TXN_3432,YBZOSENU,14.53,10600,2026-02-03 22:56:00
TXN_793,6HRKAEII,61.97,44949,2026-03-19 06:24:00
TXN_2273,H9FF5V82,58.46,14829,2026-04-01 15:35:00
TXN_3411,VNGLAWT7,63.17,42140,2026-01-18 00:15:00
TXN_4164,0O26LZGR,72.3,15368,2026-02-01 22:16:00
TXN_2955,0G939BAR,22.41,32860,2026-02-11 06:24:00
TXN_1221,HHSC2CG0,34.7,21016,2026-01-11 18:25:00
TXN_3200,C4A0LKSP,50.41,38430,2026-03-08 20:29:00
TXN_1220,YY2YA29V,36.85,32542,2026-03-22 04:36:00
TXN_196,WQR9GIE9,92.23,46079,2026-01-20 06:51:00
TXN_1076,K6XZKY33,63.48,37185,2026-04-18 17:31:00
TXN_674,996PX1UQ,99.47,47795,2026-04-16 17:02:00
TXN_4383,DSQKLD6P,50.13,43785,2026-02-05 09:32:00
TXN_4247,PPWTFOXR,18.44,21251,2026-02-04 14:26:00
TXN_1931,H1TSECMV,71.38,25349,2026-04-26 23:05:00
TXN_3867,QVFI0547,40.14,49121,2026-03-27 23:31:00
TXN_1374,IWNDY5UD,33.23,38537,2026-03-29 15:59:00
TXN_1828,MXXHGTCB,61.15,17681,2026-03-27 10:14:00
TXN_3344,9QB217PI,52.64,18443,2026-02-10 03:25:00
TXN_3869,T8NVLXM1,52.42,36434,2026-03-01 21:28:00
TXN_3981,5T7NHDQU,73.54,20512,2026-04-18 12:05:00
TXN_833,RPTNY0MC,90.41,30047,2026-02-18 00:39:00
TXN_2750,DJ7OJ9A0,59.35,18523,2026-03-31 22:14:00
TXN_4794,HXX1ZIIS,81.62,34728,2026-01-31 09:23:00
TXN_249,J9SAAP5X,22.5,26447,2026-01-11 12:09:00
TXN_4217,X2ZAHS9X,59.37,15380,2026-03-17 00:58:00
TXN_1501,4NJM97BW,89.1,39365,2026-03-03 16:53:00
TXN_2761,N12701K8,76.76,15467,2026-01-29 00:12:00
TXN_2030,XR44RE5Y,80.92,38535,2026-02-25 11:24:00
TXN_3084,CMV3R422,59.6,40417,2026-01-29 21:28:00
TXN_71,53C1CKJE,68.44,49509,2026-01-31 06:52:00
TXN_3997,E9K4B9XA,47.58,31517,2026-04-26 06:56:00
TXN_2429,5TISR830,16.92,43328,2026-01-15 08:26:00
TXN_1117,QHQ1KLMC,50.28,21585,2026-03-04 04:31:00
TXN_1069,IAXY9YRM,50.69,34012,2026-03-04 01:26:00
TXN_4126,F8YK3PRP,18.29,18616,2026-01-04 21:55:00
TXN_289,2TXNJVH3,57.88,33894,2026-02-21 02:27:00
TXN_2686,OLSPU125,66.43,22227,2026-02-19 22:47:00
TXN_1112,FLZ8F6ZC,74.19,25970,2026-04-14 04:50:00
TXN_3389,QXR9UGVT,43.04,49886,2026-01-21 20:08:00
TXN_4976,4PD9D2MG,37.43,18996,2026-04-28 07:08:00
TXN_3801,LH27OTF6,45.52,20623,2026-01-01 22:38:00
TXN_4353,QOSULL0H,45.39,16928,2026-03-20 16:57:00
TXN_747,664Q20J7,58.57,21182,2026-04-02 11:59:00
TXN_1185,EC9O4TA5,91.38,43344,2026-02-07 11:42:00
TXN_513,Z5QAN703,25.04,48810,2026-02-28 22:34:00
TXN_3420,4D0HNJ68,35.1,26789,2026-03-13 23:24:00
TXN_3224,DRG5D3E7,35.09,40452,2026-04-23 16:50:00
TXN_862,95U1STIS,31.41,48180,2026-04-04 00:36:00
TXN_4293,OMYLPGJ2,41.79,35881,2026-02-15 04:24:00
TXN_1385,LT8Q550W,82.73,34743,2026-04-08 15:55:00
TXN_4041,GZ31J9OA,33.21,29727,2026-04-05 15:27:00
TXN_2744,I49YC76K,21.73,48328,2026-02-06 03:43:00
TXN_2583,6RQ4CS2L,28.9,38532,2026-03-16 12:17:00
TXN_3734,IACB3X5B,33.24,42410,2026-01-23 20:19:00
TXN_653,6OHGNI7Z,56.25,33928,2026-02-12 10:32:00
TXN_3398,L8GHRPGJ,79.64,31027,2026-01-28 22:54:00
TXN_2522,5MHHY9YB,19.11,47360,2026-01-25 11:06:00
TXN_528,8F4Q6V1W,48.24,19778,2026-04-25 20:41:00
TXN_BAD_8441,INVALID_VIN,50,20000,2026-04-10 10:00:00
TXN_3261,C5SZOZSJ,39.14,41538,2026-04-05 08:44:00
TXN_4070,6CL4951U,74.81,21416,2026-04-08 04:33:00
TXN_1911,BSZX6SPL,27.97,33503,2026-04-27 17:27:00
TXN_3138,0N6NNUZL,54.47,39453,2026-03-01 09:48:00
TXN_1331,6FTIRU13,44.66,17725,2026-03-12 01:26:00
TXN_3859,Q1LK6QSJ,25.45,41882,2026-04-30 03:47:00
TXN_689,9T5JU09O,27.55,30565,2026-01-16 07:46:00
TXN_4490,LYRYQHXT,43.26,49484,2026-01-10 08:24:00
TXN_1129,3CPP8GI1,89.53,37226,2026-03-02 00:47:00
TXN_3321,BB81KOA8,70.07,14750,2026-02-22 21:40:00
TXN_88,GTCZK0L9,77.21,24870,2026-01-24 20:22:00
TXN_1092,6YVT9AW5,15.99,14228,2026-03-08 12:12:00
TXN_554,ACC720XL,19.18,26905,2026-03-02 20:35:00
TXN_1184,KVXW8TUP,23.36,28248,2026-04-20 21:08:00
TXN_3015,6Q0YGBT3,53.89,48949,2026-03-22 05:47:00
TXN_4657,V34W5VRE,87.7,39575,2026-02-27 05:16:00
TXN_2146,OAWYSZVY,59.64,12612,2026-01-13 01:58:00
TXN_1273,YJH65GT3,17.71,39035,2026-02-02 20:46:00
TXN_105,7ICPS5ZT,58.64,41264,2026-01-20 03:52:00
TXN_4274,1ZP61108,57.68,43303,2026-04-03 13:08:00
TXN_3365,UCXS5LUV,95.65,35746,2026-01-20 05:09:00
TXN_947,J8D5NAIP,55.31,43256,2026-04-07 17:12:00
TXN_2889,B1U6E8KI,87.66,24920,2026-01-23 13:12:00
TXN_4653,3SLS9E6U,92.54,19181,2026-01-14 07:13:00
TXN_1395,036M40HS,36.95,39531,2026-03-25 04:21:00
TXN_4155,QR81BSVM,-10,14814,2026-01-22 19:20:00
TXN_4718,FWU4343N,38.37,12552,2026-03-29 21:59:00
TXN_4730,OTMEGFA2,47.94,13605,2026-03-22 07:50:00
TXN_1342,KZG4HEXY,57.71,24009,2026-03-04 03:29:00
TXN_2898,IXSJ516C,92.93,48189,2026-02-17 05:26:00
TXN_3135,4S0J5CQL,38.89,45429,2026-04-27 01:16:00
TXN_1131,N89MH9CB,51.56,30464,2026-02-19 18:11:00
TXN_293,YJ6B45K5,85.62,22843,2026-02-01 18:23:00
TXN_774,XDP6RA4N,61.05,36685,2026-02-26 11:43:00
TXN_2287,KAOEY23B,54.67,38531,2026-04-24 00:30:00
TXN_840,LLME0Q55,103.03,23765,2026-01-16 05:48:00
TXN_2667,14GJ4CFQ,57.32,26890,2026-02-05 08:52:00
TXN_1042,PVHFQ245,100.21,46959,2026-04-10 17:16:00
TXN_752,2HTL2KW2,37.84,21676,2026-03-24 19:21:00
TXN_4230,4Q84684E,35.69,10526,2026-03-05 20:39:00
TXN_1312,X98MNWQF,75.93,28647,2026-03-08 12:47:00
TXN_416,ZNSQGRI0,52.75,37865,2026-04-11 17:09:00
TXN_1132,SVVN6QXK,36.95,23636,2026-02-10 07:06:00
TXN_1438,257SVK6U,23.78,23328,2026-03-10 18:05:00
TXN_2442,X1K1V829,62.23,32631,2026-02-27 07:24:00
TXN_4743,OOOZ8PGQ,99.93,44531,2026-01-03 10:03:00
TXN_493,7DJHRZBO,108.76,34883,2026-03-15 08:53:00
TXN_169,W787SA6Z,26.38,27317,2026-02-11 14:20:00
TXN_2260,WAZTP5DH,59.66,41503,2026-03-10 07:41:00
TXN_4400,O5BKP00K,39.11,44692,2026-04-13 22:48:00
TXN_2178,TVBGBHSI,17.11,44487,2026-01-01 04:58:00
TXN_3031,I45F1FIG,62.29,14183,2026-02-24 02:52:00
TXN_4979,8MKFKLM8,61.06,20330,2026-04-21 12:29:00
TXN_1667,FJF85ZBW,57.65,20890,2026-02-04 15:50:00
TXN_259,YV8MS9NU,27.26,34045,2026-02-12 23:10:00
TXN_1119,948TD0T5,86.57,47724,2026-01-10 18:06:00
TXN_3338,TE3AW5M0,32.62,32377,2026-02-27 09:25:00
TXN_3419,425LLZK6,32.92,30597,2026-02-15 01:37:00
TXN_4099,0AHQBVOS,33.46,39710,2026-02-18 16:26:00
TXN_1553,JJ1LAUNH,52.33,25862,2026-03-10 21:04:00
TXN_3223,VAL9D3JM,53.73,38944,2026-03-01 05:18:00
TXN_3173,BKY8J7ND,77.73,29272,2026-02-15 13:38:00
TXN_685,IHMT5J3G,53.03,30789,2026-03-04 19:18:00
TXN_270,L8P9HA8R,92.65,32707,2026-04-30 14:34:00
TXN_2421,74AB7XWH,76.93,39911,2026-01-24 16:34:00
TXN_4922,JU48AA5E,76.63,25061,2026-03-08 09:46:00
TXN_677,8VQMDQFC,31.06,37823,2026-03-13 01:29:00
TXN_3443,M8LMR1UY,66.95,32732,2026-03-03 20:13:00
TXN_3496,3SIGUKI5,52.02,16268,2026-01-17 01:43:00
TXN_1015,A5I6G9H2,48.11,43551,2026-02-16 10:26:00
TXN_400,H48WEUK7,33.5,49508,2026-01-23 23:07:00
TXN_3572,DY27B0E0,106.31,33780,2026-02-09 06:56:00
TXN_3548,6N0GFFE7,82.6,38724,2026-04-18 22:40:00
TXN_4914,DKB8UBDR,30.22,21471,2026-04-09 18:46:00
TXN_2954,DLSNNI10,89.41,24812,2026-03-17 15:04:00
TXN_1457,1TWICJC9,29.05,30781,2026-01-21 19:34:00
TXN_1544,VXZGMYSW,,48001,2026-03-05 03:20:00
TXN_1958,ZQFR2X2H,67.98,13760,2026-03-25 18:23:00
TXN_1345,2NUFATKA,95.58,28617,2026-04-27 20:42:00
TXN_787,YQIHH3KY,82.01,45822,2026-02-14 17:07:00
TXN_3030,GBM8EKJM,100.27,47803,2026-03-04 16:41:00
TXN_2590,0HYGWPBW,65.21,10429,2026-03-05 23:02:00
TXN_845,QT4YSRVE,45.26,34763,2026-03-02 03:38:00
TXN_2877,5C3M135Q,103.06,13243,2026-04-11 17:42:00
TXN_1278,314SK5Z8,48.65,49988,2026-02-25 22:00:00
TXN_2912,MFBUUIYW,55.38,46222,2026-01-01 10:48:00
TXN_2553,BJOS91TT,57.1,12601,2026-01-24 18:29:00
TXN_4040,UHSDN43S,66.82,31936,2026-01-06 14:29:00
TXN_1088,8TE8EW8H,46.07,31288,2026-02-07 19:22:00
TXN_895,4FL8355Y,87.92,32576,2026-01-22 05:40:00
TXN_2269,08T0N823,62.71,12438,2026-04-10 05:02:00
TXN_1980,ZJOKGZBI,33.74,38812,2026-02-04 19:08:00
TXN_2062,XSYE0NL2,58.84,44736,2026-03-29 00:08:00
TXN_1354,JLBM1I6A,71.44,46485,2026-02-15 18:58:00
TXN_1815,GCTT9LVO,74.8,20452,2026-01-13 13:26:00
TXN_13,1CX3I3RZ,19.24,44085,2026-03-16 03:47:00
TXN_2489,5MJYQP9J,67.74,37010,2026-02-25 16:37:00
TXN_3670,7KMA7HCO,79.92,46927,2026-02-28 18:26:00
TXN_1323,P44LIRHG,103.86,44191,2026-02-03 02:06:00
TXN_2107,K0SJ2BAN,32.55,45054,2026-03-09 03:40:00
TXN_1976,MKYAGF80,101.44,40388,2026-01-30 19:56:00
TXN_4407,7TVCB2KF,37.63,32689,2026-02-04 08:57:00
TXN_4291,CE2NLEIV,83.31,30331,2026-01-26 01:05:00
TXN_2673,3STGN0K1,22.34,12350,2026-04-26 22:03:00
TXN_3290,HNO56S3F,0,16960,2026-03-27 15:49:00
TXN_2226,NCZP2SYL,99.09,47956,2026-04-25 10:28:00
TXN_3437,A64CQ3GY,57.74,16769,2026-02-05 12:41:00
TXN_2096,7V1CKSNY,75.84,33465,2026-05-01 06:31:00
TXN_3358,1GPOLEKN,75.6,37221,2026-04-10 08:36:00
TXN_104,4NUFUD0J,92.33,39405,2026-04-22 15:09:00
TXN_272,SQXQRK5U,33.85,40291,2026-03-30 07:00:00
TXN_1208,KR81C2YP,55.9,20250,2026-04-25 07:55:00
TXN_4860,XELRUV77,26.57,25261,2026-04-03 20:33:00
TXN_2036,HRIZ5C0T,70.84,17325,2026-04-03 12:33:00
TXN_1652,G558NUES,38.65,29491,2026-03-04 08:04:00
TXN_3238,9ZQJEE17,20.94,22675,2026-03-23 06:22:00
TXN_4453,OH56CP0G,70.33,15141,2026-01-06 18:38:00
TXN_1433,GGIIL76A,18.75,19376,2026-04-24 21:12:00
TXN_478,5PF5X9W5,61.73,47848,2026-03-24 02:03:00
TXN_1669,YLTD1GKM,84.71,46907,2026-01-19 05:07:00
TXN_306,L7YXY0YS,71.18,34306,2026-04-30 05:53:00
TXN_2809,3LVX4YEH,24.75,42204,2026-01-01 10:19:00
TXN_1800,GM3VYYW5,102.05,14445,2026-03-22 11:56:00
TXN_3191,EK62CZHL,18.87,15993,2026-02-28 08:00:00
TXN_3677,V8H0TMZX,21.57,39224,2026-02-07 06:29:00
TXN_2023,4EW2PRW5,16.72,49689,2026-01-18 23:41:00
TXN_975,1PBEWG49,80.66,14796,2026-02-22 01:00:00
TXN_639,2ERHK4EL,54.42,41771,2026-04-06 16:56:00
TXN_3593,51HIOVOX,61.03,47007,2026-04-05 02:22:00
TXN_1932,DCLKG9DR,52.73,32907,2026-04-01 18:53:00
TXN_1887,JPI0ABW4,44.07,37299,2026-04-21 11:31:00
TXN_1793,RW00RTV4,26.3,26478,2026-04-21 06:44:00
TXN_4270,CNVCNSSS,75.51,20852,2026-03-25 11:05:00
TXN_2040,UZCKPQ8X,69.87,41992,2026-04-18 14:08:00
TXN_1635,LEJR8C1T,62.28,28528,2026-03-10 17:08:00
TXN_364,OOIV9NQP,80.04,14201,2026-04-29 01:42:00
TXN_4557,I2CPVU1B,49.37,41943,2026-03-30 18:26:00
TXN_1100,JFPGBV6O,87.33,32221,2026-04-06 01:08:00
TXN_4130,0O08VMJ9,23.3,19211,2026-02-18 14:57:00
TXN_205,VMA3CEPT,27.35,10672,2026-02-05 00:47:00
TXN_1845,SDYKU2YV,35.03,22459,2026-01-18 18:24:00
TXN_1809,KSC2P2MZ,84.26,19057,2026-04-09 23:27:00
TXN_4506,A2NE2JAR,58.69,33652,2026-03-09 21:08:00
TXN_486,B0A1S7Z1,70.01,46865,2026-02-25 04:22:00
TXN_1253,ELMYWI7O,34.12,41549,2026-02-16 15:16:00
TXN_4562,7XMVJNX9,35.37,29120,2026-02-11 17:54:00
TXN_3435,2AT51NJC,68.61,22013,2026-04-23 20:50:00
TXN_4002,3GKSIJ53,18.25,16037,2026-04-02 04:03:00
TXN_3274,DTY2DZKG,30.48,46202,2026-04-05 05:13:00
TXN_3476,20JFFSAQ,73.03,16992,2026-02-21 08:41:00
TXN_2764,NTCXPLE8,47.76,14415,2026-04-30 06:49:00
TXN_2632,ISPCTPDC,67.77,45552,2026-04-20 07:08:00
TXN_3208,O83YO3ME,19.78,23731,2026-04-22 05:44:00
TXN_643,OG20UMJY,68.17,45157,2026-04-09 10:01:00
TXN_563,6VGWZCRW,38.41,26364,2026-02-09 05:59:00
TXN_4998,3V9CJ01N,38.18,17619,2026-02-10 06:53:00
TXN_4683,MX56GLHR,40.23,17561,2026-01-14 06:09:00
TXN_1896,8BAYEUFL,44.33,44323,2026-04-25 15:09:00
TXN_1995,TPOJGI2W,28.02,30277,2026-04-22 11:04:00
TXN_3930,WBFYZ6NN,81.4,27811,2026-04-26 01:26:00
TXN_1633,CXSA3BDH,42.56,44148,2026-03-03 11:23:00
TXN_2170,6SE1NK0Z,71.62,26812,2026-01-25 04:55:00
TXN_3011,KUVMWBEX,77.71,22160,2026-01-27 22:15:00
TXN_161,400RDWIP,50.35,37434,2026-04-23 19:46:00
TXN_2110,92UBLQBR,51.75,33477,2026-04-08 23:09:00
TXN_3043,KHJ8ZG62,121.57,50195,2026-03-29 21:15:00
TXN_1454,9V93NOVG,94.84,45602,2026-02-23 20:12:00
TXN_1893,6QLAKOWH,75.13,17121,2026-04-24 15:09:00
TXN_799,J8L7YB8O,92.93,46613,2026-04-26 00:30:00
TXN_2472,H80W7EHN,41.5,18702,2026-01-06 09:34:00
TXN_3355,TEBUG95P,76.54,32646,2026-02-15 21:22:00
TXN_3757,7VG2B13J,78.82,30506,2026-03-24 12:01:00
TXN_2107,K0SJ2BAN,32.55,45054,2026-03-09 03:40:00
TXN_641,8R042KW7,45.59,38575,2026-04-05 05:05:00
TXN_4637,FE8CPS0P,31.15,39319,2026-02-11 22:21:00
TXN_3421,QOCZ0HL6,38.68,23113,2026-02-11 07:42:00
TXN_34,HYA4VIDL,74.58,49241,2026-01-29 02:34:00
TXN_1240,R7SIHUB2,45.76,36249,2026-01-19 23:31:00
TXN_3316,QNDO64K0,82.35,41616,2026-02-27 03:55:00
TXN_2515,1XXL1274,20.87,11445,2026-01-03 18:17:00
TXN_4122,PCT9BKF2,37.04,48051,2026-03-19 16:07:00
TXN_3923,OPVEF76Q,28.88,32779,2026-04-23 22:16:00
TXN_3213,0L6CGBGE,42.73,46908,2026-03-28 15:09:00
TXN_2470,TEXZJ4YX,28.5,41325,2026-03-08 01:41:00
TXN_4215,FC2G05US,53.99,22975,2026-01-03 00:28:00
TXN_1494,L99SCOBG,51.95,12497,2026-02-14 13:39:00
TXN_4079,EZXJ7AZG,65.28,38233,2026-04-28 20:02:00
TXN_4566,1RXSE6CW,57.1,31393,2026-01-25 02:10:00
TXN_2634,8BU3WFPM,66.58,45453,2026-03-07 14:55:00
TXN_1341,ZJ90OMX7,84.88,45294,2026-04-18 12:35:00
TXN_4463,ILHY506Q,59.78,16493,2026-02-15 20:22:00
TXN_4775,7VNXR28Z,57.26,14268,2026-03-15 22:59:00
TXN_2097,S4VL5R7R,42.1,19752,2026-04-08 13:47:00
TXN_921,3RXZE6EP,77.86,41788,2026-01-11 18:38:00
TXN_4933,VCAYL24X,13.76,35469,2026-03-09 16:37:00
TXN_4693,GPGCF9GA,14.72,49870,2026-04-14 15:40:00
TXN_4434,N3QTQOY0,43.45,22564,2026-01-19 15:58:00
TXN_768,N2L4B1ZI,57.49,31641,2026-04-22 14:15:00
TXN_4155,QR81BSVM,82.64,14814,2026-01-22 19:20:00
TXN_4954,60I7KE2C,69.8,24239,2026-02-08 12:30:00
TXN_1506,6RJR82QE,73.42,38621,2026-01-30 01:14:00
TXN_4668,AOAJFKPP,43.45,11416,2026-01-07 09:07:00
TXN_826,J0X9CZ0H,48.3,30397,2026-04-20 23:44:00
TXN_4800,67IF1ZS3,23.39,41964,2026-01-02 09:35:00
TXN_4769,BIQGWS98,34.12,34023,2026-01-27 21:22:00
TXN_1536,SZCSZGEP,51.67,44645,2026-02-08 21:52:00
TXN_4267,2QPSHSHI,85.47,21967,2026-01-24 22:45:00
TXN_1125,ZJRTYDCN,42.8,13112,2026-04-30 03:08:00
TXN_4046,M33KEZYF,26.94,11325,2026-01-13 12:20:00
TXN_4318,HWLAXH1O,41.48,46404,2026-01-20 08:10:00
TXN_4385,JYBHFBVU,54.48,48725,2026-01-12 01:16:00
TXN_2858,HYC1KD7W,15.48,14504,2026-02-12 13:50:00
TXN_3235,J46JOPSJ,74.94,13877,2026-04-23 08:38:00
TXN_2239,PDX8TKYZ,62.15,34156,2026-03-23 05:10:00
TXN_621,TS1Z1VZK,38.77,20028,2026-04-27 07:00:00
TXN_362,OGAPQ89T,49.81,31661,2026-01-24 23:31:00
TXN_2926,X2RGXWHY,35.24,17262,2026-02-08 12:56:00
TXN_2296,422BVZEP,96.07,36693,2026-04-25 00:57:00
TXN_4314,C6NNKEPQ,36.8,46883,2026-03-05 08:32:00
TXN_2661,MVRCI33H,82.12,42697,2026-04-29 01:46:00
TXN_4821,LO449E4Z,53.92,29005,2026-03-26 04:56:00
TXN_4175,NDOXSOKN,14.97,44055,2026-04-27 16:49:00
TXN_4752,XT40ND0T,57.99,14225,2026-04-13 07:45:00
TXN_424,J5DOT1NH,98.26,45809,2026-02-13 20:34:00
TXN_3471,AM1S2RNH,43.9,16533,2026-03-30 05:02:00
TXN_1835,WNJKKYAU,39.37,44175,2026-03-28 09:48:00
TXN_2823,LVVJ9UT6,16.77,35300,2026-03-21 04:40:00
TXN_4994,PPF8485C,68.74,26037,2026-01-06 05:48:00
TXN_2350,1S95P0XB,41.56,40522,2026-03-06 16:45:00
TXN_1718,IGL1BD88,99.54,42682,2026-01-13 14:37:00
TXN_1538,JOMIA32Y,21.0,23866,2026-03-07 01:44:00
TXN_3566,MGRVTWL6,52.1,38502,2026-04-12 00:24:00
TXN_4461,T7QEY1ZI,18.84,26174,2026-04-18 05:49:00
TXN_4659,NG45CLNW,90.99,42513,2026-04-16 07:04:00
TXN_823,AOOYIE9P,26.76,22342,2026-03-27 15:08:00
TXN_4567,MSYQ317E,103.53,43045,2026-01-28 05:27:00
TXN_4051,5JBQGO5J,73.5,25170,2026-04-07 21:49:00
TXN_1225,6PL8K01L,36.61,46039,2026-03-24 18:03:00
TXN_1021,RZG0ATZ3,18.59,46053,2026-03-20 07:19:00
TXN_4104,PVVSEPLV,52.01,32704,2026-04-07 06:09:00
TXN_2942,CNCHVX41,38.62,12034,2026-02-18 04:21:00
TXN_2322,XN4PHURB,33.05,11565,2026-01-27 06:54:00
TXN_3198,UZERRFTP,22.18,18820,2026-01-02 22:39:00
TXN_366,32YDJQKD,73.88,15344,2026-01-20 22:52:00
TXN_655,Y0QMB3J5,39.77,15692,2026-01-02 21:05:00
TXN_4421,43GEB3XU,75.22,31701,2026-04-20 00:41:00
TXN_55,R3IABG6K,63.22,41327,2026-04-23 16:32:00
TXN_2568,8JONDFGI,68.69,42274,2026-03-05 15:22:00
TXN_2678,COO3WTKR,21.22,25978,2026-02-25 05:10:00
TXN_1730,54ILTZ0J,55.04,17269,2026-01-11 16:13:00
TXN_1852,06UAR5IU,36.8,34126,2026-02-26 16:40:00
TXN_2317,3R1QDG37,72.57,33028,2026-01-26 22:36:00
TXN_1327,CCBAED0P,92.55,46586,2026-04-15 10:53:00
TXN_221,KNIEIBB3,115.17,45976,2026-03-02 12:04:00
TXN_2128,NZYLV9QI,96.32,20633,2026-04-28 00:54:00
TXN_3543,2W5C298D,41.22,47452,2026-04-03 02:15:00
TXN_3115,0OCI432D,49.36,14131,2026-03-05 04:04:00
TXN_2057,7F1M3MW1,90.45,42351,2026-01-20 03:51:00
TXN_2577,S31SYCXC,59.46,42375,2026-04-02 10:56:00
TXN_81,Z9RVZPZF,53.46,22969,2026-01-21 18:10:00
TXN_337,MJ0QF9WU,47.17,31431,2026-01-13 03:04:00
TXN_4049,L015GPKG,25.83,28843,2026-01-11 04:21:00
TXN_2991,4BWB882H,76.0,13432,2026-02-18 16:42:00
TXN_891,Y6EWV6SY,73.16,35534,2026-02-19 11:25:00
TXN_3710,U2UI8MWL,92.04,12502,2026-04-16 13:04:00
TXN_371,LYW5VWOP,19.68,42137,2026-02-07 05:46:00
TXN_1035,BZRJZA6O,20.54,30729,2026-01-28 15:52:00
TXN_3731,BUDHU5YN,53.34,39077,2026-04-17 17:29:00
TXN_4014,AHDJPIZA,42.84,49508,2026-01-01 07:09:00
TXN_3772,YTQ12GL7,52.59,23992,2026-01-17 07:31:00
TXN_506,O3D3FFZ2,86.74,40584,2026-03-29 21:04:00
TXN_4335,HYUJZZYV,73.78,29847,2026-02-13 18:20:00
TXN_4867,UXXFNMAM,49.89,40284,2026-01-16 11:26:00
TXN_3486,KXN5HD34,83.31,21780,2026-02-27 14:50:00
TXN_3651,JFT4CZUW,82.91,10967,2026-03-01 05:46:00
TXN_4085,5MYTDWLC,33.15,37873,2026-04-20 20:14:00
TXN_1459,03I3IIHS,65.6,24680,2026-04-28 17:35:00
TXN_3436,JGO4BDLU,60.7,24392,2026-01-10 22:50:00
TXN_1161,96P9VGPC,71.41,25006,2026-03-15 07:57:00
TXN_359,F4IBPBST,62.56,20578,2026-02-09 16:03:00
TXN_3526,7FJQ0I9C,100.88,23563,2026-04-03 08:54:00
TXN_3134,Z5Z9VD8Z,58.97,17116,2026-03-24 16:44:00
TXN_776,FTZC4SFY,51.93,29209,2026-02-02 00:02:00
TXN_1325,GCCKR11F,32.55,28480,2026-03-17 11:17:00
TXN_1988,JCX69JJK,81.72,42675,2026-03-26 17:30:00
TXN_2092,BYEDMDNC,50.97,45291,2026-01-27 16:43:00
TXN_4601,1S70V3FC,27.84,12231,2026-02-16 14:12:00
TXN_3709,N9BLTYMJ,51.73,36526,2026-01-21 05:26:00
TXN_2080,3OJUI4H2,47.59,31406,2026-02-18 21:19:00
TXN_3814,RTWMJ4G4,87.76,46047,2026-02-15 04:03:00
TXN_4808,1V0N4PT4,82.43,49268,2026-01-24 16:47:00
TXN_4928,CTU8T6TO,41.34,15947,2026-03-21 22:28:00
TXN_3201,1MZDJPHB,75.9,40281,2026-02-11 15:12:00
TXN_981,XZFD0CAZ,56.53,38225,2026-04-16 04:48:00
TXN_2710,LEUPR2X9,49.84,38462,2026-03-18 16:00:00
TXN_5000,NSCJNTO1,93.05,47418,2026-01-16 06:29:00
TXN_4345,5AR3HB5B,51.79,28984,2026-01-30 11:51:00
TXN_3242,CL7ULTDO,40.48,14844,2026-03-27 00:02:00
TXN_2372,IMBFCXPW,54.46,35948,2026-04-22 09:53:00
TXN_2639,AITSLPEN,33.67,37207,2026-02-13 14:53:00
TXN_611,SBVAND9P,67.58,35203,2026-03-08 06:29:00
TXN_4326,RA8D6KUW,67.31,40459,2026-04-06 12:04:00
TXN_4839,ULJSCLAA,52.15,43515,2026-02-21 04:36:00
TXN_2897,O54SLTD2,72.5,14356,2026-03-21 11:46:00
TXN_1406,ZJAAMN9C,37.62,36174,2026-02-24 05:06:00
TXN_2176,ODMYH3PP,30.08,46467,2026-03-11 13:52:00
TXN_3529,QI10757E,15.33,45695,2026-02-05 00:15:00
TXN_3105,IMILLBZX,100.32,25398,2026-04-16 06:15:00
TXN_2989,3MYXIY8G,75.58,48987,2026-04-12 09:01:00
TXN_2959,VPRVR4RZ,45.83,26350,2026-02-04 06:39:00
TXN_2922,QH7YNXJU,42.27,23088,2026-02-23 19:38:00
TXN_3620,128SCCT6,27.32,49493,2026-03-26 14:58:00
TXN_3780,XZ94AZ00,77.33,45290,2026-04-07 04:05:00
TXN_1049,BG8PTDED,39.17,47430,2026-01-23 00:24:00
TXN_2829,SGBXEMOQ,54.81,44993,2026-04-07 12:39:00
TXN_1307,F4K3ZM47,34.05,40944,2026-01-04 08:33:00
TXN_614,GASRVEQN,19.83,42870,2026-01-20 13:31:00
TXN_4151,DRBTD4XP,57.69,19301,2026-03-24 02:07:00
TXN_2983,K8AYCMN2,52.96,20532,2026-03-15 14:39:00
TXN_183,B3VD2IL3,30.15,17501,2026-03-12 10:26:00
TXN_47,DJXMVIJE,83.47,44803,2026-02-14 12:54:00
TXN_2074,WCKWK1WL,27.53,17744,2026-04-01 10:12:00
TXN_3342,EW7TFAL2,85.41,12455,2026-04-19 19:22:00
TXN_271,4F8L5AMR,77.05,13987,2026-02-28 12:08:00
TXN_1213,SOCADTDI,105.04,41932,2026-01-12 11:44:00
TXN_3359,AF2VAEOK,39.29,23339,2026-01-07 01:18:00
TXN_358,FQUBB5EJ,37.43,37028,2026-03-11 21:52:00
TXN_3524,V38NYTRY,96.84,41718,2026-02-01 20:22:00
TXN_2076,63CELRHB,46.42,18993,2026-01-17 21:55:00
TXN_3542,TGBPASR5,91.35,31613,2026-02-14 03:18:00
TXN_3357,VTGHQPLV,60.05,22988,2026-03-18 09:07:00
TXN_2492,D7UT96N0,22.4,43205,2026-01-21 08:39:00
TXN_1321,P3NTFI0Y,75.86,31860,2026-02-19 19:04:00
TXN_1992,NUCTS3LN,44.19,24722,2026-01-12 20:53:00
TXN_2949,3ZF302HT,72.35,35020,2026-04-16 02:03:00
TXN_2822,3IYBPAZC,71.94,26690,2026-03-17 08:17:00
TXN_4556,F9FOQAHE,26.47,24875,2026-03-19 15:55:00
TXN_2256,FTXMMW4E,100.13,11726,2026-04-04 02:33:00
TXN_1645,G796U9V5,28.32,41038,2026-04-28 23:33:00
TXN_125,909N4JEE,46.2,11560,2026-02-18 13:08:00
TXN_830,XZRQ5OE1,47.57,36994,2026-02-16 05:29:00
TXN_751,TXBGNBLD,16.04,22084,2026-02-08 14:03:00
TXN_328,HOS37ESP,71.53,44944,2026-04-10 23:03:00
TXN_2503,RCECAE5T,-10,24283,2026-02-24 09:00:00
TXN_2084,ASXBQGTA,39.42,41563,2026-02-20 09:50:00
TXN_2054,XGFCJLEM,12.84,13212,2026-01-18 18:39:00
TXN_3683,3XL9IU0P,73.39,11527,2026-01-19 01:51:00
TXN_960,7FM74QI2,64.98,47345,2026-02-02 16:28:00
TXN_415,UIEN2O26,24.53,31250,2026-04-10 02:21:00
TXN_4004,ZGPOAARN,77.71,35664,2026-01-19 03:09:00
TXN_3713,F7CDRUHK,75.89,30018,2026-03-20 10:46:00
TXN_536,KCIPI7IP,78.35,10743,2026-03-04 18:51:00
TXN_4514,MM4Q1YZI,35.4,14722,2026-04-13 23:25:00
TXN_26,ZDKNSTMG,53.62,27255,2026-04-09 07:16:00
TXN_4389,TE7PTE7I,84.3,11673,2026-04-12 13:51:00
TXN_1542,67KWXLMA,69.89,13297,2026-03-16 20:11:00
TXN_3942,16YQQNG3,49.35,49300,2026-03-02 09:27:00
TXN_1993,223G5NM0,33.68,29345,2026-01-23 20:29:00
TXN_1370,55D5HHKE,49.83,18242,2026-03-27 18:47:00
TXN_4612,RPHGOZOC,106.43,24506,2026-01-10 03:06:00
TXN_1995,TPOJGI2W,0,30277,2026-04-22 11:04:00
TXN_4196,X7ZG424G,52.33,20287,2026-01-30 04:28:00
TXN_783,VVVL6F9I,53.33,12071,2026-01-11 19:29:00
TXN_3136,ZBR5LD3K,74.97,12797,2026-03-01 16:37:00
TXN_4530,CSKOZLS0,83.23,36485,2026-01-12 14:00:00
TXN_4607,3BQYEIJB,33.54,14583,2026-04-10 04:49:00
TXN_4840,Q2TUQZPV,49.88,13477,2026-02-23 06:26:00
TXN_3168,SO2FNFXY,26.74,35473,2026-04-08 10:29:00
TXN_482,2XGF3VZW,65.01,46460,2026-02-22 21:15:00
TXN_1004,ZM82HRFF,80.54,49674,2026-02-08 06:09:00
TXN_303,02L315Z6,83.73,32257,2026-02-01 11:44:00
TXN_2037,GBMHLNNS,32.94,26989,2026-04-04 22:49:00
TXN_4331,46U525JK,20.37,12554,2026-02-20 22:43:00
TXN_1441,1JSRXA3Q,61.92,23872,2026-04-20 12:03:00
TXN_1651,5CKJHJ5X,89.19,16805,2026-03-22 04:30:00
TXN_4890,AMUZP9GC,66.89,49270,2026-04-12 08:07:00
TXN_3073,0SWYDDK6,32.15,34758,2026-01-23 15:26:00
TXN_3340,03K1TXAA,49.84,28347,2026-02-17 04:18:00
TXN_4158,X27ETTJ9,25.24,12907,2026-03-24 18:54:00
TXN_2884,QSBLQU63,59.01,49087,2026-03-08 03:33:00
TXN_696,ZMKKDDPA,19.58,32363,2026-04-10 06:34:00
TXN_2997,7MRAPHKV,34.47,38375,2026-03-20 01:30:00
TXN_4154,SZG68WVJ,24.69,18467,2026-03-04 05:47:00
TXN_1766,P4I5T218,87.16,17648,2026-02-09 11:31:00
TXN_1604,D5R3TIEJ,78.55,14921,2026-01-19 08:44:00
TXN_1263,0V9FD6JK,58.66,48887,2026-01-16 09:39:00
TXN_3171,2VC2I7WN,34.08,26495,2026-03-19 04:43:00
TXN_4829,NLHSR2X5,57.65,44870,2026-01-02 20:09:00
TXN_3617,OMWP9YE8,26.12,29125,2026-01-03 22:48:00
TXN_3934,MLHCU082,68.33,25416,2026-01-07 01:21:00
TXN_3215,C82CJUKA,22.4,46933,2026-02-09 13:39:00
TXN_2915,JFDMURKJ,34.23,21910,2026-04-11 00:18:00
TXN_2714,KEO7KMTR,55.9,32566,2026-01-02 21:34:00
TXN_4543,ZV5FLCFS,12.15,33966,2026-01-27 17:41:00
TXN_3075,HE4DF4IQ,65.52,18112,2026-04-15 01:31:00
TXN_807,RDK92PI4,60.71,21748,2026-01-23 08:15:00
TXN_3036,753HY6EW,50.03,36994,2026-01-14 04:28:00
TXN_1430,QH4XRNZ8,52.34,33275,2026-04-29 08:08:00
TXN_902,CQRL03PC,57.02,12134,2026-04-10 03:45:00
TXN_3551,6R9FMMN4,40.82,30122,2026-03-08 20:06:00
TXN_3729,3TFWDELA,23.08,27064,2026-04-13 16:24:00
TXN_616,YINJFWLY,45.75,42898,2026-04-07 20:15:00
TXN_2369,WOJPB2EJ,84.68,33168,2026-01-13 08:49:00
TXN_761,5BW5K3AF,62.15,25237,2026-02-21 12:19:00
TXN_2150,M189ALPC,22.79,14731,2026-03-20 17:53:00
TXN_267,AP4W0PBZ,56.78,43353,2026-03-24 07:17:00
TXN_588,J7G0QGB3,84.11,32795,2026-02-21 23:05:00
TXN_3503,X4H2H4F9,61.42,25601,2026-03-16 03:21:00
TXN_2304,OR9L30N9,72.83,14237,2026-04-24 22:08:00
TXN_2598,IWBE7HZD,76.84,49657,2026-02-12 05:46:00
TXN_1733,5DASQRC5,48.65,12914,2026-02-20 06:53:00
TXN_25,GH5MVAPV,53.14,26328,2026-03-29 12:11:00
TXN_3663,IEXN8ZHM,47.56,12381,2026-04-29 02:45:00
TXN_2932,T3HFWA8O,47.31,41150,2026-02-14 23:21:00
TXN_954,Q18L58UO,51.12,20368,2026-01-13 13:04:00
TXN_668,QLXJYT3A,24.12,43323,2026-01-04 02:51:00
TXN_3492,OND9ARE0,36.76,18809,2026-01-01 19:33:00
TXN_995,7BEP08U2,52.29,41427,2026-01-29 15:01:00
TXN_4802,ZOH15L4J,30.5,50138,2026-04-25 23:56:00
TXN_4398,BJP3VJ6E,30.82,22943,2026-03-11 20:46:00
TXN_2168,MHFZJ6EB,44.17,23902,2026-02-17 15:07:00
TXN_1205,JEMWVAZM,62.94,15846,2026-01-05 00:43:00
TXN_327,QESOT7UV,77.81,24244,2026-01-11 00:29:00
TXN_4258,GS6ZSR1H,68.66,30935,2026-01-15 19:44:00
TXN_3014,BBY3BQZ3,52.5,13846,2026-03-03 17:59:00
TXN_1230,QGRYOVLX,43.68,39202,2026-01-22 23:09:00
TXN_4995,X3PB1XS8,18.41,18723,2026-03-31 11:50:00
TXN_2771,3K6UKGOK,33.63,47718,2026-04-26 02:48:00
TXN_4019,L1I7K293,24.15,22263,2026-02-09 09:36:00
TXN_4940,0RLH2LA6,95.57,25779,2026-04-17 17:12:00
TXN_608,1PTIGS2P,57.67,48577,2026-03-07 18:21:00
TXN_2093,XYMLO96C,51.88,36321,2026-04-25 15:36:00
TXN_2446,RLFU18LJ,33.06,36332,2026-03-24 02:16:00
TXN_650,6IK173TA,28.64,18141,2026-04-05 05:00:00
TXN_1078,7PTEOJO6,61.61,33728,2026-03-17 16:04:00
TXN_1548,Q8EL1CUJ,58.99,24298,2026-02-01 01:49:00
TXN_4912,DO5MDICZ,,23735,2026-04-07 21:25:00
TXN_1810,CDHV7725,80.34,21897,2026-01-23 06:27:00
TXN_866,NYM5DNYP,36.7,29067,2026-01-17 10:53:00
TXN_2561,QECMJVF6,112.78,15557,2026-04-27 15:33:00
TXN_3005,5JTZQE45,59.77,19974,2026-03-15 08:50:00
TXN_320,CA2W8CAL,85.97,35208,2026-04-27 05:28:00
TXN_2775,ZTRBFWB2,74.02,17972,2026-04-25 17:30:00
TXN_1996,3IGQFA59,68.83,24034,2026-02-06 03:03:00
TXN_822,1J6BEWIE,37.79,40690,2026-03-05 18:49:00
TXN_4102,6G227AFO,39.09,31010,2026-03-12 05:56:00
TXN_3164,T6UMZMIF,31.19,25733,2026-04-08 08:38:00
TXN_590,ZSD122QW,61.41,12581,2026-04-04 14:45:00
TXN_2763,WWBL8RVB,44.1,14188,2026-04-03 01:38:00
TXN_4013,4NULPL4U,80.0,27308,2026-04-06 21:35:00
TXN_1922,SNXT69RX,105.88,47041,2026-02-11 13:00:00
TXN_1573,IHSJP8ME,63.85,12467,2026-02-06 16:42:00
TXN_684,IFM3197A,48.33,30630,2026-04-01 15:57:00
TXN_4790,ZASOZ0ZT,64.83,19364,2026-02-23 04:22:00
TXN_4469,FJTJR8M0,64.44,12899,2026-04-02 12:42:00
TXN_2579,TP2IVNIX,86.23,13090,2026-04-12 00:18:00
TXN_2109,H9B9YNRT,55.88,37433,2026-03-08 19:48:00
TXN_2965,V90L5XJQ,72.39,17897,2026-04-05 21:38:00
TXN_2509,QM02KFOC,21.64,20072,2026-02-03 07:44:00
TXN_565,47KMD3YF,30.66,11113,2026-03-21 00:46:00
TXN_2708,FNZ0TS54,66.73,18708,2026-01-29 05:22:00
TXN_2688,C8DVX24E,65.44,28984,2026-01-27 05:02:00
TXN_4000,35D1WWZ1,48.16,18670,2026-04-03 04:00:00
TXN_2929,EHROCUI1,40.64,20874,2026-04-25 06:14:00
TXN_1764,H0A4RSXQ,51.78,35750,2026-05-01 16:28:00
TXN_3597,MI2W6DMV,83.43,10837,2026-02-27 18:01:00
TXN_2532,XNK1GZ40,78.69,28723,2026-04-23 08:50:00
TXN_2376,YYL3FW70,57.49,15543,2026-01-31 09:38:00
TXN_4036,JUSPCIDZ,80.31,40262,2026-03-09 07:15:00
TXN_4900,XP21RN3X,89.15,49816,2026-01-11 13:58:00
TXN_4334,A42LH900,25.94,39213,2026-03-17 00:04:00
TXN_3751,Q5CPDJH1,75.28,47900,2026-01-11 04:25:00
TXN_4488,Z5BTBFYT,53.85,14976,2026-04-10 17:39:00
TXN_2772,N3AGNQKL,56.6,17508,2026-04-10 07:37:00
TXN_4150,M5QZXAYM,,38878,2026-03-22 14:09:00
TXN_287,9B80273M,17.16,45218,2026-02-21 03:49:00
TXN_4454,S0XK4AZ6,41.05,30197,2026-04-05 10:49:00
TXN_2145,1KT7HIV6,72.45,16675,2026-03-16 20:23:00
TXN_390,9RC2A8B5,59.9,38842,2026-03-20 06:27:00
TXN_3648,DKRMNY2A,23.71,49858,2026-03-10 17:19:00
TXN_BAD_2202,INVALID_VIN,50,20000,2026-04-10 10:00:00
TXN_1777,SJEHC4K4,47.53,36656,2026-03-21 16:56:00
TXN_4518,N7437GNU,80.1,20175,2026-02-16 11:13:00
TXN_4078,7KERRBFT,32.5,32762,2026-02-17 17:38:00
TXN_2270,LC9CUZOR,38.33,13644,2026-02-18 03:34:00
TXN_3391,90KGPT7G,51.6,28527,2026-03-01 18:26:00
TXN_2410,ARU19I33,78.46,27040,2026-02-15 06:07:00
TXN_9,SEG2T4D3,48.25,47980,2026-02-26 16:00:00
TXN_4499,HC5XAXJD,76.53,18784,2026-01-14 13:24:00
TXN_948,XHNYU953,33.07,36797,2026-02-26 10:45:00
TXN_3539,JVAMULD4,46.59,21941,2026-03-08 12:35:00
TXN_1189,DXOOHRZJ,92.95,41272,2026-04-09 08:01:00
TXN_3743,P65YYJ0V,53.9,17282,2026-02-03 14:41:00
TXN_4470,W5VCBEY5,83.64,22600,2026-03-05 00:10:00
TXN_3146,65OIL7Z2,64.55,16045,2026-01-31 13:58:00
TXN_4224,CKER9RKV,49.67,46640,2026-01-15 17:18:00
TXN_1258,QS4WAEMW,85.64,48673,2026-03-07 01:41:00
TXN_255,T75USRYG,37.62,14942,2026-04-19 12:28:00
TXN_2103,U6WDX5L0,27.25,11809,2026-01-14 09:21:00
TXN_4655,VY82Z73Y,32.59,32374,2026-01-15 04:08:00
TXN_2194,0G9GJZLF,79.04,27732,2026-03-19 05:46:00
TXN_1471,GZCB6QMG,79.85,46790,2026-01-04 19:37:00
TXN_2069,EMJ2YAS2,46.51,15709,2026-03-02 06:26:00
TXN_4598,0JCW5VST,31.77,37812,2026-04-28 09:24:00
TXN_3961,FKY8MQA8,37.95,21051,2026-04-22 00:38:00
TXN_2819,9WB664NB,38.85,32169,2026-04-20 05:29:00
TXN_3374,1X41RKS5,24.68,30184,2026-01-14 15:43:00
TXN_1124,YWHS1YIZ,59.6,17047,2026-04-18 04:02:00
TXN_748,VM9VHWPD,18.51,42655,2026-02-14 09:12:00
TXN_3518,LOYQ3A9E,54.51,38721,2026-03-29 23:10:00
TXN_66,M660HII0,46.65,45788,2026-03-31 21:18:00
TXN_3082,6FY1F90V,33.38,49340,2026-01-30 02:23:00
TXN_4691,UZZ6D8N6,111.31,34171,2026-01-09 18:59:00
TXN_1025,BRRT1RSE,84.9,15520,2026-01-10 02:54:00
TXN_321,JDCGL2J3,58.33,35153,2026-03-19 03:49:00
TXN_1014,8BUQAO2M,28.31,33950,2026-03-03 15:14:00
TXN_3202,WG0NXB1H,104.31,25530,2026-04-09 19:12:00
TXN_1788,HQ0OPNSU,68.46,48042,2026-03-17 16:30:00
TXN_2657,I2UQMZ6C,22.64,31581,2026-04-03 04:57:00
TXN_4017,HOHN11JD,37.74,43195,2026-03-21 16:46:00
TXN_1386,115N7QCR,35.0,44867,2026-04-21 12:12:00
TXN_3390,ZNYVQN7J,45.36,26782,2026-01-20 16:09:00
TXN_3125,AKL99Z8N,31.67,35732,2026-04-29 20:24:00
TXN_3564,AG8U59IW,33.8,35403,2026-02-27 00:57:00
TXN_4341,60Y7I4FE,100.2,46678,2026-04-14 19:59:00
TXN_4585,BDB5PILK,42.05,25400,2026-02-10 01:53:00
TXN_652,BMTAVTOM,76.79,49315,2026-04-25 00:13:00
TXN_1445,AEZEHCWT,58.83,13190,2026-01-08 16:39:00
TXN_1283,99IZW8VL,65.16,30949,2026-04-25 07:19:00
TXN_1019,X5NU1EK7,40.95,16412,2026-01-04 16:44:00
TXN_1122,BKJYKHQU,61.82,18728,2026-01-25 11:03:00
TXN_2620,BUCK0O8F,28.82,30037,2026-03-10 07:13:00
TXN_2501,K3BZFY5X,70.5,26035,2026-03-26 16:49:00
TXN_894,L0G0Z2KL,44.8,16872,2026-04-19 03:31:00
TXN_60,VATXUOVN,31.22,22807,2026-03-12 14:46:00
TXN_4544,X9K2OQKR,60.36,31163,2026-03-06 11:05:00
TXN_3990,VZGHPMCO,107.08,41720,2026-03-06 10:42:00
TXN_389,OJURHCW0,48.03,17786,2026-01-13 15:21:00
TXN_2072,CHKE1TG6,70.66,31251,2026-02-22 04:08:00
TXN_2845,A0PXFGRW,37.74,28093,2026-01-03 23:48:00
TXN_869,U9VHNZXS,72.18,37645,2026-04-24 13:52:00
TXN_805,MMM69ZKI,47.34,39329,2026-04-30 23:10:00
TXN_3230,RMBSLDRQ,47.73,40909,2026-01-21 05:56:00
TXN_1207,EXR1MQXF,21.77,43576,2026-04-16 01:19:00
TXN_4974,AQKNFDU6,19.25,40277,2026-04-04 07:26:00
TXN_4559,AEGZ87L5,76.82,14237,2026-02-27 09:05:00
TXN_2765,Z12WK9VT,19.8,45019,2026-04-19 17:04:00
TXN_4471,F092PJ64,47.01,41167,2026-02-01 09:32:00
TXN_3630,35B70T3D,,48413,2026-01-12 20:02:00
TXN_3409,WT4NK81K,18.09,34698,2026-01-10 19:53:00
TXN_4997,EXAL5AHE,98.4,23484,2026-04-13 07:32:00
TXN_3644,GD28QVPJ,46.62,28378,2026-04-22 12:53:00
TXN_19,XEWEVEVF,44.93,29264,2026-01-05 09:26:00
TXN_2203,OABZP3M7,60.09,14908,2026-03-03 05:57:00
TXN_1586,71A1DCMG,93.36,14900,2026-02-03 17:26:00
TXN_197,2CXQYC3S,48.89,25700,2026-02-13 05:06:00
TXN_559,1EOH26J5,68.22,34285,2026-02-13 14:30:00
TXN_2218,CQ6SQ92T,26.83,21126,2026-05-01 18:45:00
TXN_886,SO4HSCQG,60.51,28570,2026-03-04 09:09:00
TXN_3096,BOAPJN7J,32.4,25626,2026-01-18 09:06:00
TXN_2341,NYZF6NYJ,69.57,40209,2026-02-14 02:10:00
TXN_788,NSTE4FQ4,85.79,40812,2026-01-01 16:41:00
TXN_4686,R81NNDAL,20.83,15723,2026-04-18 23:56:00
TXN_3803,579GFGRK,49.21,24335,2026-04-06 07:51:00
TXN_BAD_8604,INVALID_VIN,50,20000,2026-04-10 10:00:00
TXN_3170,QYDMJ5L5,52.05,45850,2026-03-01 22:56:00
TXN_203,M0XYE1R6,90.9,22143,2026-02-28 04:02:00
TXN_4694,IA7HEL47,58.62,41700,2026-04-19 08:05:00
TXN_2703,61OJ5DY0,33.48,21483,2026-04-26 12:42:00
TXN_1061,R251LCSS,80.35,10794,2026-02-28 18:30:00
TXN_1724,Z35DV16L,63.55,28802,2026-03-26 21:59:00
TXN_2255,SOVO7D07,52.09,31679,2026-03-19 04:10:00
TXN_179,XA9G0RQZ,21.09,44510,2026-02-18 00:26:00
TXN_2699,Z6RMKA0R,70.9,49881,2026-01-01 06:13:00
TXN_3689,RK9HIJ6S,51.0,14974,2026-04-02 12:23:00
TXN_3586,TMDMXWF1,62.84,33659,2026-02-03 05:06:00
TXN_1861,AA0H5OPK,51.1,42701,2026-01-08 01:29:00
TXN_4762,U8AKP8OS,48.19,40407,2026-03-23 04:03:00
TXN_2028,UYNMTPF2,29.78,47082,2026-04-17 22:52:00
TXN_4757,N87E4UWL,47.07,35891,2026-03-07 01:51:00
TXN_4268,Y4SS8S0Y,59.12,39030,2026-01-15 05:48:00
TXN_3303,LEAJKSRT,84.01,39392,2026-03-04 02:14:00
TXN_4894,TOJ3Z4JI,23.3,49500,2026-03-28 19:10:00
TXN_4024,1BB8SHTZ,33.5,48645,2026-01-29 04:00:00
TXN_2207,VCBJPT6Q,16.76,43418,2026-03-23 09:22:00
TXN_4433,GTN8K5FU,57.18,10972,2026-04-20 11:11:00
TXN_1159,ZY45RANR,33.34,40089,2026-01-14 05:09:00
TXN_2106,RPAL9H3G,79.33,49675,2026-04-18 18:47:00
TXN_605,O965HO39,0,34462,2026-02-27 16:44:00
TXN_4572,PLDWKZOM,52.8,12833,2026-02-08 04:49:00
TXN_4198,9LSA8UFP,30.08,33250,2026-01-31 09:36:00
TXN_3337,B0C2BM7D,82.19,48254,2026-04-16 00:33:00
TXN_919,0J3IHYX3,38.43,41865,2026-01-31 23:23:00
TXN_4354,M6NKOW6W,78.85,13429,2026-03-10 15:58:00
TXN_2663,Q7CZ1BKN,48.57,37893,2026-02-23 23:28:00
TXN_3226,X963MX94,65.24,49972,2026-03-13 20:06:00
TXN_4904,HMHHR6IF,79.71,28885,2026-04-07 17:58:00
TXN_1191,EBPVNW9T,74.79,18509,2026-02-03 05:44:00
TXN_2033,MOF32PA6,,24529,2026-02-04 07:57:00
TXN_1051,0128HEQX,24.34,46838,2026-04-08 14:58:00
TXN_3283,2XEVX35K,69.85,38841,2026-04-03 08:20:00
TXN_188,HC8IHDVW,46.49,11041,2026-03-28 04:44:00
TXN_4533,T7R7UDRV,60.45,42360,2026-02-27 09:32:00
TXN_3106,FSRVO4HN,67.0,23308,2026-02-22 20:31:00
TXN_4395,PR14VI7I,35.29,44998,2026-04-19 03:41:00
TXN_211,SJNAJFQL,50.24,13500,2026-04-06 13:13:00
TXN_4257,L9V6UP0Q,32.18,35319,2026-04-10 11:03:00
TXN_2557,Y1SR94IM,85.2,41213,2026-02-05 12:26:00
TXN_1505,ZG09W6EK,74.73,23014,2026-02-13 18:48:00
TXN_852,U0EE8QDZ,55.34,34582,2026-02-09 01:13:00
TXN_4186,EKEY5SVC,78.08,35265,2026-03-14 19:27:00
TXN_4765,6BRN9WES,37.43,37607,2026-03-02 00:44:00
TXN_110,T0DHLSF0,72.13,25291,2026-04-19 18:39:00
TXN_1414,W7A7EMQR,39.59,23450,2026-04-06 21:14:00
TXN_2124,FQ8TR0TI,78.42,41978,2026-05-01 18:33:00
TXN_227,O0WXN746,49.67,36987,2026-02-24 14:36:00
TXN_626,HSQ79SZ1,36.74,38441,2026-02-07 22:32:00
TXN_3861,HQTGCEZQ,51.42,32498,2026-03-26 19:59:00
TXN_1045,CVG048DQ,42.15,19406,2026-04-11 02:53:00
TXN_605,O965HO39,41.87,34462,2026-02-27 16:44:00
TXN_773,NAW54LF5,36.62,47826,2026-03-01 07:03:00
TXN_1687,350LQ0VT,48.88,13179,2026-02-09 21:18:00
TXN_1678,5972GW9B,27.03,13737,2026-01-22 17:48:00
TXN_3630,35B70T3D,67.84,48413,2026-01-12 20:02:00
TXN_4355,PNZ5LVOC,36.76,41589,2026-03-07 01:52:00
TXN_1284,GGCAGTZM,58.89,39630,2026-01-13 02:44:00
TXN_4844,ZQ21KAXP,59.15,20327,2026-02-05 15:23:00
TXN_2088,BRRHW683,26.83,14972,2026-02-05 00:13:00
TXN_3790,9CA5IROA,25.8,25493,2026-03-30 15:14:00
TXN_3950,SK2VNMA1,35.01,36234,2026-01-22 20:22:00
TXN_1984,P5FO5U7B,76.42,30032,2026-01-29 10:12:00
TXN_2825,BK5PBDNW,74.49,42386,2026-02-18 20:23:00
TXN_3965,SD3I9MTL,61.77,16783,2026-03-28 16:53:00
TXN_2180,XBUGWV94,49.5,47486,2026-03-24 03:52:00
TXN_4423,DO8SA8OM,63.19,50321,2026-03-03 01:07:00
TXN_2385,7L7SWRQ5,42.7,14198,2026-02-12 03:02:00
TXN_2149,VR9PUJA4,81.49,32070,2026-04-12 00:28:00
TXN_4645,V5K4UKJH,14.93,10921,2026-03-04 07:40:00
TXN_1914,9NE0AYYQ,29.67,12729,2026-03-03 04:58:00
TXN_1782,123DPF9J,16.33,28509,2026-02-20 14:51:00
TXN_4489,3YN275BU,28.06,42708,2026-01-27 15:52:00
TXN_2908,Q7ZK70YS,18.19,27781,2026-03-06 23:35:00
TXN_903,YEWWBWSO,71.75,30009,2026-04-06 02:05:00
TXN_1638,7FRL177D,24.49,48390,2026-04-05 09:42:00
TXN_4124,XI7KGGZP,40.73,10986,2026-03-25 23:03:00
TXN_4594,0QIRVOGL,51.26,38506,2026-01-14 08:49:00
TXN_2308,NSFR70H8,25.39,36384,2026-03-13 14:26:00
TXN_2373,QT58YHC2,57.44,31260,2026-04-21 10:28:00
TXN_3127,1OJDRH2C,15.11,35561,2026-03-07 10:22:00
TXN_2278,RHZVKS16,57.07,16908,2026-03-16 13:12:00
TXN_754,SUD0NX4V,36.62,23521,2026-03-01 17:38:00
TXN_423,BXR7Z6PU,96.18,25382,2026-02-27 08:14:00
TXN_2314,RJR7JM5J,47.46,18468,2026-01-01 06:11:00
TXN_4608,CZFBUQ70,31.17,15176,2026-01-24 16:48:00
TXN_1647,FD7IIL2P,43.38,12062,2026-04-05 18:58:00
TXN_3853,402VYLV4,102.48,38376,2026-01-23 01:46:00
TXN_1292,IATXMX1C,62.35,43264,2026-04-17 11:41:00
TXN_3807,GASQ67GR,79.08,34210,2026-04-05 02:15:00
TXN_3847,SRKK9OIT,77.58,28497,2026-03-22 00:59:00
TXN_4946,3JVJFWEK,92.52,22797,2026-03-25 03:21:00
TXN_3821,XIPYQ4D9,27.06,41523,2026-04-19 22:19:00
TXN_3113,MR9YS4V3,84.95,16445,2026-01-14 00:12:00
TXN_1426,60JOUW2Z,53.28,29099,2026-01-15 01:18:00
TXN_1437,H932H7LT,36.17,22570,2026-04-01 19:20:00
TXN_3976,P0T8JD1D,54.86,23412,2026-03-12 03:08:00
TXN_3590,8LCF53XH,73.01,16347,2026-04-04 14:23:00
TXN_4481,XTCUJXBM,27.67,18211,2026-03-30 06:04:00
TXN_2451,VG6HFLBA,32.77,10736,2026-03-19 01:38:00
TXN_4723,I5F1A4U6,17.07,20009,2026-03-25 00:12:00
TXN_3477,8I8EKYVD,53.08,20511,2026-02-15 14:58:00
TXN_524,5UNWBJ79,41.93,40757,2026-02-02 03:49:00
TXN_4427,K7CE3LX1,80.93,32833,2026-03-05 19:55:00
TXN_1398,YD1MSAW9,79.9,49288,2026-03-04 17:35:00
TXN_2624,Y717J7A3,35.43,37802,2026-03-05 01:43:00
TXN_2190,89V29KNL,45.87,48984,2026-02-07 03:46:00
TXN_618,IS13MQCC,50.77,43795,2026-03-06 17:01:00
TXN_1577,CSUXT9ZB,47.32,39878,2026-04-01 09:39:00
TXN_2075,GPYCW6K3,76.28,39775,2026-04-20 02:40:00
TXN_3697,MPTTSQAA,91.27,46903,2026-03-02 16:53:00
TXN_3852,GDYQ3WA8,31.2,48934,2026-02-21 11:31:00
TXN_4921,2NP8WP68,69.0,31593,2026-03-15 09:13:00
TXN_1012,P55PVNT8,93.04,17574,2026-02-12 03:52:00
TXN_3881,2NOUMPKX,64.47,24079,2026-02-04 13:00:00
TXN_1234,575OBF1L,55.82,17412,2026-01-25 06:36:00
TXN_535,NE92RCZK,69.02,25755,2026-01-03 15:16:00
TXN_4574,2BEQUQQ2,22.33,47150,2026-04-07 20:19:00
TXN_509,13VVXNRO,57.81,17343,2026-03-21 08:38:00
TXN_1902,66YV9O59,32.52,31586,2026-04-27 18:24:00
TXN_1085,VCPH5GF8,28.96,13027,2026-02-11 22:11:00
TXN_254,KLP5365L,21.62,38331,2026-02-17 05:42:00
TXN_37,MBIRMB5T,77.68,15581,2026-03-05 10:31:00
TXN_56,DPAUQ6BP,93.77,17657,2026-02-13 15:04:00
TXN_642,ER0I2260,45.6,22301,2026-02-13 17:51:00
TXN_3605,7MIPQL7A,62.54,20495,2026-02-13 06:37:00
TXN_2860,KQZ4C28N,61.09,45749,2026-01-19 15:35:00
TXN_755,P6PNABPL,105.38,30823,2026-01-28 16:34:00
TXN_810,7CY3KSDL,56.65,15446,2026-03-29 06:04:00
TXN_772,TW96H32U,75.93,31517,2026-01-17 04:47:00
TXN_671,PCOEHV5E,65.8,19132,2026-01-14 18:29:00
TXN_2415,NIMJ232L,58.74,15298,2026-02-07 04:53:00
TXN_4564,LSO660G1,94.15,16705,2026-04-17 18:47:00
TXN_2275,FT3QC3TK,83.05,24341,2026-01-09 12:42:00
TXN_1606,2G69DIK5,100.91,28165,2026-01-21 10:35:00
TXN_3187,WZFS59M5,76.15,10525,2026-04-09 19:41:00
TXN_229,YKCKA18K,62.9,31075,2026-04-23 23:52:00
TXN_4090,ONF2KP6Q,22.66,17940,2026-03-23 10:31:00
TXN_412,G5WWOT8A,79.26,33533,2026-04-08 14:34:00
TXN_2507,ZP6PGY0Z,88.52,32836,2026-01-15 07:51:00
TXN_3522,OJZ7MLAO,60.61,12607,2026-03-17 18:55:00
TXN_3761,OEHOLUUW,61.89,19925,2026-01-27 18:18:00
TXN_4181,M7835484,58.43,39562,2026-04-21 14:05:00
TXN_2346,IZKMFYBL,36.88,46655,2026-03-16 22:34:00
TXN_4787,PLD6YUWE,54.22,41549,2026-01-02 20:40:00
TXN_2047,N747CLRS,24.53,19337,2026-04-20 23:16:00
TXN_3615,IP5TYWVX,38.5,25822,2026-04-19 02:23:00
TXN_2199,M2JSTKCG,49.56,38861,2026-03-11 17:54:00
TXN_4850,1U0KBE7V,24.86,35321,2026-01-07 16:39:00
TXN_3850,K7T3P7KO,58.87,45699,2026-01-11 20:01:00
TXN_3142,SMSUCWK7,26.78,47067,2026-03-05 15:57:00
TXN_1034,CL8Q5RYV,46.41,25550,2026-03-23 08:14:00
TXN_3279,SPUX5QUQ,30.05,23376,2026-01-22 00:25:00
TXN_1439,99ZIQQVU,44.83,30536,2026-03-31 16:53:00
TXN_3004,MI2WD3SY,28.47,11638,2026-01-24 20:25:00
TXN_2136,DJBJVQP5,46.38,43506,2026-03-04 10:25:00
TXN_892,G0AN59ZK,21.47,35288,2026-03-04 08:10:00
TXN_2051,6TB4RR5H,13.22,38121,2026-02-15 21:37:00
TXN_4299,VRXZEETA,60.62,40698,2026-04-14 10:10:00
TXN_2452,IW1BHWKZ,52.08,16205,2026-03-10 21:33:00
TXN_1226,UCC3661L,58.4,26970,2026-01-18 04:24:00
TXN_3214,Q0TMB8RF,104.6,49369,2026-04-22 14:26:00
TXN_2210,55RU0NZQ,-10,20041,2026-03-09 23:23:00
TXN_1214,LE9CZPJ0,47.51,49240,2026-01-21 04:47:00
TXN_1083,PS7D332J,34.55,43365,2026-01-05 13:31:00
TXN_2958,6M36FZGD,48.82,35910,2026-04-15 19:16:00
TXN_2707,E5IFDYBL,40.37,42083,2026-04-05 15:45:00
TXN_4864,31892LED,23.35,47550,2026-04-30 12:03:00
TXN_4252,EL62VYF3,31.41,29473,2026-03-21 14:31:00
TXN_2477,5E6R9VRY,55.31,23961,2026-01-24 06:49:00
TXN_1410,L9QYQFQI,98.61,22660,2026-01-19 07:03:00
TXN_226,FE3OBJFR,29.65,12558,2026-03-31 09:33:00
TXN_3505,3DAOOX62,20.99,27887,2026-02-11 17:06:00
TXN_4571,K8CZXW6U,88.07,34032,2026-02-15 15:00:00
TXN_3199,GTFEMF2K,24.77,20871,2026-01-14 18:38:00
TXN_406,PFPF9E21,29.58,38183,2026-03-31 15:57:00
TXN_1315,H8TEHJFK,76.22,40196,2026-04-14 01:02:00
TXN_445,D0OK4W0H,25.01,48876,2026-03-29 19:37:00
TXN_4634,IF1C6WUH,75.15,18175,2026-04-03 07:48:00
TXN_887,JOW7OC1F,31.94,31391,2026-03-19 19:22:00
TXN_2951,IP0NUQ2O,56.39,14944,2026-03-15 05:06:00
TXN_3646,BOOAJ5EH,27.94,28482,2026-03-21 20:05:00
TXN_3197,I4FEGJ53,38.24,15001,2026-03-30 05:34:00
TXN_4408,3DXOFQBS,57.66,30095,2026-01-12 11:06:00
TXN_2665,N6EB3P03,93.88,15274,2026-01-10 17:18:00
TXN_3671,KB02A414,64.74,40346,2026-01-04 06:06:00
TXN_701,T6KT6UO7,45.28,23076,2026-02-19 17:08:00
TXN_4114,FHAJ38Y0,31.07,13018,2026-03-03 07:43:00
TXN_435,IXJ4WNUO,67.26,11097,2026-04-01 00:07:00
TXN_1668,SS5XQA9L,,38934,2026-04-27 03:20:00
TXN_4678,746WJ114,71.83,22299,2026-02-15 04:09:00
TXN_702,J6QTTA5Y,71.57,49711,2026-02-14 19:45:00
TXN_3701,KMYTLVGE,59.0,16264,2026-02-05 09:10:00
TXN_1930,87TG6TS2,100.58,45437,2026-01-23 23:21:00
TXN_1388,SXYG2O9Y,37.19,42674,2026-04-27 09:42:00
TXN_1206,C02NGXBI,77.17,48114,2026-04-27 08:56:00
TXN_2193,PW3ESVPA,18.38,35399,2026-02-02 17:55:00
TXN_3848,WNOK7YCP,78.55,29094,2026-01-26 10:25:00
TXN_4629,F4DB8SVP,60.89,27788,2026-04-19 00:03:00
TXN_1041,XWPQUUYM,57.6,13663,2026-04-27 08:02:00
TXN_4276,ZRPF033D,85.39,29474,2026-03-23 08:06:00
TXN_3642,L51ESQ53,100.56,45062,2026-01-07 06:13:00
TXN_2838,0FRS8KUK,33.53,25429,2026-03-14 21:23:00
TXN_3427,RT3YR5NL,28.32,42331,2026-02-27 22:51:00
TXN_4420,NN4FM7AP,63.1,17720,2026-01-27 00:24:00
TXN_2311,02XIVDCY,85.1,28858,2026-03-02 07:10:00
TXN_4926,LD8R0TQQ,76.92,43252,2026-03-27 09:33:00
TXN_24,GCNL8P28,70.03,30463,2026-03-14 11:05:00
TXN_2601,4SV1OD2A,73.06,23294,2026-03-17 06:20:00
TXN_2497,BTCG2NGF,59.41,26886,2026-01-01 15:44:00
TXN_3558,1PIHIY0V,85.9,18145,2026-03-26 00:21:00
TXN_3354,G1CHWJS8,20.56,31214,2026-03-10 15:20:00
TXN_3129,KA3EH616,21.79,30817,2026-02-25 05:48:00
TXN_687,2FSYXGK2,114.17,36258,2026-04-14 21:10:00
TXN_1162,0U39J2UL,41.28,49580,2026-02-04 12:52:00
TXN_4123,P6XB5UHQ,64.15,42682,2026-04-25 14:04:00
TXN_4740,X0IDSJ5R,55.78,32850,2026-02-09 17:23:00
TXN_3495,I4QE9ROD,57.55,44149,2026-02-17 23:40:00
TXN_4311,VZU7JFSY,31.08,16961,2026-04-12 08:24:00
TXN_4515,ZX781KLG,25.88,27923,2026-03-24 15:50:00
TXN_1508,EJAQNC9N,59.59,24440,2026-02-26 18:17:00
TXN_3894,DA2MIHGH,35.04,32080,2026-04-15 01:10:00
TXN_4472,4RW4HWJO,25.26,26278,2026-01-02 14:11:00
TXN_3090,TY02MQ5A,89.99,16389,2026-02-06 03:43:00
TXN_2013,GZ7O2XAB,25.67,29401,2026-05-01 11:05:00
TXN_3218,DAHGKQTA,68.82,19563,2026-03-23 21:38:00
TXN_3574,ATGZVAC1,45.53,37379,2026-04-16 03:46:00
TXN_4604,VAVWAGI3,47.38,39261,2026-04-08 02:46:00
TXN_1496,2LBBMS6Y,28.02,14978,2026-03-26 00:12:00
TXN_2156,ISHH9K5A,57.3,17358,2026-03-26 10:07:00
TXN_770,A61J0PAL,67.26,16269,2026-02-02 19:19:00
TXN_2403,B8TKIOIJ,36.77,21062,2026-03-18 23:40:00
TXN_240,6UJ3LXJF,65.45,29090,2026-03-01 15:00:00
TXN_4402,3Z6ZVZ8J,96.23,28226,2026-02-19 10:16:00
TXN_1086,4S0QLV3U,22.65,26660,2026-04-01 16:58:00
TXN_134,XDCZGKWU,37.84,40979,2026-01-18 11:58:00
TXN_2559,A373FO38,43.21,23522,2026-03-31 08:05:00
TXN_1763,IZAUJGLB,95.3,30805,2026-03-22 06:10:00
TXN_4136,PSOXEXJJ,67.73,33468,2026-03-18 23:40:00
TXN_2365,UH6I1K69,48.9,37882,2026-02-06 22:39:00
TXN_447,KH2M4OKP,45.54,38146,2026-01-30 05:28:00
TXN_3433,DP0E9MEK,47.2,50137,2026-03-22 02:11:00
TXN_3063,TRP0BR56,72.58,35025,2026-01-16 02:13:00
TXN_3535,2ZZYCUGT,29.82,37118,2026-02-18 19:17:00
TXN_2242,9OX53VH9,27.82,34550,2026-01-17 20:27:00
TXN_4961,OFXRHTBR,82.29,12651,2026-04-08 18:13:00
TXN_3698,GSQPNMG3,27.19,12269,2026-01-12 22:21:00
TXN_556,1PS8S1JI,43.41,17703,2026-02-16 06:26:00
TXN_3299,RFLSVMZF,49.38,12072,2026-03-12 03:56:00
TXN_1407,QWMAY7V6,52.47,30649,2026-03-05 16:35:00
TXN_1048,FU5GU8B8,13.39,30593,2026-03-23 23:44:00
TXN_2835,FPNKK95D,51.89,11532,2026-01-26 13:06:00
TXN_2264,F5E4TFQ9,71.27,21163,2026-01-10 19:30:00
TXN_3297,8B5E7O8P,41.61,11918,2026-04-24 06:39:00
TXN_1979,YD0LKOI1,27.23,14040,2026-03-26 23:43:00
TXN_1180,IAFZZH10,37.44,24898,2026-02-12 14:07:00
TXN_4603,ZZ5QLYZ6,64.88,16515,2026-01-20 13:09:00
TXN_258,R5XLQQQN,17.15,41848,2026-01-23 21:08:00
TXN_2945,PYNUZPPB,77.33,41265,2026-01-01 13:30:00
TXN_257,AGYFKC7F,19.06,28314,2026-03-28 05:20:00
TXN_2728,2AICG0KO,109.99,26274,2026-03-01 06:41:00
TXN_3641,ZHVY94RJ,52.63,43583,2026-03-16 22:51:00
TXN_2336,D4X8NDNQ,96.38,43511,2026-03-12 21:29:00
TXN_39,B33T44OW,67.6,31629,2026-01-20 12:55:00
TXN_1535,RJ61DYU7,33.46,29263,2026-04-15 15:37:00
TXN_BAD_4956,INVALID_VIN,50,20000,2026-04-10 10:00:00
TXN_4913,LVCJBMLL,71.19,49482,2026-01-26 01:04:00
TXN_2055,N9BLTYMJ,59.76,36215,2026-04-25 17:05:00
TXN_1056,9PIGOZCH,98.27,13484,2026-03-21 06:38:00
TXN_1631,85RKS6IW,15.15,20231,2026-01-04 10:46:00
TXN_3676,9CO8K6QP,94.07,19803,2026-02-18 14:08:00
TXN_4316,0ZMF9G1S,59.6,20880,2026-01-14 21:55:00
TXN_1080,E02GBL89,24.65,37909,2026-03-06 21:20:00
TXN_3660,QSOAVMTO,87.74,46094,2026-02-20 20:52:00
TXN_4520,EA3UP2UY,37.47,24026,2026-02-28 22:40:00
TXN_3339,I1Y48M9A,28.79,23195,2026-01-01 04:54:00
TXN_3892,WF3PUB9G,106.63,22652,2026-01-03 16:00:00
TXN_3053,EY6TKEPR,78.16,48687,2026-02-04 21:47:00
TXN_4809,C9L5ALOC,59.32,49504,2026-04-16 23:16:00
TXN_4707,DTJHYGR7,15.8,16657,2026-03-23 03:22:00
TXN_4406,VK0RNQIV,94.33,22569,2026-04-18 23:29:00
TXN_4226,1VA8M5U5,51.99,40289,2026-04-24 19:39:00
TXN_1101,B2MHR4G6,46.25,24679,2026-02-22 01:40:00
TXN_1919,WCF2ZYBX,100.05,39580,2026-03-14 02:11:00
TXN_3858,OWAEUYTJ,50.98,26749,2026-01-11 05:09:00
TXN_1109,AILGKCEN,84.85,42409,2026-01-14 07:41:00
TXN_2718,E351E33R,23.3,22983,2026-01-21 08:31:00
TXN_2198,73BGQYGI,86.72,38674,2026-03-21 12:02:00
TXN_3822,VN9M2CC4,60.06,35141,2026-03-21 04:55:00
TXN_3110,DBPH3WP8,18.4,18615,2026-04-30 19:22:00
TXN_4948,0987A2WQ,64.33,43291,2026-04-08 15:49:00
TXN_1094,5HCKEA44,18.54,12630,2026-04-26 03:51:00
TXN_411,MI6MWFG9,92.88,19315,2026-01-26 17:50:00
TXN_2307,FKAVYD3W,50.06,44121,2026-01-21 05:21:00
TXN_1569,6G2NRCH2,84.04,17842,2026-01-01 21:32:00
TXN_1391,ODXJXF4E,40.73,19810,2026-03-08 15:45:00
TXN_3263,TV42ZXEP,76.81,23681,2026-04-21 01:26:00
TXN_BAD_3249,INVALID_VIN,50,20000,2026-04-10 10:00:00
TXN_4955,OMW6XROZ,88.08,39379,2026-04-02 04:24:00
TXN_4811,O803IWEP,85.06,34558,2026-01-25 11:52:00
TXN_3472,BUC0DE2M,79.07,40515,2026-04-27 12:11:00
TXN_4658,9SBKOJ1O,109.68,12794,2026-01-20 20:44:00
TXN_521,UHA30K1G,95.22,43862,2026-03-04 21:04:00
TXN_3584,KSGZO5BP,20.95,43897,2026-03-06 02:17:00
TXN_1243,EAIR3VUY,28.07,47448,2026-03-27 15:15:00
TXN_2547,K15NOJ7K,,40397,2026-04-13 12:34:00
TXN_1176,L015F5FI,65.19,27530,2026-04-11 21:35:00
TXN_3999,EPU0X0C8,61.69,11236,2026-03-29 22:14:00
TXN_497,986OMPK7,69.23,30189,2026-02-28 09:37:00
TXN_97,XL3LTBD2,58.67,38452,2026-03-17 06:27:00
TXN_386,HGG255DA,37.05,30715,2026-01-26 15:39:00
TXN_3640,0BAUC2R3,72.32,25825,2026-02-01 11:39:00
TXN_1350,OEIPDZ6L,53.04,42075,2026-02-17 03:53:00
TXN_2173,8B8NM3EN,58.47,20162,2026-02-21 12:08:00
TXN_1114,1LSU5CNS,17.18,32457,2026-03-08 23:06:00
TXN_666,AZMOC7YF,61.87,41260,2026-04-20 00:18:00
TXN_1822,1SRADITD,40.98,10523,2026-01-06 01:10:00
TXN_3568,11S2EENL,72.65,49009,2026-04-07 02:47:00
TXN_245,UNUJWNTS,91.02,16443,2026-04-07 12:53:00
TXN_3068,ULLP4EVU,75.7,17700,2026-01-25 20:32:00
TXN_3216,VGPQQJHQ,81.84,30043,2026-01-24 14:30:00
TXN_2033,MOF32PA6,21.33,24529,2026-02-04 07:57:00
TXN_3387,XLA7YFGS,36.98,43316,2026-02-03 21:16:00
TXN_2617,13TKDC21,87.62,26516,2026-02-09 12:20:00
TXN_1778,OTIZ8GAY,41.63,12129,2026-01-29 02:29:00
TXN_917,NTJP8NYM,66.28,25372,2026-03-25 13:25:00
TXN_725,5SXRQJ8B,26.41,41917,2026-03-10 00:00:00
TXN_4919,CGFV4DK3,80.54,17382,2026-02-04 19:50:00
TXN_4892,TLG1A4DH,43.49,39078,2026-01-18 04:12:00
TXN_3993,JB79SK7H,63.21,43270,2026-01-16 02:48:00
TXN_1143,V4XKPVJ8,64.06,18963,2026-02-13 04:39:00
TXN_4951,H90CCY4R,56.59,34076,2026-03-19 00:23:00
TXN_4893,YXEN6RB4,84.17,14185,2026-03-30 12:47:00
TXN_404,1QARUAPP,67.59,44309,2026-02-13 06:39:00
TXN_2587,W5L2L4V9,35.85,46212,2026-02-11 01:40:00
TXN_1541,Q4Y0XVT5,38.56,48270,2026-02-07 14:38:00
TXN_831,LNV2NX76,75.84,16258,2026-03-03 05:50:00
TXN_2903,SGWQ4ZLB,103.52,21574,2026-02-01 10:20:00
TXN_1287,520E9V1N,29.04,36883,2026-04-01 14:02:00
TXN_4721,TCPP0SO8,28.24,37254,2026-02-03 16:59:00
TXN_3453,LP4ZLLOT,22.28,39101,2026-02-17 02:06:00
TXN_2937,91AG6D4Y,23.81,40161,2026-01-04 11:56:00
TXN_323,6IL514PF,101.29,50030,2026-01-06 02:48:00
TXN_1665,E5MBOTT2,20.34,17111,2026-03-21 00:23:00
TXN_3463,RL7KHR6B,107.06,13938,2026-04-12 05:46:00
TXN_4390,82XQ6HT6,51.43,11190,2026-05-01 07:34:00
TXN_3000,AQ2Q1X9R,41.31,29684,2026-02-19 00:09:00
TXN_1200,XA4NOLOT,40.65,40752,2026-02-03 01:33:00
TXN_1272,X7BOCRD2,36.51,38728,2026-01-25 00:37:00
TXN_1419,TVDK1FC6,47.41,15560,2026-01-15 16:29:00
TXN_2463,CO9NLX35,25.11,21650,2026-02-06 06:57:00
TXN_4277,AICRIW4A,57.7,19770,2026-04-29 12:32:00
TXN_2368,BEMNSBKO,71.45,17951,2026-04-02 05:00:00
TXN_2853,UWE7RLVW,37.14,27902,2026-01-23 04:19:00
TXN_403,GC43MRL8,45.44,50279,2026-01-12 12:20:00
TXN_2008,OK3VCVH7,17.8,44699,2026-02-02 10:02:00
TXN_623,BIL9GZ99,62.22,25578,2026-01-10 09:27:00
TXN_4183,WPY99QCF,33.81,20713,2026-01-31 02:23:00
TXN_396,UA9CLQEM,105.33,34553,2026-02-21 12:00:00
TXN_3269,X83PGOHK,44.93,17095,2026-04-06 19:25:00
TXN_880,SK9N6QPT,37.34,13890,2026-04-19 07:43:00
TXN_333,7FURY3BV,43.65,46374,2026-04-14 14:21:00
TXN_2464,YA3U87DQ,23.24,31720,2026-01-30 11:54:00
TXN_779,CAN456P5,47.24,29219,2026-03-12 07:46:00
TXN_2157,TOLKQ662,45.5,23638,2026-02-23 23:31:00
TXN_1062,2L22HBQY,30.24,30064,2026-01-23 04:15:00
TXN_1925,TGY56Q0U,77.0,20093,2026-01-21 05:02:00
TXN_3293,PBIXNODR,68.76,38517,2026-01-15 14:59:00
TXN_2841,5H6ATGVZ,66.53,21508,2026-04-06 05:55:00
TXN_4352,AUTG9ZXD,34.13,16212,2026-01-07 01:38:00
TXN_2052,33ATZRZ3,39.06,14315,2026-03-10 19:14:00
TXN_4241,5TPRCNOS,37.93,32727,2026-03-16 02:01:00
TXN_3041,2DJHKEEE,27.56,16148,2026-02-20 15:08:00
TXN_3174,RZO9TD3T,95.78,11100,2026-03-22 22:55:00
TXN_2517,7C86PF4X,45.72,33148,2026-04-08 12:21:00
TXN_2405,4V2W1RA8,53.54,21115,2026-02-21 01:13:00
TXN_3473,7RQ4SAXH,41.43,19604,2026-03-24 03:01:00
TXN_875,3Y3MEJ5U,31.52,46457,2026-03-27 09:13:00
TXN_2536,B7RXWZOI,55.89,30955,2026-02-19 00:44:00
TXN_2204,RDFR8KW2,17.8,36119,2026-04-22 18:04:00
TXN_1282,CU5FVRWY,48.38,17722,2026-01-09 11:18:00
TXN_1673,HGB3KP3E,54.22,15150,2026-03-06 09:13:00
TXN_3753,N15RVNXR,28.24,12438,2026-02-17 17:53:00
TXN_1597,N7GRGU4A,64.19,21239,2026-01-22 14:51:00
TXN_4428,0ZH77SXG,52.53,11451,2026-01-11 07:31:00
TXN_273,H9EQH6V6,94.32,35858,2026-02-03 11:07:00
TXN_2361,9IA98T98,42.12,41559,2026-01-12 10:23:00
TXN_1252,3V0N7HVS,35.43,19281,2026-04-25 10:41:00
TXN_1352,O37QPWB3,23.35,43931,2026-01-28 06:54:00
TXN_4417,V68UEOV9,40.29,35848,2026-01-25 08:35:00
TXN_194,XAS8C4PQ,16.71,14690,2026-04-18 20:51:00
TXN_1561,1DLP2D7X,106.94,10757,2026-04-11 16:59:00
TXN_1366,WO82YR5S,45.93,25331,2026-02-22 02:26:00
TXN_4309,82Z7LPNJ,58.84,24228,2026-04-10 11:03:00
TXN_3561,ILM9WY48,50.14,11176,2026-02-06 21:58:00
TXN_4511,SGAIK7L0,55.54,44839,2026-01-07 19:36:00
TXN_1814,TASWJ7H4,39.4,48819,2026-04-13 02:51:00
TXN_3388,FQZNO811,28.28,18976,2026-02-01 21:03:00
TXN_1697,9X0F5U7V,57.82,28456,2026-04-03 12:54:00
TXN_4492,2V7CMP3Q,66.9,20098,2026-01-11 09:07:00
TXN_1519,O3XDYXIS,33.83,27610,2026-01-03 13:00:00
TXN_2546,XAI9SN3S,102.51,12438,2026-02-05 19:26:00
TXN_4728,WLP56VY4,49.13,33396,2026-03-12 19:47:00
TXN_2144,H9IM7QTS,91.27,20878,2026-01-13 14:36:00
TXN_1201,EA5H6EZD,19.85,45621,2026-01-28 11:45:00
TXN_4501,D9WG7CS5,55.01,46160,2026-03-02 06:59:00
TXN_4726,QMB3JJNM,81.71,23523,2026-02-21 00:27:00
TXN_1444,2APDDCTW,52.03,30058,2026-01-31 07:35:00
TXN_1285,HK2C9Q25,26.77,26386,2026-01-03 12:48:00
TXN_2931,YXQEIS5F,46.5,48448,2026-03-02 12:38:00
TXN_2153,0WYGGYQU,71.33,25902,2026-01-01 06:03:00
TXN_2511,UJHH4QS6,50.16,28710,2026-02-16 21:06:00
TXN_4337,HC2450GC,34.83,14508,2026-03-22 23:54:00
TXN_3081,NQ2AG54Q,82.14,14013,2026-03-20 14:48:00
TXN_4056,OHHC1PTT,48.15,17794,2026-04-09 08:35:00
TXN_957,YF9P9O7C,86.65,43335,2026-02-06 00:40:00
TXN_1853,HA3AMTBA,82.92,33590,2026-03-13 08:12:00
TXN_2001,TEJ24CLR,67.33,45238,2026-03-22 14:40:00
TXN_4146,1OA4SUCC,69.14,47266,2026-02-22 06:02:00
TXN_1598,68CLNKEC,33.85,40089,2026-04-07 19:21:00
TXN_BAD_8794,INVALID_VIN,50,20000,2026-04-10 10:00:00
TXN_2387,8C07CLM1,94.81,30146,2026-01-30 05:34:00
TXN_4103,YX5JYZXO,51.62,25019,2026-04-28 20:12:00
TXN_3983,HG848DQ5,72.92,39635,2026-01-29 21:58:00
TXN_3255,ZJIM7YPY,84.97,12513,2026-03-02 08:03:00
TXN_1825,7S8JR73G,53.84,14125,2026-01-10 07:27:00
TXN_1886,2OEOXRWY,87.65,21686,2026-01-26 06:35:00
TXN_2659,FCI0F0F7,34.68,18013,2026-04-26 07:22:00
TXN_1517,1KW27980,34.21,28589,2026-04-10 18:49:00
TXN_4918,KEQX0B21,84.23,42254,2026-03-05 18:56:00
TXN_338,Q1QQSGSY,80.96,22373,2026-01-18 09:47:00
TXN_331,X9MXA1QP,67.86,33717,2026-01-26 21:02:00
TXN_4162,T6WRSCTE,76.78,17263,2026-02-01 00:59:00
TXN_3149,AHWULLWZ,38.24,31242,2026-01-29 19:52:00
TXN_1920,73G5CJJF,49.72,35495,2026-04-22 20:40:00
TXN_2014,RUEG0ZO7,80.44,48032,2026-03-21 08:46:00
TXN_414,VO6XL98X,70.33,12861,2026-03-07 19:00:00
TXN_4932,ZZRNSKDP,83.93,16455,2026-02-28 10:07:00
TXN_2928,YTU8EQ0B,89.41,11222,2026-02-11 21:22:00
TXN_3371,7OGI5W0H,38.65,17686,2026-02-16 17:03:00
TXN_508,QGHEWXXE,97.66,20423,2026-04-13 15:28:00
TXN_2374,KA0LPCX3,26.25,47716,2026-01-26 10:06:00
TXN_853,BAIORPJP,56.76,36498,2026-03-31 10:50:00
TXN_4259,G97SG59X,51.41,47190,2026-04-16 03:04:00
TXN_3315,GORXFCDZ,90.91,33874,2026-05-01 03:25:00
TXN_1759,D950JHZS,61.12,40955,2026-02-28 20:45:00
TXN_2185,AV0OAI8W,27.0,19223,2026-03-01 08:24:00
TXN_986,E90ABIX0,69.58,11784,2026-03-16 22:01:00
TXN_2121,CGMJRONS,29.22,20568,2026-03-14 23:02:00
TXN_1672,EFLQ78KP,19.01,20093,2026-01-10 13:36:00
TXN_3439,I2THN0J1,46.81,38941,2026-04-14 21:54:00
TXN_3667,YYYXUS2O,64.85,13621,2026-04-17 15:46:00
TXN_1590,76NMHZJX,42.23,40750,2026-01-13 10:12:00
TXN_175,9XUQAFTZ,27.91,10659,2026-02-17 03:03:00
TXN_2359,9VURWBCX,86.32,25274,2026-03-02 14:13:00
TXN_586,6HNNP46X,43.84,19154,2026-02-28 13:28:00
TXN_2101,7VHJOE42,59.22,36970,2026-01-09 08:39:00
TXN_1857,2OS2FX9F,106.02,34192,2026-02-23 17:27:00
TXN_4834,GDQ79VG6,71.21,22888,2026-01-04 20:19:00
TXN_3916,L6B6CSU2,59.32,18569,2026-01-20 20:17:00
TXN_1518,81H0J2CG,92.03,23836,2026-02-17 06:56:00
TXN_3906,JZN3MHL4,79.77,16749,2026-01-13 20:37:00
TXN_4500,2LP4HLPS,76.67,11359,2026-02-22 17:26:00
TXN_927,LUZUSV92,41.47,34191,2026-01-10 12:18:00
TXN_374,CO2XRF12,61.21,39146,2026-02-05 07:59:00
TXN_4999,YNJPTB9P,18.37,48118,2026-04-13 14:38:00
TXN_1649,W0XBHOUP,55.13,13774,2026-03-14 19:22:00
TXN_3634,PF4Y1PO2,70.48,13749,2026-03-09 03:24:00
TXN_3426,8LKNQ65A,46.62,13652,2026-04-28 09:21:00
TXN_2471,4EYJHN6U,33.65,23901,2026-04-12 12:51:00
TXN_3041,2DJHKEEE,27.56,16016,2026-02-20 15:08:00
TXN_527,40AEPUBJ,30.86,10288,2026-02-18 14:17:00
TXN_3442,9W1VQTQF,82.69,45180,2026-04-20 00:41:00
TXN_2166,LYXU4C8I,51.62,33336,2026-03-25 20:06:00
TXN_3975,82UFHY9Z,85.55,28708,2026-03-04 22:31:00
TXN_2158,ADIYZ3GT,23.16,25327,2026-04-04 07:59:00
TXN_2729,J8NOYTES,59.96,18286,2026-01-19 03:20:00
TXN_4221,XSLNXO0H,100.46,25968,2026-03-12 01:46:00
TXN_2680,N74N8QF0,36.44,44042,2026-04-03 01:19:00
TXN_216,85RSUE1X,82.25,26078,2026-02-20 14:31:00
TXN_3637,5Z3J3BZF,55.88,43439,2026-01-07 02:25:00
TXN_3607,96GQVTDK,61.31,41347,2026-04-18 21:11:00
TXN_3349,546ZU4N0,108.48,43773,2026-04-20 06:47:00
TXN_4176,3MPIFZG0,69.85,22933,2026-04-18 13:44:00
TXN_3210,05AR4TXH,23.27,15564,2026-03-17 18:40:00
TXN_2223,K2PEH1VE,46.18,35309,2026-03-13 14:52:00
TXN_116,WPPKLI78,39.68,13016,2026-02-21 11:00:00
TXN_4459,1Y05GNT8,48.75,48180,2026-02-11 06:00:00
TXN_4981,WIH2LL27,22.02,15179,2026-04-20 04:43:00
TXN_1499,Q7260IPW,74.26,32664,2026-01-13 14:59:00
TXN_1376,XHNZNR7H,29.3,10183,2026-04-13 10:05:00
TXN_1104,Z55TTC6S,43.21,17937,2026-03-03 09:34:00
TXN_734,YT9C3JLY,92.93,36956,2026-02-23 16:59:00
TXN_3563,9XQ46NPD,81.51,28192,2026-03-06 11:30:00
TXN_1425,BZIUBS29,19.13,27952,2026-03-25 04:10:00
TXN_3547,9TWOZ6YM,46.56,33289,2026-04-25 22:08:00
TXN_4219,2C45CAYC,12.54,37692,2026-01-03 13:13:00
TXN_3102,31M0PZTM,64.05,22550,2026-03-09 20:53:00
TXN_1239,PMR65CU4,54.9,14437,2026-04-07 05:08:00
TXN_647,I118UXYF,97.26,13138,2026-01-24 12:44:00
TXN_1209,I27D2M63,78.28,15777,2026-03-13 07:22:00
TXN_3252,HGV5ESVX,48.85,45942,2026-04-06 22:41:00
TXN_4550,L18UOKCH,32.35,31405,2026-01-12 11:18:00
TXN_73,AGIN7S0U,98.04,39211,2026-01-11 23:17:00
TXN_4105,LO45YSTW,44.58,23402,2026-03-17 04:57:00
TXN_4891,00LYZGR0,53.04,36147,2026-02-22 12:51:00
TXN_3645,J09BIZH4,106.51,25743,2026-02-13 19:35:00
TXN_4011,RH01MRZQ,100.48,48186,2026-01-29 08:27:00
TXN_2083,O7NU05QQ,63.41,29763,2026-01-19 19:37:00
TXN_2292,EDY72I7X,72.65,40820,2026-04-05 01:57:00
TXN_4826,PHB6MFHD,79.13,35019,2026-04-30 17:37:00
TXN_383,IGJ4GM1I,49.5,10634,2026-03-18 19:58:00
TXN_1372,3U8570GR,48.3,24445,2026-03-15 06:15:00
TXN_422,2ZD2PV00,67.27,29540,2026-02-01 22:43:00
TXN_4565,UHU425C6,71.76,11986,2026-02-07 13:05:00
TXN_1949,1D720EJR,70.72,12129,2026-02-02 03:07:00
TXN_3915,QVF4XWX6,70.39,20658,2026-01-19 20:04:00
TXN_1813,11UI8W8P,13.19,19997,2026-01-16 18:37:00
TXN_950,R2HZU339,106.69,26234,2026-01-17 07:17:00
TXN_3384,4RE7DPEP,36.6,19854,2026-04-18 12:18:00
TXN_223,NV390OD8,76.68,15926,2026-04-27 18:31:00
TXN_4047,0IL0DY3C,87.89,41110,2026-03-06 23:11:00
TXN_2827,GD98RYSN,81.09,22171,2026-04-30 12:51:00
TXN_2603,4MVWCSE4,26.61,26829,2026-01-04 22:38:00
TXN_2911,EGE3CL77,20.18,21419,2026-01-15 09:40:00
TXN_3973,WRDXUKA8,79.01,49984,2026-04-29 19:54:00
TXN_1266,JLP5K8UE,77.18,23950,2026-02-28 19:39:00
TXN_2678,COO3WTKR,21.22,25978,2026-02-25 05:10:00
TXN_1380,K2YFC1MC,61.81,11266,2026-02-11 13:38:00
TXN_1110,IROFA0KF,111.86,46065,2026-01-13 20:40:00
TXN_1167,1VTFNEP0,80.38,27632,2026-03-01 19:49:00
TXN_2521,1CKRM567,20.84,33645,2026-01-13 02:17:00
TXN_3395,HB4Q4LHD,101.36,39996,2026-03-22 12:31:00
TXN_2460,8QDMIQA2,54.89,16020,2026-03-27 05:28:00
TXN_2348,3SQHEI7J,46.12,35110,2026-03-09 05:28:00
TXN_4348,TILP4R7D,74.19,15932,2026-03-15 09:34:00
TXN_4810,LKFU4FRL,84.43,21879,2026-03-13 18:28:00
TXN_4416,HCN05315,57.88,27187,2026-01-17 04:35:00
TXN_3611,JIIA6M7V,63.33,42365,2026-01-21 09:42:00
TXN_706,BAXVX4FI,25.03,32908,2026-03-26 08:59:00
TXN_4972,J878K667,66.11,27232,2026-01-01 20:03:00
TXN_4866,4C0VLY6S,58.89,20251,2026-03-13 15:58:00
TXN_4903,EQIJ8A2J,47.64,49815,2026-03-01 19:39:00
TXN_3130,DQNAQF0S,79.34,34615,2026-04-19 07:12:00
TXN_4713,13B8ZPXR,66.35,18379,2026-04-11 13:40:00
TXN_750,F1G6H6C9,81.82,17218,2026-02-21 13:20:00
TXN_1373,V0AGORAH,47.47,15336,2026-04-01 02:48:00
TXN_2766,94PXU8PF,40.27,12925,2026-03-19 00:31:00
TXN_4958,MJADMLI7,47.49,34183,2026-04-12 20:41:00
TXN_4321,Q5IDQ268,64.39,10492,2026-03-15 00:36:00
TXN_672,WUHGPMXK,22.08,43506,2026-03-22 02:05:00
TXN_2205,08SVR3OT,61.72,40543,2026-04-17 15:47:00
TXN_3329,HHNLUQ3J,80.55,35809,2026-04-01 12:08:00
TXN_3236,DHL3QTNV,63.97,22501,2026-04-15 20:05:00
TXN_1858,GIEX3FC3,25.71,23730,2026-01-17 10:56:00
TXN_3887,RR73EA5Y,63.17,23660,2026-04-07 20:47:00
TXN_4449,106SK71F,68.08,32087,2026-04-22 10:47:00
TXN_1276,LR6DJS9E,89.32,29108,2026-01-08 14:43:00
TXN_2048,8IPC77HU,48.25,30795,2026-04-20 20:39:00
TXN_4729,OGB7J8IK,21.11,16317,2026-01-09 02:16:00
TXN_4770,9JZZRUUJ,72.91,28237,2026-03-28 00:06:00
TXN_3699,IM0PPCGQ,53.06,49839,2026-02-10 17:15:00
TXN_3978,3HULZ5DR,71.69,40008,2026-02-11 15:40:00
TXN_2868,FXLWGO0I,58.61,27668,2026-01-19 04:47:00
TXN_979,43E9QE04,66.18,25836,2026-03-18 18:49:00
TXN_2885,KJ243KK2,97.24,24915,2026-01-12 20:39:00
TXN_3444,HU1DJRHZ,30.59,34636,2026-03-16 13:02:00
TXN_900,VSN48Z78,48.38,49158,2026-01-25 16:44:00
TXN_925,Y4MYJW6L,74.26,28260,2026-01-29 23:32:00
TXN_2746,KRVT8D5U,43.0,32731,2026-03-29 13:14:00
TXN_4792,CHHGA9G0,24.34,17721,2026-02-16 20:27:00
TXN_1704,8IPXWST5,55.78,24633,2026-02-19 09:11:00
TXN_670,RSC8DEBT,41.59,28144,2026-02-19 20:27:00
TXN_1540,44GRNO1J,72.61,39944,2026-01-18 05:06:00
TXN_3026,F42TF21H,76.05,42518,2026-02-15 23:53:00
TXN_2780,2ZLPP3S5,35.51,29396,2026-03-25 06:25:00
TXN_2758,0E2T3QU2,22.81,39126,2026-03-12 23:20:00
TXN_3868,93IX7LF8,73.78,37683,2026-03-18 06:53:00
TXN_1348,JZ0HJR69,34.56,43383,2026-01-13 13:14:00
TXN_256,ZF0Y2GE3,25.5,47095,2026-03-01 06:53:00
TXN_2467,F5QYHUUL,83.76,49938,2026-01-06 07:44:00
TXN_698,7B99MASO,64.0,25754,2026-01-10 01:11:00
TXN_2487,UHZN4WNA,-10,17574,2026-02-11 00:58:00
TXN_1831,7MGKDFEQ,31.63,42976,2026-04-12 12:10:00
TXN_2271,ES7B6MJ1,48.37,19359,2026-03-23 15:23:00
TXN_3205,4GYJ5OAI,29.0,46880,2026-02-16 02:50:00
TXN_4960,9STDLFZ0,17.81,31567,2026-04-28 03:49:00
TXN_2475,F4YUKL45,46.5,21606,2026-01-07 15:07:00
TXN_208,E6OUMXOV,29.06,35295,2026-02-16 02:07:00
TXN_177,ZWCSP5YK,59.94,20738,2026-01-15 05:14:00
TXN_2768,TDOJDIJH,32.82,32561,2026-03-22 12:23:00
TXN_2556,ZR9BTO4L,15.52,29235,2026-04-16 19:39:00
TXN_4382,JKB6RHBO,22.43,49680,2026-02-06 10:16:00
TXN_624,X4JKYALG,28.1,48500,2026-04-11 10:31:00
TXN_1559,33XKIAVO,42.79,20756,2026-01-11 04:16:00
TXN_160,EHSTHTKT,67.94,14507,2026-03-21 21:35:00
TXN_1653,B9757KKP,68.7,48006,2026-03-22 00:10:00
TXN_1123,YPMD95C1,60.84,38589,2026-04-04 02:07:00
TXN_1091,TI9QPZTU,16.5,44923,2026-03-17 03:18:00
TXN_352,J0MQSRJQ,69.61,47750,2026-04-09 10:36:00
TXN_1595,C9I2AB8R,72.1,15462,2026-02-02 13:10:00
TXN_3066,TSE9CP9R,31.15,32421,2026-04-28 03:54:00
TXN_4328,JBWU0ZAC,56.76,19248,2026-01-26 22:03:00
TXN_4493,0VBR4TXH,80.87,12837,2026-03-19 10:58:00
TXN_1827,PDQSHDBU,48.32,33706,2026-04-29 15:26:00
TXN_4106,KA3EH616,59.25,31268,2026-03-21 18:55:00
TXN_4547,HF7E6UEM,44.84,42073,2026-03-18 16:28:00
TXN_4677,IXDSHN2K,49.72,17322,2026-01-16 15:51:00
TXN_2325,L5W2M42K,67.71,31666,2026-02-03 20:35:00
TXN_2299,EOC69UCB,87.99,37632,2026-02-17 01:05:00
TXN_1709,8IAPHHFR,32.28,10951,2026-02-03 04:50:00
TXN_4786,GBN1RHQP,75.6,13703,2026-04-15 12:51:00
TXN_1001,K9L0PI4V,0,11990,2026-01-17 05:26:00
TXN_4497,WPK6FDKT,68.7,46646,2026-01-11 07:06:00
TXN_791,K8SQEYYY,90.33,13373,2026-03-22 07:26:00
TXN_4220,7TY7K791,51.98,24161,2026-04-11 13:58:00
TXN_1985,95PD98Z2,23.26,30702,2026-04-30 21:14:00
TXN_69,6G30FVZH,20.68,22428,2026-03-04 02:50:00
TXN_215,HM5V59UU,97.69,10850,2026-04-01 02:52:00
TXN_3336,44R6F2O0,103.44,28328,2026-04-06 19:35:00
TXN_3509,FY409ZLS,48.68,17651,2026-03-21 15:55:00
TXN_3479,R8ABAEX1,56.45,16254,2026-03-30 20:30:00
TXN_4396,FUJTCSDV,32.68,48805,2026-02-06 18:24:00
TXN_4799,T3E4XGVK,40.76,38881,2026-01-25 01:39:00
TXN_1233,3Q4CD7EZ,29.34,26614,2026-02-12 11:08:00
TXN_3248,06C7TZP1,84.22,34231,2026-01-07 12:53:00
TXN_2668,BPKLIYUX,45.62,10360,2026-04-05 04:41:00
TXN_219,CLNIXSWW,30.09,49431,2026-03-09 10:33:00
TXN_4280,KH4RDCNL,48.45,36752,2026-03-31 08:05:00
TXN_3159,97SOJCVW,104.71,20782,2026-02-10 08:03:00
TXN_711,4WYRLLJP,60.47,22645,2026-03-21 01:39:00
TXN_1603,3CGZ25UN,24.44,12009,2026-04-03 02:03:00
TXN_649,MXTURWIT,47.29,49500,2026-03-14 18:25:00
TXN_4980,M7VE1H7M,31.23,22591,2026-04-13 00:31:00
TXN_2980,N6NSHCEX,80.41,37017,2026-03-23 06:56:00
TXN_4990,D18FNTC5,64.52,30195,2026-02-23 05:13:00
TXN_1977,04RHVQPF,68.24,12654,2026-04-06 21:48:00
TXN_4789,OUZZHIBL,50.68,37677,2026-03-25 00:18:00
TXN_1492,8K8FOS1V,38.2,38262,2026-03-31 12:37:00
TXN_72,PDAW6EOZ,28.76,23870,2026-01-27 01:00:00
TXN_40,FZAICP9V,42.91,11669,2026-01-29 23:56:00
TXN_4498,SWN86ZII,93.07,19279,2026-01-17 00:51:00
TXN_2231,EJ0HN6M5,90.55,39322,2026-01-11 09:08:00
TXN_2994,4H8Q6DEK,60.73,14926,2026-02-28 23:18:00
TXN_4667,WKJFLLE6,22.41,41424,2026-04-26 03:25:00
TXN_2090,GJN5IAMY,31.37,19497,2026-01-12 23:53:00
TXN_4006,RHPLG11L,68.95,29031,2026-02-19 13:41:00
TXN_342,5CD4095W,39.14,44198,2026-01-05 00:37:00
TXN_2756,XHZITNQD,61.86,29172,2026-01-31 07:24:00
TXN_65,1GZODILA,74.83,29002,2026-02-03 21:53:00
TXN_4109,FTWEJFTO,34.65,17108,2026-01-05 09:15:00
TXN_546,IOVZVDF3,50.74,31190,2026-02-09 01:04:00
TXN_4529,ABO665RW,85.58,11726,2026-03-15 23:20:00
TXN_292,GH8EA6B9,52.99,16360,2026-02-14 07:23:00
TXN_1190,Q5TIAB3H,57.53,23440,2026-01-08 22:28:00
TXN_442,GV6Q2HW3,88.96,20658,2026-03-29 03:59:00
TXN_1756,YI1N1I9V,29.78,18856,2026-04-10 20:26:00
TXN_266,ZSRGEA89,45.39,19582,2026-03-24 08:34:00
TXN_1929,S39T044T,38.37,21978,2026-01-17 20:28:00
TXN_228,B1F5J88U,60.95,11992,2026-03-02 00:16:00
TXN_3842,U1F5GCZB,75.11,13215,2026-02-22 06:22:00
TXN_540,M2FUY37X,22.31,13674,2026-04-30 16:05:00
TXN_1319,4708VTZR,94.79,19534,2026-04-12 20:16:00
TXN_1906,ZBMZR916,50.31,31225,2026-01-31 04:18:00
TXN_4167,P0GCHT6F,29.54,34910,2026-03-12 12:42:00
TXN_365,MFQM85DH,28.33,44189,2026-04-06 06:18:00
TXN_1338,XABQJR3R,29.36,44231,2026-01-31 23:28:00
TXN_1108,C2FP9PTA,47.88,29519,2026-04-17 23:47:00
TXN_2171,3CGWIIBB,30.08,30875,2026-01-24 11:49:00
TXN_143,Y3E4V6N9,80.11,14925,2026-04-14 14:18:00
TXN_3896,YQFE0HZE,77.57,19908,2026-04-11 03:33:00
TXN_2664,3G3P08V5,57.52,30859,2026-03-30 10:23:00
TXN_3534,ZL6L07FD,25.12,44465,2026-01-02 08:38:00
TXN_4436,B7XKCI9T,19.81,12150,2026-03-31 23:08:00
TXN_152,76JRN7A2,65.49,18000,2026-01-29 09:06:00
TXN_461,GAHK3GBL,93.54,17188,2026-04-15 10:20:00
TXN_2950,4ZPHJ556,44.88,45527,2026-01-27 17:58:00
TXN_735,XMVORPS4,74.47,46864,2026-01-16 09:36:00
TXN_567,2SSM6WSO,90.34,30104,2026-04-30 13:18:00
TXN_2236,O7G8UEHP,41.6,18662,2026-02-06 23:39:00
TXN_2650,H84Q49BH,30.4,16561,2026-03-02 17:56:00
TXN_1965,EG0QI8WQ,48.19,42429,2026-01-26 13:02:00
TXN_4253,87IH97BD,46.09,44847,2026-02-06 21:13:00
TXN_3116,2B5OV4Y7,52.34,41195,2026-02-20 04:13:00
TXN_395,XRKHDBNR,89.12,21449,2026-01-31 22:04:00
TXN_2138,ZVXXXWAZ,76.66,25404,2026-03-23 01:39:00
TXN_2737,JJ3KAIX3,66.88,35734,2026-02-04 00:50:00
TXN_4663,17E8G9TA,22.44,10470,2026-01-14 17:52:00
TXN_683,2BMZKSQF,63.81,49224,2026-04-22 08:35:00
TXN_2687,BB4ARIG1,32.76,27100,2026-01-27 06:04:00
TXN_3458,C4E975AN,104.93,49837,2026-02-22 14:51:00
TXN_931,EYLY31YI,79.26,14373,2026-04-07 01:33:00
TXN_2046,SQOO8IES,21.47,13727,2026-04-02 00:49:00
TXN_716,2ZC0HJAL,104.71,46851,2026-02-01 22:10:00
TXN_678,SRWBFSL8,87.49,23214,2026-03-24 05:23:00
TXN_1755,3HJSDEFK,47.72,44819,2026-01-06 09:48:00
TXN_100,IHJ0XG52,26.02,39829,2026-04-25 05:34:00
TXN_4091,0S7735M7,37.41,31481,2026-02-06 08:30:00
TXN_3668,FP3ZTNIA,38.44,47370,2026-03-11 16:34:00
TXN_2291,2Q0YJMCU,41.38,44766,2026-03-24 04:24:00
TXN_4298,6EWX9U9A,20.51,10727,2026-01-11 07:27:00
TXN_2738,MK2G5EU5,71.78,29315,2026-01-08 12:50:00
TXN_4576,J2FD2X8B,97.34,37015,2026-04-19 00:39:00
TXN_1433,GGIIL76A,18.75,19511,2026-04-24 21:12:00
TXN_1293,518K95FD,51.99,16537,2026-04-19 04:08:00
TXN_250,XSJQT66P,16.86,49072,2026-03-22 20:13:00
TXN_4055,92K67C7A,38.11,26160,2026-01-29 07:29:00
TXN_BAD_2149,INVALID_VIN,50,20000,2026-04-10 10:00:00
TXN_67,ZT21HX6H,29.95,19934,2026-04-11 01:45:00
TXN_1288,SBSB8PQY,44.98,16636,2026-02-26 08:26:00
TXN_2219,ASXWIHG0,42.45,27110,2026-01-05 21:43:00
TXN_1054,MWP1PWZO,40.2,35756,2026-01-06 17:55:00
TXN_2252,BSC8L82M,38.82,41284,2026-02-17 07:53:00
TXN_718,KOJFE0TS,42.93,32088,2026-01-01 19:45:00
TXN_1070,OK8V91PW,50.58,31032,2026-02-01 16:00:00
TXN_1760,KN7IOMDQ,16.03,20561,2026-03-04 05:05:00
TXN_884,5WIWHHLB,23.52,49586,2026-01-04 00:08:00
TXN_4356,RTLZOH0B,21.03,49810,2026-01-07 11:46:00
TXN_316,2GHKHQSB,50.82,35813,2026-01-12 09:43:00
TXN_3331,L3QGXXN3,37.43,10212,2026-04-16 21:19:00
TXN_3824,VUX38SIL,76.88,45474,2026-01-11 22:08:00
TXN_3769,ABQHUZ8P,27.52,11895,2026-03-19 21:17:00
TXN_2381,AT61E03U,48.13,28056,2026-04-05 01:54:00
TXN_2967,5P5MFF4U,44.42,20151,2026-04-27 20:39:00
TXN_3487,X1WST0GI,79.56,41203,2026-04-30 12:15:00
TXN_1790,76E7YHL8,47.87,38424,2026-02-08 02:06:00
TXN_928,QZQF4VPL,60.65,25059,2026-03-26 12:29:00
TXN_980,XV7OZD6U,64.84,26808,2026-02-16 20:48:00
TXN_4819,KBROX8SK,64.14,21926,2026-03-02 22:04:00
TXN_1945,32GRS93A,72.52,44675,2026-01-07 01:15:00
TXN_3088,6I0XRB1P,35.52,27375,2026-01-17 19:39:00
TXN_1010,UD4IWDMY,38.32,29658,2026-01-14 22:40:00
TXN_3829,NN3XD9FR,61.51,49883,2026-02-07 08:26:00
TXN_2402,IRM9Y873,28.76,30916,2026-02-20 05:12:00
TXN_4791,1SAJIUIF,42.47,19853,2026-01-15 21:36:00
TXN_665,4DS4OVBW,58.95,29863,2026-03-13 07:49:00
TXN_4561,H9Z1RWBT,35.9,48227,2026-02-06 09:38:00
TXN_4010,6J12LFYZ,46.23,31754,2026-04-24 19:14:00
TXN_430,D8BH2GAQ,73.1,23913,2026-01-22 15:32:00
TXN_4509,NJZJBPQC,76.98,37086,2026-03-12 04:39:00
TXN_3606,P9PG30HG,29.61,11571,2026-03-22 00:04:00
TXN_4089,K4BIX1R7,31.52,28625,2026-03-24 06:11:00
TXN_4292,022D8BOM,71.75,34226,2026-03-08 20:04:00
TXN_239,Y2G0S15R,31.09,25691,2026-01-26 02:51:00
TXN_414,VO6XL98X,70.33,13308,2026-03-07 19:00:00
TXN_3382,ZWJIL45S,46.32,34512,2026-01-16 23:32:00
TXN_2244,2JC1HT82,35.74,18971,2026-02-11 11:02:00
TXN_2577,S31SYCXC,,42375,2026-04-02 10:56:00
TXN_1641,ZWJXVQ8A,46.13,12023,2026-02-10 10:23:00
TXN_1031,WRE0MWTE,15.02,21634,2026-04-15 00:55:00
TXN_3141,5HJR7URX,98.82,27195,2026-04-11 03:41:00
TXN_2105,8I7GCRF5,36.85,34213,2026-03-17 20:35:00
TXN_3545,ULPJJULR,97.52,29592,2026-03-06 04:09:00
TXN_581,GYM6PFD8,48.47,19119,2026-01-25 03:39:00
TXN_2995,X53WDIZX,24.23,31152,2026-01-29 08:50:00
TXN_2408,F0JYZRI4,25.85,16728,2026-03-19 17:37:00
TXN_200,PHDXCTFE,56.28,44399,2026-04-13 09:22:00
TXN_301,74G0Y23R,44.68,34089,2026-02-07 05:02:00
TXN_3899,UM77TD43,22.14,10955,2026-03-29 09:07:00
TXN_3402,LBJ4B8AK,33.75,17442,2026-03-24 08:25:00
TXN_1684,OVKJO249,71.5,31881,2026-04-28 01:47:00
TXN_474,B7N64TDR,37.28,29485,2026-01-31 15:03:00
TXN_43,N5YAKBE4,38.08,22550,2026-04-17 16:42:00
TXN_709,X2WSWK3Z,46.97,33778,2026-04-08 03:29:00
TXN_3207,8L729TQW,82.73,31286,2026-04-16 21:17:00
TXN_4116,NRDVHMYP,32.94,33194,2026-04-02 21:03:00
TXN_4200,L4147GTP,58.63,26252,2026-04-01 08:07:00
TXN_1769,Y2DWZEWW,63.76,26890,2026-01-30 19:25:00
TXN_612,ZHM3L8OG,38.47,36933,2026-03-10 11:06:00
TXN_3071,WYZVJ714,63.68,39220,2026-02-04 03:54:00
TXN_1558,MMV6MKKS,40.12,41877,2026-02-20 15:53:00
TXN_939,O1LJ42GE,106.83,50106,2026-04-28 00:33:00
TXN_3378,BHPOL2XO,39.97,36890,2026-01-02 12:31:00
TXN_3062,63D9VPOP,49.47,18126,2026-02-15 03:10:00
TXN_1975,0BPD6IJT,63.73,45855,2026-03-23 03:32:00
TXN_1679,EUAHL39D,40.43,12040,2026-04-17 09:43:00
TXN_861,4SGSWUOH,54.7,11835,2026-03-04 22:11:00
TXN_2749,AS312PWM,36.27,26765,2026-02-12 04:22:00
TXN_2276,MDMRN1XP,56.34,14251,2026-01-16 16:15:00
TXN_4997,EXAL5AHE,98.4,23979,2026-04-13 07:32:00
TXN_4859,LIBFPZWJ,33.73,36703,2026-04-15 14:54:00
TXN_789,WKGEQUVL,55.3,46842,2026-04-28 00:03:00
TXN_4376,717GMLII,64.3,45192,2026-03-11 17:18:00
TXN_539,MZX5WMNE,104.31,48603,2026-04-25 12:35:00
TXN_710,2J7TVX57,35.11,11615,2026-04-05 09:09:00
TXN_2956,SI0X57Y7,20.17,45373,2026-03-14 08:51:00
TXN_3557,8OMJOKZ5,78.49,14098,2026-01-30 03:23:00
TXN_722,TE49QTHF,44.71,45885,2026-04-15 07:31:00
TXN_3964,KXKJ8BS3,74.68,10762,2026-04-20 13:37:00
TXN_4910,HGANEEXB,113.55,24193,2026-03-12 11:34:00
TXN_3941,BONZIIR7,60.31,34957,2026-02-07 11:36:00
TXN_3181,B72TP6HT,41.37,15742,2026-02-18 19:32:00
TXN_4741,94DNTYCP,102.43,14466,2026-04-25 12:00:00
TXN_3715,ZW640CNT,58.94,18234,2026-01-14 05:05:00
TXN_2592,9OIPJI4U,48.3,23543,2026-02-24 17:07:00
TXN_2722,TCMAQ9AL,48.77,17886,2026-01-13 01:11:00
TXN_1757,998M5KBJ,52.5,21245,2026-03-07 07:49:00
TXN_2800,9V83J4GL,71.67,32291,2026-04-23 21:43:00
TXN_4294,ZHZNP5EV,40.15,10633,2026-04-13 02:07:00
TXN_3139,ETFE3QAZ,85.94,25479,2026-01-18 22:07:00
TXN_280,9QGRY11I,63.11,36072,2026-02-23 13:01:00
TXN_858,40ENCOTT,71.69,47697,2026-03-28 23:31:00
TXN_2212,9D2DGEV5,73.69,21393,2026-01-24 09:13:00
TXN_2527,8LIU4Y1F,60.49,16564,2026-03-05 22:06:00
TXN_1943,4OQDM2EJ,19.44,13000,2026-04-01 16:12:00
TXN_1571,0DPP7S47,57.51,46336,2026-03-08 22:38:00
TXN_1909,O19LTRDO,90.38,42012,2026-01-04 21:26:00
TXN_4371,G0CQNOZY,20.13,49853,2026-04-19 07:32:00
TXN_214,KXELT2TX,73.63,29288,2026-01-07 03:47:00
TXN_3151,0FY22626,35.2,28363,2026-01-23 14:38:00
TXN_1696,7QW03ZKU,38.46,24386,2026-03-25 07:11:00
TXN_46,4X7EW6GR,34.6,32832,2026-04-06 10:45:00
TXN_2828,5KRSZ4EV,60.88,30700,2026-01-28 00:58:00
TXN_210,DPSPHD9Z,55.82,17428,2026-04-02 14:03:00
TXN_3835,IYW7L3Y8,14.68,35044,2026-02-04 16:00:00
TXN_2690,B0DEP95A,42.52,43697,2026-03-15 16:41:00
TXN_3730,S40FFVNW,44.62,31491,2026-02-10 19:44:00
TXN_3370,WYW4EFN5,67.64,28379,2026-01-06 21:39:00
TXN_4072,TGEPA3TC,75.46,39976,2026-01-15 08:34:00
TXN_4563,VMXJYNWV,16.94,13948,2026-04-01 00:08:00
TXN_1655,T0H1WE4I,37.15,20721,2026-04-13 03:37:00
TXN_1268,77VIHYFC,86.9,18509,2026-04-24 08:26:00
TXN_1244,52UROXOR,44.58,16156,2026-04-19 04:44:00
TXN_2327,Q87CPZHW,102.33,36744,2026-01-22 16:55:00
TXN_4949,40TAT9B4,38.57,19338,2026-02-25 03:38:00
TXN_3995,5X8LNFYL,31.86,28789,2026-02-11 20:46:00
TXN_4364,GTA3ZMGP,22.81,12610,2026-03-10 16:56:00
TXN_2675,7KSIFGS9,75.14,23457,2026-04-15 07:40:00
TXN_3034,RUZVOXV8,15.98,25781,2026-01-30 15:53:00
TXN_2331,63IJMRG4,12.82,43976,2026-01-20 14:22:00
TXN_560,MPW71D8F,29.87,13884,2026-04-17 17:46:00
TXN_3798,WWE3KBYW,77.01,16627,2026-01-24 12:06:00
TXN_4970,3J33T0ZY,28.2,45670,2026-01-25 07:15:00
TXN_1275,Z65INTH1,49.28,43687,2026-02-24 02:26:00
TXN_3540,5CED8G0R,112.27,38885,2026-01-15 13:43:00
TXN_784,BBWM0C42,38.3,26066,2026-04-03 23:33:00
TXN_3341,KHWJW3LD,60.97,31950,2026-03-06 18:15:00
TXN_3323,BKCOS8Z6,42.21,38713,2026-02-21 20:30:00
TXN_1551,QLZFVXK7,37.52,25339,2026-02-20 09:43:00
TXN_2161,ILM9WY48,76.54,10861,2026-02-13 15:08:00
TXN_1554,IP5XLJH6,82.33,32281,2026-01-13 11:21:00
TXN_2066,F5G39VJ4,26.96,14380,2026-01-19 19:31:00
TXN_3408,CRZ46IZ6,76.28,49992,2026-03-28 09:19:00
TXN_1939,LVG9I8F1,72.51,19990,2026-03-08 04:02:00
TXN_553,AW0NA8Y6,85.23,25006,2026-02-12 08:40:00
TXN_2434,ZFDMBVKN,22.77,20943,2026-01-31 13:05:00
TXN_1821,4RUIGRG7,30.95,25173,2026-01-01 23:45:00
TXN_3764,8SWLI7HB,74.73,22958,2026-03-28 11:20:00
TXN_4592,21UZP6RW,38.39,39070,2026-02-27 06:30:00
TXN_4315,WJ2UBVYZ,96.55,14880,2026-02-11 07:50:00
TXN_4297,5VO9LC6K,46.38,36490,2026-01-18 03:31:00
TXN_3319,RAL4HVGY,91.3,26795,2026-02-07 21:26:00
TXN_4379,0NY7NNVI,47.45,30376,2026-02-04 02:13:00
TXN_1360,XHCD6EJ6,69.13,43378,2026-04-10 11:28:00
TXN_401,Z1RGZSMZ,28.27,10603,2026-01-12 17:00:00
TXN_2060,Z2NE8WDM,67.34,17470,2026-02-10 22:49:00
TXN_4705,X53OTOXX,52.06,38441,2026-04-30 04:18:00
TXN_592,QABTQZLU,44.01,38465,2026-01-09 12:51:00
TXN_3148,JKZWE46Q,16.33,26512,2026-03-21 19:21:00
