vin,service_date,service_type
L6Y8NC95,2026-03-07,Brake Inspection
JDQNVVMM,2026-07-02,Battery Replacement
PFKJM0G4,2026-12-23,Battery Replacement
0L0B2T3T,2026-01-30,Battery Replacement
1LQE43NR,2026-10-27,Tire Rotation
MAFM8SJE,2026-04-27,Battery Replacement
E8XKM2VY,2026-08-28,Full Service
WNEN1FBG,2026-06-06,Brake Inspection
2LECLCJN,2026-06-28,Brake Inspection
S9OXXBD7,2026-01-14,Full Service
YOYWFMKU,2026-09-16,Tire Rotation
INVALID_9563,2026-05-10,Oil Change
UQHC5FLD,2026-07-21,Battery Replacement
TJ41XVLV,2026-01-17,Tire Rotation
JZY7PQ3I,2026-02-22,Battery Replacement
VFL9HNEN,2026-06-02,Brake Inspection
LY83EKY8,2026-04-02,Full Service
N9ANDK08,INVALID_DATE,Brake Inspection
QTO7PHNN,2026-04-01,Brake Inspection
FB7OK6WN,2026-01-21,Oil Change
KRZV8C2D,2026-10-05,Brake Inspection
YU5EW47Z,2026-03-16,Oil Change
OKHCQ1BT,2026-07-22,Tire Rotation
FHVRM2W7,2026-06-28,Oil Change
WCRACDPY,2026-07-23,Tire Rotation
JSY22MRA,2026-04-24,Full Service
KWYRDV59,2026-01-21,Battery Replacement
CABCKRP7,2026-02-22,Tire Rotation
QK4F0U4R,2026-04-26,Oil Change
IZID7TVT,2026-08-13,Brake Inspection
U3H8NTNW,2026-01-17,Oil Change
UAIKBGDZ,2026-07-01,Brake Inspection
YRB9OS43,2026-09-24,Brake Inspection
8K5UCUM3,2026-03-20,Brake Inspection
5V7KOSC4,2026-08-16,Battery Replacement
ILMK0UGI,2026-10-21,Brake Inspection
UZG4K7L4,2026-04-09,Engine Overhaul
KMYW2282,2026-03-18,Engine Overhaul
0AE7LRIF,2026-01-03,Tire Rotation
D2DWN8NM,2026-09-23,Oil Change
215S7MYJ,2026-10-25,Oil Change
INVALID_4269,2026-05-10,Oil Change
PZ17UWKW,2026-07-14,Battery Replacement
YQGG5RO8,2026-06-10,Oil Change
8G5UACAO,2026-06-15,Tire Rotation
NZCEI996,2026-05-09,Engine Overhaul
CH7JVVGF,2026-03-28,Oil Change
30A91I14,2026-10-28,Full Service
2Y6EZFO1,2026-07-20,
GGN69WKW,2026-10-17,Full Service
T6ARMB63,2026-01-18,Tire Rotation
HVC3FPNF,2026-10-12,Tire Rotation
HGTL0NIV,2026-07-02,Engine Overhaul
0CV5BB1H,2026-02-09,Battery Replacement
OPMXI56N,2026-05-22,Oil Change
NIUMXZYN,2026-01-31,Brake Inspection
MJDGV015,2026-12-31,Full Service
1NYLVP4M,2026-08-25,Tire Rotation
2XODGGYP,2026-09-12,Brake Inspection
2EYNI75T,2026-10-28,Oil Change
53KZ25WE,2026-04-10,Engine Overhaul
270XD9XG,2026-07-20,Engine Overhaul
1F0N1H2T,2026-04-24,Battery Replacement
04LFX6WR,2026-11-07,Oil Change
JTVAEEC6,2026-12-22,Engine Overhaul
YH01GB6K,2026-02-16,Oil Change
KGBKDUDE,2026-03-31,Brake Inspection
UXVKFW4M,2026-03-22,Engine Overhaul
9R63GKWZ,2026-09-13,Brake Inspection
B00QKSRB,2026-06-02,Battery Replacement
1E2MPN50,2026-04-18,Engine Overhaul
P5914A8F,2026-01-25,Engine Overhaul
DHPCII26,2026-07-12,Full Service
HRYBH9G5,2026-05-11,Battery Replacement
DSYNDAXD,2026-02-13,Oil Change
ARJZMLGQ,2026-10-28,Brake Inspection
68SDNWZS,2026-08-12,Brake Inspection
C1BSBUWD,2026-12-30,Battery Replacement
FVMIVLBJ,2026-07-25,Engine Overhaul
VY9QMQOO,2026-09-24,Engine Overhaul
5Y3O28A2,2026-03-04,Tire Rotation
B559WJ7Y,2026-11-05,Engine Overhaul
2ZQPGKW3,2026-10-26,Tire Rotation
YZHF1LCU,2026-04-20,Oil Change
H5F7XMO1,2026-06-15,Tire Rotation
4JXOVQVL,2026-08-29,Oil Change
UDGD8LAB,2026-02-17,Brake Inspection
INVALID_4354,2026-05-10,Oil Change
ZSJ6IGHY,2026-10-28,Oil Change
YZZ6I2XJ,2026-06-05,Oil Change
MBBNO1UY,2026-11-26,Full Service
GYDI72L0,2026-09-27,Oil Change
MIYYK50X,2026-06-17,Battery Replacement
ROD5U12M,2026-02-28,Oil Change
X1UWDIOW,2026-01-10,Full Service
S1P03RBN,2026-12-14,Engine Overhaul
V2171LVQ,2026-06-23,Tire Rotation
F52QD1YT,2026-06-30,Engine Overhaul
99VQP42K,2026-09-03,Battery Replacement
PNEM7RW3,2026-07-16,Full Service
OQ2ISNWP,2026-04-06,Full Service
1CTEVX8U,2026-08-14,Full Service
Z30XFB7T,2026-05-26,Brake Inspection
YWSAJJZC,2026-02-25,Tire Rotation
7X6441OL,2026-09-24,Tire Rotation
DUZIRML3,2026-01-18,Oil Change
V5NHSGBZ,2026-07-20,
QFC74XLP,2026-06-09,Battery Replacement
IXTAX9Z6,2026-01-26,Engine Overhaul
1YE2O54R,2026-01-16,Tire Rotation
PURVV9Q9,2026-05-03,Oil Change
PAGVEB8B,2026-07-20,
E55CCSAR,2026-09-25,Oil Change
BPOL6O19,2026-09-01,Engine Overhaul
0SGV7D66,2026-12-19,Oil Change
CUVD0335,2026-10-26,Full Service
Y61T7D02,2026-12-26,Brake Inspection
W96MQHB5,2026-05-14,Oil Change
KHVBAKLT,2026-10-15,Full Service
VF90K5RL,2026-02-25,Tire Rotation
AQHID7UJ,2026-05-11,Engine Overhaul
COFTQ5QS,2026-06-30,Engine Overhaul
ODM9I754,2026-12-20,Tire Rotation
6YFZ8G3O,2026-09-15,Full Service
G376UWDP,2026-02-06,Brake Inspection
2KXG2KWS,2026-12-17,Engine Overhaul
KF1GO3VS,2026-05-13,Full Service
6QYVIWYF,2026-08-09,Brake Inspection
E1O0HD5A,2026-01-10,Tire Rotation
DR4ELXZ0,2026-08-20,Brake Inspection
PNB9R7QB,2026-06-12,Oil Change
A5NHJX0K,2026-05-07,Brake Inspection
ZWYI2JJS,2026-05-19,Engine Overhaul
MZ4E0F2Q,2026-07-20,Battery Replacement
7NECO346,2026-05-15,Engine Overhaul
HY5D2UUY,2026-03-14,Battery Replacement
5QJ7J62Y,2026-06-24,Engine Overhaul
8QMNF92R,2026-03-29,Oil Change
C1TVNX22,2026-08-08,Brake Inspection
7TYNTP7O,2026-10-27,Battery Replacement
CH7RUOGN,2026-02-10,Engine Overhaul
RIUEA6DZ,2026-04-28,Full Service
578H0IR5,2026-04-27,Engine Overhaul
E17QZEOA,2026-08-08,Oil Change
67PPUPLX,2026-11-01,Engine Overhaul
HSH0POGE,2026-08-01,Engine Overhaul
OR2DUDG1,2026-01-13,Oil Change
RV5FVQTM,2026-01-23,Tire Rotation
3CAPE8VR,2026-03-15,Engine Overhaul
2WPLMG0V,2026-02-02,Full Service
4NDEVSA8,2026-12-03,Brake Inspection
E2NEM51P,2026-03-21,Engine Overhaul
CJ4L91UB,2026-03-01,Engine Overhaul
Z5HBZCG6,2026-12-17,Brake Inspection
FJ65F14C,2026-09-23,Battery Replacement
YV744KXF,2026-04-20,Engine Overhaul
M6ETLJE0,2026-01-11,Full Service
41DTA64E,2026-03-07,Brake Inspection
HDSTQA1W,2026-09-08,Battery Replacement
INVALID_4408,2026-05-10,Oil Change
PYS3LXYX,2026-11-05,Brake Inspection
EFPNLOTD,2026-06-15,Tire Rotation
6NB63ZF7,2026-04-14,Oil Change
1RQ7SWXE,2026-10-13,Oil Change
G6UTVZFL,2026-08-18,Tire Rotation
9VSRQCZ8,2026-12-22,Oil Change
Z56C71ST,2026-09-16,Full Service
E444JGUN,2026-04-11,Oil Change
NKGV4T6D,2026-09-02,Battery Replacement
0YM7N6PM,2026-05-20,Full Service
991E47AF,2026-11-29,Engine Overhaul
Y52T3E95,2026-07-19,Battery Replacement
R3O9GD3G,2026-12-21,Engine Overhaul
LUCC2PVC,2026-11-14,Full Service
7MSJBJJJ,2026-04-01,Oil Change
8HWF4IA7,2026-03-07,Oil Change
82AYHG4C,2026-08-27,Battery Replacement
DC3RSIXB,2026-09-24,Engine Overhaul
AQ9G2RGH,2026-01-17,Battery Replacement
PB2UD1N0,2026-03-01,Engine Overhaul
6UZSDD0I,2026-12-06,Engine Overhaul
RCTQAME0,2026-10-10,Full Service
CPAIOLNT,2026-07-27,Brake Inspection
QSJHHI6K,2026-03-16,Brake Inspection
UUZ1YM1X,2026-07-03,Battery Replacement
ILO8EZMP,2026-11-06,Full Service
72FYBUOW,2026-09-30,Battery Replacement
ITQJP55H,2026-02-07,Tire Rotation
XBTYID1R,2026-08-14,Full Service
00ZM8VUB,2026-04-16,Oil Change
V2PJHRY9,2026-05-31,Battery Replacement
GBPBVOBF,2026-11-12,Brake Inspection
A9ZFIU6W,2026-11-26,Oil Change
4Y4U7JVT,2026-10-11,Brake Inspection
14DD9T02,2026-09-28,Battery Replacement
81LQ8270,2026-06-15,Tire Rotation
ROR69K8E,2026-01-14,Brake Inspection
8BABPAFY,2026-06-28,Tire Rotation
SKJ8MQKG,2026-12-10,Tire Rotation
IIRCSRFN,2026-09-17,Brake Inspection
AVMB1AOL,2026-03-22,Engine Overhaul
MWH7VHKK,2026-11-05,Tire Rotation
8UVN7IA0,2026-05-12,Brake Inspection
LWLQM2K8,2026-06-14,Full Service
Z0USSHV4,2026-07-11,Tire Rotation
23D636IN,2026-04-01,Engine Overhaul
Q4LU9LHA,2026-10-15,Battery Replacement
7F0FG1DL,2026-07-11,Oil Change
00OU4U6Q,2026-02-24,Oil Change
P2P8R1KK,2026-12-09,Tire Rotation
K8PK9R9V,2026-08-17,Brake Inspection
MX0XNEVC,2026-10-14,Brake Inspection
DPSD21GL,2026-06-22,Brake Inspection
BFOJEIX6,2026-11-23,Oil Change
M33QLCDJ,2026-11-30,Battery Replacement
AUROYLVR,2026-04-17,Full Service
9PO2IJZD,2026-06-15,Tire Rotation
E1NV1A5I,2026-01-16,Tire Rotation
BKYULEYT,2026-07-05,Engine Overhaul
RHSV072X,2026-06-15,Engine Overhaul
GN2O44AU,2026-06-21,Brake Inspection
KR95HNGF,2026-09-06,Battery Replacement
974OBBC0,2026-05-25,Engine Overhaul
YTBJ1PQJ,2026-04-03,Oil Change
PZAZYGIA,2026-08-10,Tire Rotation
QCEN8ZTN,2026-03-07,Full Service
K9A8H92F,2026-06-05,Oil Change
ZXZVJZ8R,2026-06-15,Tire Rotation
B3AW2I00,2026-05-20,Engine Overhaul
N1VY2VYG,2026-04-24,Tire Rotation
Q3D9DJBT,2026-06-12,Oil Change
PDXXH1HW,2026-08-03,Tire Rotation
5TT1QRIC,2026-06-28,Brake Inspection
9P83SL5I,2026-01-14,Engine Overhaul
7O1KWRS0,2026-04-25,Full Service
3OYYND8Y,2026-08-28,Full Service
XRP9AXEA,2026-05-10,Brake Inspection
NIQJ4E6W,2026-05-02,Brake Inspection
JR41RCSY,2026-09-06,Engine Overhaul
YJ09ZIP8,2026-05-03,Engine Overhaul
HXCMBSRF,2026-08-24,Brake Inspection
9V2FKW92,2026-08-19,Tire Rotation
MQG2Q7G1,2026-06-16,Battery Replacement
FGBRL0EZ,2026-03-21,Battery Replacement
UE990SUA,2026-01-12,Engine Overhaul
5L1JN3MH,2026-12-06,Brake Inspection
BUMD9JV0,2026-05-08,Full Service
EW9J7E93,2026-08-22,Battery Replacement
ZOFCZ8KA,2026-01-18,Full Service
BES2SSXM,2026-02-22,Battery Replacement
EJBSGR9J,2026-04-15,Engine Overhaul
0JBJENYU,2026-10-26,Tire Rotation
NEQX7WZB,2026-09-21,Brake Inspection
A5WK44A8,2026-03-20,Tire Rotation
2RAMAF1Q,2026-11-18,Full Service
W0OKT8ZU,2026-07-15,Tire Rotation
9P742ANJ,2026-09-26,Oil Change
HQVZVAQE,2026-01-28,Battery Replacement
U6RINBIN,2026-06-10,Full Service
DKC7CHEB,2026-01-27,Engine Overhaul
1G6YE9Q3,2026-10-06,Brake Inspection
EJ2LSOKY,2026-05-24,Full Service
Y5T8GEKS,2026-06-14,Engine Overhaul
JFR63JLC,2026-10-22,Oil Change
JZ16UG7M,2026-04-14,Battery Replacement
8NW1I7RC,2026-04-22,Tire Rotation
0GQHWKL9,2026-05-04,Engine Overhaul
W9MBEKSI,2026-02-16,Brake Inspection
DOEZEKPY,2026-06-30,Battery Replacement
XO652EF9,2026-08-19,Full Service
66DDZN0E,2026-06-05,Engine Overhaul
PYKZX406,2026-04-26,Tire Rotation
6DNDHXGT,2026-04-15,Tire Rotation
NTWRGK2R,2026-11-04,Tire Rotation
82F3QL55,2026-10-14,Full Service
Z099P3TP,2026-04-25,Tire Rotation
1ZJ4LKP9,2026-09-14,Battery Replacement
2AB6OLJ1,2026-07-20,
N04TTMQ4,2026-06-15,Engine Overhaul
KVB747NL,2026-11-04,Brake Inspection
8PBXKF2C,2026-09-03,Oil Change
ZIR5Y1LU,2026-08-28,Tire Rotation
PXST4BY6,2026-02-21,Full Service
UW3PFLPK,2026-06-01,Full Service
9DD7L7VZ,2026-02-13,Full Service
DTN8Y8VY,2026-12-21,Engine Overhaul
TBOCZ35A,2026-02-12,Full Service
2XFU5KJS,2026-09-03,Battery Replacement
KK3F35US,2026-08-12,Battery Replacement
PU0X46F3,2026-10-08,Battery Replacement
34P3VRJU,2026-05-15,Engine Overhaul
CH9GKUXA,2026-11-05,Tire Rotation
ZGXE9CDO,2026-05-27,Battery Replacement
8G0CWYR3,2026-09-11,Brake Inspection
INVALID_8125,2026-05-10,Oil Change
VU4YV0Y8,2026-01-30,Engine Overhaul
RTZQUHU6,2026-08-02,Full Service
J7S15PGP,2026-08-23,Full Service
5IGBG89Y,2026-07-23,Battery Replacement
PSK51JCE,2026-11-14,Engine Overhaul
ONI32N9V,2026-06-14,Oil Change
G2CA87RA,2026-10-12,Battery Replacement
1T3QOCN9,2026-11-23,Oil Change
LMWR78MB,2026-06-06,Tire Rotation
AMT8XT81,2026-07-18,Engine Overhaul
O09BB5W5,2026-01-05,Full Service
PHYA1WIZ,2026-01-18,Brake Inspection
Q8CANQKM,2026-04-15,Oil Change
NK36KGP6,2026-03-16,Brake Inspection
8FG7XUHF,2026-09-25,Battery Replacement
MR2E7PZK,2026-04-07,Full Service
PJ91A9EO,2026-11-24,Brake Inspection
59PEZ38F,2026-05-30,Tire Rotation
U5HHQD8F,2026-02-20,Battery Replacement
0RRSQJ6L,2026-04-04,Oil Change
A4UBR2K9,2026-06-26,Brake Inspection
L33YOQNA,2026-03-12,Engine Overhaul
SBD5QP54,2026-07-17,Oil Change
TIFSBYTB,2026-03-12,Engine Overhaul
41FJEVZR,2026-09-05,Oil Change
WPZO2IBM,2026-11-21,Oil Change
XGWOQF2Z,2026-11-15,Battery Replacement
DOFDVVDK,2026-08-19,Brake Inspection
MONW9HZN,2026-11-15,Engine Overhaul
5TJP602K,2026-01-10,Engine Overhaul
OQ2L1P7K,2026-07-22,Battery Replacement
LE2GO6QU,2026-07-14,Brake Inspection
FZETUT38,2026-05-14,Oil Change
U81PJVOO,2026-09-17,Oil Change
7UTDTAC3,2026-08-05,Engine Overhaul
YDZ9MSZD,2026-11-17,Full Service
NSOWHTL9,2026-12-25,Full Service
S71XORMP,2026-01-29,Battery Replacement
NETN5E7G,2026-12-10,Tire Rotation
NJ1HGVNI,2026-02-26,Brake Inspection
6Y7RWNZK,2026-02-03,Oil Change
ZJ2O1J6R,2026-06-06,Engine Overhaul
AWPVHX2A,2026-10-13,Tire Rotation
R2QZJVUW,2026-08-07,Engine Overhaul
M9KS5ZEF,2026-12-09,Brake Inspection
65T3B7YA,2026-11-20,Tire Rotation
AU2N7K9B,2026-11-30,Oil Change
ZKDHW6L2,2026-11-08,Full Service
L346ZEQW,2026-07-02,Battery Replacement
K0Y37JWD,2026-12-31,Oil Change
ZTJ55Z9M,2026-02-15,Full Service
CPG3KTNY,2026-02-26,Tire Rotation
56ULJ28L,2026-06-05,Engine Overhaul
52U7YEVR,2026-09-05,Brake Inspection
LYWBN02C,2026-02-08,Oil Change
P6N70CDE,2026-07-08,Tire Rotation
CKD7A6R0,2026-02-23,Battery Replacement
9Y7UGC2F,2026-08-25,Brake Inspection
56LAHUEP,2026-06-05,Full Service
QKJM3EFL,2026-11-22,Oil Change
O5AVMPLK,2026-02-16,Engine Overhaul
J6I41O2Q,2026-11-20,Full Service
BYLC5JIT,2026-04-12,Full Service
P2GS3MU4,2026-04-14,Battery Replacement
LKKIKSTM,2026-08-03,Brake Inspection
KAH4T4H2,2026-12-23,Oil Change
G6SI2SGO,2026-05-20,Tire Rotation
ULOWJ48K,2026-06-19,Tire Rotation
GFIN4RI9,2026-04-12,Full Service
CDV01K5F,2026-01-13,Full Service
2K3OA0SC,2026-08-17,Brake Inspection
5K4UYV6C,2026-06-23,Brake Inspection
HWB0QFA1,2026-12-02,Engine Overhaul
K58AW10E,2026-10-14,Brake Inspection
OPEQLH5Q,2026-12-03,Battery Replacement
CUTZ29O9,2026-04-18,Oil Change
N68BDH5G,2026-12-07,Oil Change
PR42LM6P,2026-02-15,Tire Rotation
D9KPA8AS,2026-02-27,Oil Change
DSXSO0G0,2026-04-08,Brake Inspection
4ZQEUPWB,2026-06-15,Tire Rotation
A2DTHHJ5,2026-01-29,Tire Rotation
WCGNHZBM,2026-02-23,Tire Rotation
MN6SKHL8,2026-04-21,Brake Inspection
Y8XU65ZL,2026-09-10,Oil Change
LJ6PZ60Y,2026-04-28,Tire Rotation
G59JQ8AY,2026-06-22,Engine Overhaul
7K4RD6MD,2026-07-21,Battery Replacement
MWUSI7MW,2026-06-22,Full Service
EVE3UE5R,2026-08-18,Engine Overhaul
0SK7DC8F,2026-05-21,Battery Replacement
SVQWQWQS,2026-07-07,Battery Replacement
9BIKZNTQ,2026-08-07,Engine Overhaul
C0O7RQ6Z,2026-06-12,Brake Inspection
FGRNHAFJ,2026-07-23,Full Service
5RCK9G6E,2026-11-01,Oil Change
EU350303,2026-10-04,Brake Inspection
65Z6334H,2026-06-10,Battery Replacement
KWBMP866,2026-09-06,Battery Replacement
IJLOBMH0,2026-06-27,Tire Rotation
88CCPP3H,2026-10-30,Full Service
SCRBTKM2,2026-02-03,Full Service
QTP2PFRU,2026-06-07,Engine Overhaul
MHSBQ0OQ,2026-04-27,Tire Rotation
NNBALPWC,2026-06-08,Engine Overhaul
RY8HP8ES,2026-03-09,Battery Replacement
7MZR1RHB,2026-11-14,Tire Rotation
KZ428SG8,2026-02-28,Engine Overhaul
EMUJO1US,2026-12-14,Full Service
316RGKR6,2026-02-27,Oil Change
33P9DI23,2026-11-01,Battery Replacement
ICCC9UHE,2026-08-25,Full Service
SVEEZUYD,2026-01-31,Brake Inspection
7H60IHEQ,2026-09-27,Brake Inspection
Q4Q1E5XY,2026-08-19,Engine Overhaul
HDNFQET6,2026-10-20,Tire Rotation
7Q2XIOPA,2026-10-19,Brake Inspection
UOOSRE57,2026-06-05,Engine Overhaul
GRG3XIQE,2026-08-27,Oil Change
JGMP6M07,2026-10-05,Full Service
E3PUQY9G,2026-06-23,Full Service
G3AX6XLP,2026-04-13,Oil Change
2HHMH3GF,2026-10-29,Battery Replacement
M9OT7NAL,2026-10-17,Full Service
VTU14M47,2026-11-11,Brake Inspection
P36TI2J3,2026-08-08,Oil Change
URZLLMJ4,2026-10-05,Full Service
VHZIO7IE,2026-06-16,Full Service
IYNVXCYK,2026-05-17,Battery Replacement
86EQK5T8,2026-08-29,Engine Overhaul
CWUF3BCI,2026-03-24,Tire Rotation
L523OSJ2,2026-05-16,Oil Change
OD4HZDI4,2026-07-24,Full Service
RNET3Y89,2026-07-01,Battery Replacement
ASTMWLNX,2026-12-02,Tire Rotation
O0L1YN4F,2026-09-20,Brake Inspection
XNU4M1PO,2026-05-25,Tire Rotation
BWKABAYY,2026-01-08,Full Service
0CQBE3QY,2026-11-03,Engine Overhaul
052FBTED,2026-01-17,Battery Replacement
30KZO0WP,2026-10-05,Full Service
RK7SMH8G,2026-08-22,Tire Rotation
227QIE20,2026-09-05,Brake Inspection
W2H6RSXW,2026-06-26,Full Service
5KZRTX3O,2026-05-26,Full Service
969MP0CR,2026-05-17,Engine Overhaul
UPRJ5AC3,2026-03-24,Brake Inspection
XDVOSJ2Z,2026-06-27,Engine Overhaul
2A45JNBM,2026-03-26,Battery Replacement
H4G5G6RB,2026-10-31,Full Service
O4A5JJF7,2026-11-10,Engine Overhaul
R8JNGIHW,2026-06-14,Tire Rotation
1A5A5LG9,2026-01-08,Brake Inspection
PUW9X74T,2026-02-17,Tire Rotation
N8VW1HNE,2026-09-05,Brake Inspection
R2Q9V7Q3,2026-12-26,Full Service
N8HN6TRJ,INVALID_DATE,Brake Inspection
D74LQM8A,2026-03-24,Full Service
K95NPAN3,2026-04-19,Tire Rotation
NOYOT87O,2026-04-05,Engine Overhaul
34B22COU,2026-04-04,Battery Replacement
9R12OAUY,2026-12-20,Brake Inspection
7FJYM79P,2026-01-13,Full Service
U8WTLLHC,2026-10-26,Brake Inspection
N04TTMQ4,2026-06-15,Tire Rotation
RXOLBUP1,2026-04-09,Brake Inspection
7FPD2CA4,2026-10-08,Oil Change
HVDPKLVH,2026-11-23,Brake Inspection
KJEYGG7Q,2026-11-23,Battery Replacement
ZA6T7RAK,2026-09-18,Tire Rotation
JXRRMU2S,2026-03-21,Full Service
VDRFPCLR,2026-03-19,Tire Rotation
O831E37O,2026-11-16,Oil Change
3XJM3FHC,2026-04-04,Oil Change
UQPA9RFB,2026-05-21,Brake Inspection
3QL1B64D,2026-05-27,Battery Replacement
FVC0K7LG,2026-10-06,Oil Change
DKR8RZAJ,2026-09-01,Engine Overhaul
6X6SE2FR,2026-10-09,Engine Overhaul
L2VTIFLZ,2026-05-28,Brake Inspection
RSJH0CC3,2026-01-01,Oil Change
85MOJG2H,2026-06-18,Oil Change
YIJ8G3MV,2026-05-10,Tire Rotation
OCE29EWT,2026-10-30,Full Service
ITKW87BV,2026-03-15,Full Service
MIT97WXI,2026-10-13,Brake Inspection
K8TDDRQP,2026-08-29,Battery Replacement
INVALID_3143,2026-05-10,Oil Change
UU474XSD,2026-10-22,Oil Change
XSOK8Q1R,2026-06-06,Tire Rotation
JQWG310J,2026-09-17,Oil Change
QYBZWQXT,2026-08-05,Oil Change
PO8XF329,2026-04-26,Brake Inspection
ZGQTCQ3W,2026-07-17,Oil Change
OPIL5GZE,2026-11-22,Brake Inspection
FLJYEURH,2026-04-26,Brake Inspection
2ABH8B7Y,2026-04-18,Oil Change
6OK8PH41,2026-01-30,Battery Replacement
A1U6ANGO,2026-04-25,Engine Overhaul
0BN8GBIP,2026-06-09,Engine Overhaul
XTKDD1KT,2026-07-13,Battery Replacement
0TUFDUP0,2026-10-30,Brake Inspection
71QAT2VT,2026-04-08,Battery Replacement
3KSYYTIB,2026-12-01,Full Service
TZESQ88C,2026-06-15,Tire Rotation
G2A7MVC3,2026-08-17,Full Service
28QQTVFP,2026-03-05,Full Service
FSLBHQHF,2026-12-06,Engine Overhaul
3AEUZL1R,2026-10-09,Brake Inspection
DLMY97K2,2026-01-05,Full Service
BZWC6LV9,2026-03-18,Battery Replacement
WDPD26JM,2026-01-03,Engine Overhaul
VBSX8F2F,2026-12-20,Brake Inspection
C6EBCPIO,2026-09-16,Brake Inspection
9XA2ERGA,2026-07-27,Engine Overhaul
STMJN4R8,2026-10-19,Brake Inspection
SXPLGX9D,2026-03-16,Tire Rotation
6I90UE7T,2026-07-01,Engine Overhaul
HU8MC4QR,2026-02-01,Engine Overhaul
4I8CJOMQ,2026-01-09,Brake Inspection
GRZVFWAI,2026-10-26,Battery Replacement
1UKDHI8N,2026-05-31,Full Service
THUC602E,2026-09-14,Engine Overhaul
3O692OUS,2026-03-24,Tire Rotation
N8LHB21N,2026-01-08,Oil Change
F9F7O4UB,2026-05-24,Battery Replacement
5LPFHEVB,2026-02-03,Tire Rotation
H2CXJ6DE,2026-08-29,Tire Rotation
ORAOHFXS,2026-10-16,Oil Change
MQWF3RYB,2026-11-09,Engine Overhaul
AOF2UIRH,2026-01-24,Tire Rotation
T7ID6C1B,2026-05-23,Tire Rotation
KSDZRONK,2026-02-10,Oil Change
TV85DD9E,2026-07-16,Oil Change
A9YJ4EEF,2026-02-20,Tire Rotation
GHGBG46R,2026-06-20,Brake Inspection
W4RHTXQQ,2026-10-10,Engine Overhaul
BQYSM3S7,2026-01-25,Engine Overhaul
4E54BIL0,2026-07-23,Oil Change
H70O8TTU,2026-01-13,Brake Inspection
5ZL4TTIM,2026-06-30,Tire Rotation
4HO5AIS7,2026-11-10,Oil Change
FX9S6YW8,2026-09-28,Full Service
QJEDXRAY,2026-03-01,Brake Inspection
CPNG4VKK,2026-08-16,Oil Change
BMX7G12P,2026-04-21,Oil Change
P65NJ8V3,2026-05-07,Battery Replacement
VXJOUQQ5,2026-03-17,Engine Overhaul
ZI7CTQD1,2026-12-30,Tire Rotation
SVGWXSXF,2026-09-19,Battery Replacement
8ECTKVZC,2026-05-03,Tire Rotation
CARSAH8J,2026-11-17,Engine Overhaul
A24DEJJP,2026-03-19,Oil Change
RZPGDLST,2026-12-20,Brake Inspection
MMEZZ65I,2026-01-16,Brake Inspection
NTFHZN8U,2026-07-10,Tire Rotation
3RG61IIJ,2026-06-15,Tire Rotation
ZXOVZGA6,2026-06-24,Tire Rotation
M1U9H7YS,2026-07-17,Full Service
ZVNA93G3,2026-10-19,Battery Replacement
8620CADS,2026-04-08,Engine Overhaul
JMMBPU66,2026-06-15,Tire Rotation
QYE05KRV,2026-09-13,Brake Inspection
6N5C6T40,2026-10-28,Engine Overhaul
WL240TJ4,2026-07-09,Battery Replacement
N6YYGIMY,2026-06-15,Tire Rotation
5YDPDZ35,2026-09-29,Battery Replacement
M6DSU1V8,2026-12-14,Brake Inspection
4EKDJ1W2,2026-01-02,Oil Change
HWQ6JRIU,2026-03-20,Full Service
OW1049LV,2026-12-02,Oil Change
U79PUB8T,2026-01-30,Full Service
37ELWANQ,2026-08-21,Battery Replacement
6ZBQ3ATF,2026-02-25,Full Service
HJF3V9ZV,2026-01-24,Full Service
R96DOZDM,2026-03-23,Battery Replacement
2IM820Y0,2026-07-14,Engine Overhaul
HE2TQL70,2026-08-23,Battery Replacement
6VACI3GC,2026-06-28,Engine Overhaul
27PR38K1,2026-05-11,Oil Change
KOUW6AIY,2026-02-21,Battery Replacement
CQAS07RQ,2026-04-29,Full Service
TOIXCALX,2026-01-22,Oil Change
OAP6U97L,2026-03-02,Full Service
T141SZ3F,2026-04-01,Full Service
CDNPY1J2,2026-11-02,Engine Overhaul
JNB4QGDP,2026-12-04,Tire Rotation
ETMJQH7L,2026-03-26,Brake Inspection
6L2FHNTP,2026-04-28,Full Service
6C9YV84C,2026-06-22,Engine Overhaul
2G1Q2C4T,2026-12-03,Brake Inspection
UW58T31W,2026-07-29,Battery Replacement
UEY07WJ9,2026-01-22,Oil Change
OXC902LV,2026-08-07,Brake Inspection
XW8P5TZ8,2026-08-25,Tire Rotation
0VIV73IL,2026-04-14,Brake Inspection
CI8RQMGG,2026-10-28,Oil Change
83T7WD3R,2026-12-22,Battery Replacement
2J9OYJ6S,2026-09-02,Oil Change
WK638DGT,2026-12-05,Brake Inspection
P50UJ7L4,2026-11-17,Battery Replacement
1W86TEO1,2026-09-14,Battery Replacement
6JAIUWYH,2026-08-10,Engine Overhaul
EXJGOS8W,2026-12-24,Full Service
ZJAKJMHN,2026-07-26,Brake Inspection
EJ1B46KG,2026-11-15,Battery Replacement
VXG9ZKRE,2026-08-07,Battery Replacement
S72T3SO6,2026-11-02,Brake Inspection
4GMISU62,2026-10-19,Oil Change
Z1V77TL5,2026-01-20,Engine Overhaul
LF9X57TU,2026-11-11,Battery Replacement
9JO1PMKJ,2026-03-29,Tire Rotation
1ZP4HUUH,2026-06-30,Battery Replacement
8VODE5KY,2026-12-06,Oil Change
OR9ACHOH,2026-10-17,Engine Overhaul
39KW668A,2026-01-29,Tire Rotation
8YXZAK58,2026-04-22,Battery Replacement
MXO2M5S4,2026-06-15,Tire Rotation
XMIP2BWE,2026-07-14,Oil Change
NZHXW8Z2,2026-08-22,Battery Replacement
96G9PHSA,2026-04-07,Battery Replacement
AI718CUH,2026-12-29,Brake Inspection
P5DSJO4J,2026-07-23,Engine Overhaul
D2T3YH26,2026-10-13,Tire Rotation
5RWRWHB8,2026-04-06,Oil Change
ENFLO2AD,2026-04-01,Battery Replacement
5JPZINRA,2026-03-21,Full Service
BMEFM8K5,2026-07-05,Battery Replacement
0MWX6WY7,2026-10-16,Engine Overhaul
QHRRT1YH,2026-07-30,Brake Inspection
DIELI4NQ,2026-09-07,Full Service
YQV7L77E,2026-12-29,Brake Inspection
ZX862TYG,2026-04-21,Full Service
H9FFF7ZW,2026-06-02,Brake Inspection
BXFIXQY7,2026-03-03,Full Service
47YVTLVA,2026-02-05,Engine Overhaul
PSLS3RFL,2026-01-12,Brake Inspection
CZ4B1DG6,2026-02-06,Tire Rotation
77IZOF46,2026-11-01,Battery Replacement
DP21FUWX,2026-02-23,Tire Rotation
ZUKKM8UK,2026-11-12,Battery Replacement
4K2J8BEB,2026-05-04,Battery Replacement
A2WP8AM8,2026-08-08,Engine Overhaul
8IU3VJI5,2026-10-14,Battery Replacement
LC3HUL0V,2026-08-13,Engine Overhaul
G2L52T4U,2026-10-10,Battery Replacement
5ZCRY2EC,2026-05-12,Full Service
Q55YHVHY,2026-03-02,Oil Change
85F9UENQ,2026-07-13,Engine Overhaul
R9PEP16U,2026-06-29,Oil Change
89K12IMA,2026-10-21,Full Service
0HJA8K6W,2026-10-22,Battery Replacement
N0BGYZIS,2026-07-26,Engine Overhaul
KVIVFK9N,2026-01-04,Full Service
Y8WCZ6ES,2026-04-17,Full Service
MLJJC36Q,2026-07-23,Battery Replacement
LZL08BGZ,2026-09-22,Engine Overhaul
TOVOA68W,2026-10-18,Brake Inspection
DXMOQD44,2026-06-27,Engine Overhaul
LSBY8C8D,2026-08-29,Engine Overhaul
0B35DZ81,2026-10-19,Tire Rotation
4IP1I929,2026-05-02,Tire Rotation
6EP7D6B6,2026-05-29,Tire Rotation
R3MCFTJ3,2026-03-27,Brake Inspection
CNNN3HRK,2026-02-20,Tire Rotation
44VHUDXK,2026-05-13,Brake Inspection
I854LMQV,2026-06-08,Brake Inspection
ZWBULFZ3,2026-07-30,Brake Inspection
YAX4WGW5,2026-12-28,Engine Overhaul
MZT8Y5AG,2026-03-18,Full Service
N0S7NFDW,2026-02-04,Engine Overhaul
76G7IDJE,2026-10-11,Battery Replacement
M3NKQI1H,2026-06-08,Tire Rotation
S7O6U3HW,2026-03-30,Brake Inspection
WCLLDZIM,2026-05-28,Brake Inspection
GDCHO8TX,2026-12-20,Tire Rotation
RLAG0V6G,2026-06-02,Full Service
A9ND311H,2026-02-20,Brake Inspection
6ND7KH5Y,2026-03-17,Oil Change
2A00O3HL,2026-07-11,Brake Inspection
MFOF4M6C,2026-09-14,Oil Change
SRODQ97S,2026-08-29,Full Service
DXA40PEV,2026-09-26,Brake Inspection
NJIO7DZK,2026-03-21,Engine Overhaul
QUJDTV9E,2026-04-10,Engine Overhaul
IC0HD6YY,2026-04-08,Brake Inspection
GLBJ6R2Z,2026-07-24,Tire Rotation
PW8SUFL3,2026-05-28,Brake Inspection
JFP0AYQZ,2026-06-21,Oil Change
8P1U6A9E,2026-04-30,Engine Overhaul
M87BPT1S,2026-01-21,Tire Rotation
YMGSWE39,2026-08-30,Oil Change
ZFINFDET,2026-12-01,Brake Inspection
HOGR18MJ,2026-05-31,Brake Inspection
CV6NO2TK,2026-03-04,Full Service
4OUBZS3P,2026-08-31,Oil Change
0H7JJYPF,2026-05-04,Engine Overhaul
7SR0H71P,2026-09-22,Brake Inspection
YMNSQZR1,2026-11-21,Brake Inspection
QM5ULAQ0,2026-02-21,Brake Inspection
Z5LFN8M3,2026-04-29,Tire Rotation
49IJKM9K,2026-05-30,Full Service
91IA8A9R,2026-05-26,Full Service
GG07Q031,2026-08-04,Brake Inspection
WRTYIEIG,2026-09-19,Full Service
NKY5K0KM,2026-11-16,Full Service
DRV6PQVB,2026-07-26,Full Service
ZE7Y9F92,2026-10-27,Oil Change
KOZ2EK1C,2026-02-16,Oil Change
YN3A1DAT,2026-10-29,Tire Rotation
FJ5DOZ9S,2026-06-30,Tire Rotation
21CNY6RI,2026-09-09,Engine Overhaul
ELBT4VHV,2026-08-11,Battery Replacement
K0ZV5IQC,2026-01-24,Oil Change
QWJT8F2K,2026-03-04,Engine Overhaul
RHSV072X,2026-06-15,Tire Rotation
LVV2BPY6,2026-02-17,Oil Change
I0JBFKIG,2026-03-29,Engine Overhaul
1YND2NJL,2026-09-01,Brake Inspection
R5KBPJMT,2026-06-26,Full Service
670BC54I,2026-11-20,Engine Overhaul
IEBP08UD,2026-09-02,Full Service
1F0WM3OI,2026-01-28,Full Service
3SQVQQEX,2026-11-16,Oil Change
AUBBN3OU,2026-11-02,Engine Overhaul
KFOLSU0B,2026-03-11,Tire Rotation
2I9Z5MKO,2026-04-09,Battery Replacement
427ENZ8W,2026-03-18,Tire Rotation
N8XVQETD,2026-09-22,Full Service
ZDBP43A7,2026-04-18,Oil Change
4XIKS5CN,2026-02-13,Oil Change
EQTWRH01,2026-03-26,Oil Change
TXUEL00F,2026-04-22,Oil Change
SR35LQYH,2026-08-22,Tire Rotation
Z1UDQTVU,2026-09-10,Engine Overhaul
1A6Z6BT0,2026-01-20,Full Service
HLPST1AL,2026-05-26,Battery Replacement
EL2VW563,2026-03-26,Full Service
AOF2UIRH,2026-01-24,Tire Rotation
35QUOPJL,2026-04-18,Engine Overhaul
GNN0PE57,2026-04-22,Full Service
DQDZPJXX,INVALID_DATE,Brake Inspection
KZQFJR2G,2026-01-28,Engine Overhaul
A332J04A,2026-05-28,Battery Replacement
ETOOADQ9,2026-08-13,Tire Rotation
MN77QWWV,2026-03-11,Full Service
TW9P2N83,2026-08-27,Battery Replacement
ZEKQG8WS,2026-06-18,Oil Change
J4ABAS7H,2026-09-09,Full Service
HFOAYQT1,2026-04-17,Battery Replacement
FYB6NQPF,2026-03-31,Tire Rotation
B6OCURLC,2026-12-22,Tire Rotation
EMDB57OW,2026-02-11,Engine Overhaul
LY628QOS,2026-03-14,Battery Replacement
2JSW6Y07,2026-10-06,Oil Change
PHRUIQNB,2026-09-04,Full Service
BWUAQOM2,2026-03-20,Tire Rotation
15KOAKG6,2026-03-23,Engine Overhaul
UUCNHOYJ,2026-05-11,Battery Replacement
CG4ORD3A,2026-08-13,Battery Replacement
YRA0870T,2026-06-13,Engine Overhaul
LSNNO1V0,2026-02-13,Tire Rotation
3RS3JPNZ,2026-11-17,Battery Replacement
ZHJ6U2CN,2026-11-26,Battery Replacement
RUX2NM4X,2026-04-25,Engine Overhaul
A6NB0JO3,2026-02-17,Tire Rotation
VH2I1024,2026-06-24,Brake Inspection
D27LEF1C,2026-11-17,Full Service
XWGNMTLD,2026-02-03,Battery Replacement
GE13TD94,2026-02-08,Tire Rotation
S6XBKPAD,2026-12-19,Oil Change
JXT0GYPE,2026-02-01,Engine Overhaul
I41SARJB,2026-12-03,Full Service
OUAH7CB1,2026-04-29,Engine Overhaul
MGW50U8W,2026-07-30,Brake Inspection
BD6UQ8R9,2026-06-24,Tire Rotation
2QHQBL9Z,2026-04-06,Battery Replacement
WDPD26JM,2026-01-08,Engine Overhaul
PT3VIRPA,2026-12-05,Battery Replacement
Z7TAGCAP,2026-06-13,Engine Overhaul
JJW2C0SS,2026-12-04,Tire Rotation
RYCS9AVI,2026-08-07,Engine Overhaul
NV78GC4A,2026-07-23,Oil Change
HPPK923Z,2026-01-09,Full Service
122YSMB1,2026-07-11,Engine Overhaul
932N8DOJ,2026-07-20,
XI112MYB,2026-06-29,Brake Inspection
SSICPIB0,2026-02-25,Engine Overhaul
6LUFP26W,2026-10-03,Brake Inspection
XX4QFJUA,2026-11-25,Oil Change
APGNH0HG,2026-03-14,Brake Inspection
I77I4X2R,2026-07-13,Tire Rotation
EZHSE6GW,2026-12-16,Tire Rotation
6DVMTWZO,2026-01-21,Engine Overhaul
T2JPLLEN,2026-06-15,Tire Rotation
CMMHXCIL,2026-04-03,Full Service
LXNESTTC,2026-09-15,Tire Rotation
0TKZVG3A,2026-12-23,Engine Overhaul
HGRWHOVY,2026-02-08,Battery Replacement
0QMH8Q1J,2026-01-01,Oil Change
LNM6CP4H,2026-02-26,Full Service
OHYU0C8G,2026-11-27,Brake Inspection
8ANZ8W6E,2026-04-11,Full Service
QD20RT35,2026-09-23,Oil Change
1VCI5990,2026-03-31,Full Service
J25IFZXE,2026-10-14,Brake Inspection
YB6HD764,2026-05-10,Battery Replacement
GWTF3BIE,2026-05-19,Battery Replacement
UXOMAAUV,2026-02-02,Brake Inspection
1IJYRTG1,2026-08-07,Engine Overhaul
2EA3X9CN,2026-10-15,Battery Replacement
W2WGCZTK,2026-09-08,Tire Rotation
722DGZOD,2026-10-20,Engine Overhaul
9KOEQLAK,2026-11-10,Engine Overhaul
PVVWP2O3,2026-08-08,Engine Overhaul
993NY2P3,2026-12-29,Full Service
PDQ4MM23,2026-05-17,Battery Replacement
JY0QJJUH,2026-06-09,Brake Inspection
NV475EKB,2026-05-10,Oil Change
6IAPSGUH,2026-05-09,Engine Overhaul
K8PKZ09U,2026-11-24,Full Service
RVZM6MLU,2026-07-09,Tire Rotation
LQG516NO,2026-01-08,Brake Inspection
3DJ2Y48C,2026-03-03,Brake Inspection
96DDBP2J,2026-05-02,Engine Overhaul
BLHY124A,2026-09-27,Engine Overhaul
3IWR6RX9,2026-04-30,Battery Replacement
2D799Z3B,2026-09-25,Tire Rotation
E4DNJ79E,2026-08-23,Brake Inspection
SD7FQ0AX,2026-09-04,Engine Overhaul
48OCSDX5,2026-03-11,Tire Rotation
LTZD3R45,2026-12-05,Brake Inspection
G1EKXE0O,2026-03-27,Battery Replacement
E3KBSIA4,2026-04-07,Full Service
TVEQ6MT2,2026-05-07,Full Service
3TCG9AKU,2026-12-05,Battery Replacement
JU4RLDTM,2026-12-13,Oil Change
4DN6T21J,2026-04-22,Tire Rotation
8MWTU6EX,2026-05-26,Engine Overhaul
T63VXXMB,2026-05-07,Battery Replacement
KIMG5B08,2026-07-01,Tire Rotation
XX0GDZ7R,2026-08-16,Full Service
J8YT77WB,2026-02-08,Engine Overhaul
YI5ZNIZR,2026-03-13,Battery Replacement
ZKRNFNZ3,2026-07-08,Tire Rotation
PV7JODIA,2026-07-20,
7BNHCGB0,2026-08-13,Full Service
XFYZHI2F,2026-02-27,Brake Inspection
0BQJKUJK,2026-02-19,Brake Inspection
8O5DN91S,2026-09-25,Engine Overhaul
JPD4NG4L,2026-09-24,Oil Change
ZJL0IVBO,2026-06-23,Brake Inspection
CTO0WWMB,2026-07-24,Brake Inspection
XZRXKNKI,2026-04-01,Full Service
816E7T1F,2026-09-10,Battery Replacement
R8X4YM7V,2026-09-18,Tire Rotation
YICVFKVS,2026-04-17,Battery Replacement
1O0N7GOR,2026-07-14,Battery Replacement
O8F1FFV8,2026-06-22,Engine Overhaul
INVALID_3003,2026-05-10,Oil Change
71KGRO3N,2026-12-29,Oil Change
F91113YS,2026-01-04,Tire Rotation
G8Y7DI7S,2026-08-22,Engine Overhaul
Y5LXAF7S,2026-01-21,Full Service
AOOG41RB,2026-09-11,Full Service
FENUTIIJ,2026-12-05,Battery Replacement
NYMWHLKS,2026-04-29,Battery Replacement
4R4C2LTW,2026-02-20,Tire Rotation
PJNHIYW4,2026-09-05,Battery Replacement
8VGSVLKR,2026-02-10,Brake Inspection
SP0XKBHU,2026-06-17,Engine Overhaul
HJZ8SAZ7,2026-01-28,Brake Inspection
E6NSEUMJ,2026-06-13,Tire Rotation
TDH2GME4,2026-04-29,Oil Change
OMFXT7K0,2026-01-31,Full Service
ZP4R8ZGX,2026-04-27,Brake Inspection
E4EQDMP3,2026-03-27,Engine Overhaul
2WQF9HTC,2026-01-06,Full Service
CYT3KKI6,2026-05-03,Battery Replacement
ECO5R6JO,2026-05-03,Tire Rotation
EDC1QGRF,2026-04-04,Full Service
3O692OUS,2026-03-24,Tire Rotation
29J3KAJH,2026-05-15,Tire Rotation
3E6DZB53,2026-06-25,Tire Rotation
83IMMTZ1,2026-07-16,Brake Inspection
4J85U0V7,2026-08-23,Full Service
WKB8BY4R,2026-08-21,Brake Inspection
TNXTD3L2,2026-07-17,Oil Change
F89ZJ65Q,2026-02-28,Oil Change
9QQ1LUQ2,2026-12-15,Engine Overhaul
V4QFZOQQ,2026-12-23,Brake Inspection
YB0O1WVZ,2026-06-08,Brake Inspection
A98W9JMA,2026-10-23,Engine Overhaul
Q9Q8VDJI,2026-03-16,Brake Inspection
O72HGA71,2026-05-27,Brake Inspection
KX2GT2SU,2026-03-11,Full Service
O2YVMA2P,2026-01-29,Battery Replacement
5AJ68ZHW,2026-05-26,Tire Rotation
XJ7N5YEL,2026-02-18,Full Service
BP4ZR321,2026-10-14,Battery Replacement
3AQXT4VU,2026-11-18,Tire Rotation
8QO4IAJE,2026-05-29,Oil Change
Y9Z4QB2R,2026-05-08,Tire Rotation
SURHU7BU,2026-08-29,Full Service
7VLOW0D5,2026-03-16,Oil Change
L4MAXJVT,2026-01-22,Battery Replacement
SCE2FUC8,2026-04-19,Battery Replacement
CMBT9G2T,2026-12-20,Engine Overhaul
SDHOZH6W,2026-07-06,Full Service
FG8NA5J8,2026-04-24,Oil Change
PK5V62WJ,2026-01-11,Tire Rotation
8PY1FG8Y,2026-03-27,Battery Replacement
41RB76FS,2026-12-15,Tire Rotation
LIJX4ER3,2026-06-28,Full Service
B2ZVV75Y,2026-11-11,Full Service
R2E35AW4,2026-10-13,Tire Rotation
UFGK7BH7,2026-12-15,Oil Change
0HIDFHQS,2026-07-06,Battery Replacement
51576744,2026-05-08,Oil Change
Y03CGR3Y,2026-09-29,Oil Change
UYF40XZX,2026-08-07,Oil Change
LLMJE70D,2026-08-26,Brake Inspection
ILD83OXY,2026-12-03,Engine Overhaul
EBYHO45J,2026-04-02,Tire Rotation
4BGX9KZH,2026-11-25,Full Service
ZM6MJ1K8,2026-12-10,Tire Rotation
9QVRNVM7,2026-12-17,Full Service
V1UL4NY9,2026-05-22,Oil Change
9ZRF18SP,2026-06-20,Engine Overhaul
EMMUMPCI,2026-02-15,Battery Replacement
57AEO1BH,2026-02-08,Tire Rotation
CW2YOX06,2026-03-04,Tire Rotation
W3GD5TRE,2026-08-03,Engine Overhaul
X3BOTMD6,2026-08-26,Full Service
OY72U34G,2026-10-29,Tire Rotation
XIV2N3WG,2026-05-02,Engine Overhaul
HCP81ZRL,2026-04-23,Brake Inspection
U00O4XN2,2026-07-27,Tire Rotation
R3A5WWXJ,2026-03-09,Oil Change
S8E5H2JW,2026-12-26,Brake Inspection
33LVBSVJ,2026-01-04,Engine Overhaul
M61BB32R,2026-05-24,Battery Replacement
33FNZ8TG,2026-12-09,Engine Overhaul
ISZMJ5GG,2026-11-21,Full Service
LDGON60E,2026-02-01,Tire Rotation
FWNLYVI2,2026-05-14,Battery Replacement
F0LCBAQB,2026-09-06,Brake Inspection
HLIQAZ2Q,2026-01-31,Engine Overhaul
MQYFAP9X,2026-01-11,Battery Replacement
5Y2HOGQP,2026-10-13,Oil Change
WKGX3AZP,2026-03-23,Tire Rotation
GBBCW7G5,2026-07-03,Battery Replacement
Y4CHMBNR,2026-01-14,Battery Replacement
TGABAK9Y,2026-11-11,Full Service
PUBFZIQD,2026-12-27,Battery Replacement
850GACRQ,2026-02-15,Tire Rotation
XBVSEEEN,2026-10-17,Full Service
CPVL7FAB,2026-08-06,Full Service
0APHTKBK,2026-12-30,Battery Replacement
I8M9MMVK,2026-10-11,Oil Change
T0MUMBCL,2026-09-23,Brake Inspection
Q0Z8R11B,2026-03-10,Battery Replacement
3099BGXK,2026-07-03,Full Service
Q6U5H187,2026-09-16,Engine Overhaul
5SGLK0ZW,2026-03-20,Oil Change
GBTAAAK3,2026-05-09,Oil Change
SV7LGPL0,2026-12-08,Engine Overhaul
921Y485F,2026-10-05,Tire Rotation
8OP5O31H,2026-04-03,Tire Rotation
OOOWKB0D,2026-07-21,Full Service
MCF6YXYL,2026-09-26,Battery Replacement
ZG9DF7BW,2026-07-05,Brake Inspection
XRDHJ37Z,2026-06-15,Battery Replacement
CGL49G9M,2026-10-05,Full Service
91D067HT,2026-11-24,Tire Rotation
NDHMW6E6,2026-05-12,Battery Replacement
NIUW0LUE,2026-08-31,Tire Rotation
YB0GJ3XM,2026-11-14,Engine Overhaul
RGXFFJA9,2026-08-17,Full Service
3TGQ6E6D,2026-03-24,Battery Replacement
TZGIWJAA,2026-05-05,Tire Rotation
EDRNBRY1,2026-03-04,Tire Rotation
ETZWEY2Z,2026-08-06,Engine Overhaul
D8JGDXNX,INVALID_DATE,Brake Inspection
OEEE37MA,2026-12-09,Full Service
HQMMVDQZ,2026-06-30,Battery Replacement
9YETLO6F,2026-07-03,Oil Change
KPDGHXWL,2026-09-21,Full Service
7XT9XLBG,2026-05-11,Oil Change
ZT1JU7NY,2026-05-29,Battery Replacement
NHL0KBGP,2026-08-21,Engine Overhaul
RGTCPPBZ,2026-10-10,Oil Change
9JZR795S,2026-09-21,Brake Inspection
6C0IR8EX,2026-12-15,Battery Replacement
ZXKQGBHL,2026-01-22,Battery Replacement
H57S7328,2026-10-03,Engine Overhaul
137KBWRT,2026-06-27,Tire Rotation
F22WF98O,2026-10-11,Battery Replacement
8TFN5WDW,2026-05-02,Engine Overhaul
XREJXJMC,2026-02-14,Brake Inspection
JD5BMV8G,2026-08-31,Full Service
FZWEF74E,2026-11-17,Tire Rotation
E3NCKE3N,2026-09-16,Battery Replacement
ZXZVJZ8R,2026-06-15,Engine Overhaul
984TE07Y,2026-08-05,Full Service
GNLLFBWB,2026-09-06,Engine Overhaul
4LJUVWPW,2026-10-30,Full Service
NIL18QY7,2026-03-13,Tire Rotation
80GGSD52,2026-08-02,Engine Overhaul
APGXSAU2,2026-01-27,Brake Inspection
69ERW8BQ,2026-09-28,Tire Rotation
6ONASNTL,2026-05-07,Tire Rotation
X0NU9K3A,2026-06-27,Full Service
J5JUNAKM,2026-07-09,Brake Inspection
ZCKQHES1,2026-05-21,Brake Inspection
CZKO7DMS,2026-06-23,Full Service
C3VWTSDP,2026-03-27,Tire Rotation
9VE7XDOK,2026-10-20,Full Service
09BSMTE0,2026-07-04,Engine Overhaul
YJ1YUSCS,2026-11-14,Battery Replacement
Y9C8BA3J,2026-07-24,Engine Overhaul
CUCIZ2PD,2026-02-11,Battery Replacement
UMHA8OWT,2026-03-14,Engine Overhaul
A4LV1EDG,2026-01-11,Brake Inspection
95JUX3N1,2026-11-16,Oil Change
GBL0BYDF,2026-05-22,Engine Overhaul
DPI49PVY,2026-01-04,Battery Replacement
PMAKNUPR,2026-05-29,Oil Change
6WV028T0,2026-09-14,Engine Overhaul
R1I3ZIX4,2026-11-30,Oil Change
35J9YLB4,2026-09-11,Engine Overhaul
T54HSQ55,2026-06-15,Tire Rotation
P8KNGJT6,2026-09-06,Oil Change
XJFVUQWS,2026-06-15,Tire Rotation
A1EI7TUI,2026-07-22,Battery Replacement
21YXTY88,2026-11-04,Tire Rotation
5G9AD7ZV,2026-05-04,Brake Inspection
D1FOZ4RJ,2026-02-13,Oil Change
2NFOVHVC,2026-09-02,Battery Replacement
1B740U6U,2026-01-04,Brake Inspection
1HEHBGLW,2026-06-25,Full Service
4FHR15S6,2026-08-02,Oil Change
CSEOYOFP,2026-08-06,Full Service
DHFCM65K,2026-06-02,Engine Overhaul
BMKAONVP,2026-08-03,Engine Overhaul
WXIM62TO,2026-07-20,
4V3OD6MG,2026-12-15,Battery Replacement
TL0ND0GU,2026-08-25,Oil Change
CUBUS3XZ,2026-03-18,Engine Overhaul
RZII3S5X,2026-09-19,Engine Overhaul
AXFF95FW,2026-08-18,Full Service
HBZA1LPX,2026-07-04,Battery Replacement
90T6SP50,2026-09-10,Full Service
DEJZ84H2,2026-10-10,Oil Change
1PMWSSBX,2026-02-14,Tire Rotation
6KZQCOPT,2026-03-28,Oil Change
3MO5S2U0,2026-10-16,Brake Inspection
0VCULOO4,2026-06-08,Oil Change
TWO95BER,2026-08-12,Full Service
XA7GTWFD,2026-04-12,Oil Change
J854EQ7B,2026-04-15,Full Service
2NB62ARK,2026-07-07,Battery Replacement
LW7S0DS1,2026-09-29,Engine Overhaul
5IKE38NU,2026-12-12,Tire Rotation
VV76VUHN,2026-10-01,Tire Rotation
5P5JONUN,2026-07-20,
HBW19ULW,2026-05-11,Brake Inspection
18KTRC2U,2026-08-30,Battery Replacement
9T4JC6BU,2026-05-05,Brake Inspection
WW94YCX9,2026-10-18,Engine Overhaul
0JL53STW,2026-12-30,Oil Change
SO7RVC5B,2026-09-17,Tire Rotation
A9BM2P4I,2026-02-02,Tire Rotation
21ZGB5SD,2026-08-20,Brake Inspection
UPZSIGNT,2026-06-19,Full Service
77BTMOYF,2026-07-13,Battery Replacement
DYYT3YNV,2026-09-08,Engine Overhaul
33M182NH,2026-07-14,Full Service
TA6ASRHI,2026-10-28,Full Service
FW1Q9EE3,2026-12-23,Oil Change
6X7NRYEO,2026-12-07,Oil Change
HZHAXXUE,2026-12-30,Oil Change
BJ7N05VI,2026-04-20,Brake Inspection
MG16SZ68,2026-08-27,Brake Inspection
WDCQ1K41,2026-05-30,Battery Replacement
2XIH4178,2026-12-06,Oil Change
27QAIFY0,2026-03-20,Brake Inspection
K3EVTG5Y,2026-04-20,Brake Inspection
GJ5YDWH0,2026-05-28,Brake Inspection
8T0ZV002,2026-04-27,Tire Rotation
GGI356B5,2026-03-14,Engine Overhaul
KAB19BE9,2026-01-30,Engine Overhaul
IFU2JHBO,2026-11-14,Oil Change
ES2YLFTU,2026-07-18,Tire Rotation
X45SDCGO,2026-12-05,Engine Overhaul
KJIEIWGK,2026-05-01,Tire Rotation
IR2B639G,2026-12-19,Battery Replacement
X2WRL9CQ,2026-12-26,Oil Change
N9CW0YRQ,2026-04-11,Battery Replacement
3R0RT32O,2026-05-15,Oil Change
2IEF9I43,2026-10-15,Brake Inspection
DC3RSIXB,2026-09-24,Engine Overhaul
LIAN251D,2026-07-05,Tire Rotation
EWLL25K1,2026-12-14,Full Service
NYP6XE04,2026-05-31,Oil Change
XEBUB43I,2026-04-17,Tire Rotation
JMVFW0N1,2026-05-22,Tire Rotation
FN13LZJA,2026-04-06,Full Service
P5QQVZM7,2026-06-30,Engine Overhaul
OWW1XBAN,2026-02-06,Oil Change
N1AT3FCO,2026-11-02,Tire Rotation
PK6DLQAR,2026-11-14,Engine Overhaul
DM0NNUU7,2026-11-20,Tire Rotation
AZST6XVK,2026-06-20,Engine Overhaul
TDX2MN8P,2026-11-15,Battery Replacement
7P31MXBD,2026-09-02,Battery Replacement
E7YTGNDP,2026-04-03,Full Service
JPA825Q3,2026-04-24,Brake Inspection
8AVQ3YB1,2026-02-15,Full Service
DRZAF11J,2026-10-22,Engine Overhaul
0M1F0W73,2026-05-11,Brake Inspection
YY6HO0QM,2026-10-11,Tire Rotation
M39UJY84,2026-08-12,Full Service
CXLJ1J9N,2026-05-15,Brake Inspection
Y0AVSKB8,2026-10-27,Tire Rotation
J9IHF34Z,2026-02-13,Tire Rotation
02EHTQ0W,2026-01-15,Oil Change
RT613Y96,2026-05-27,Full Service
NCJSY8DN,2026-03-16,Brake Inspection
ASDGPE8K,2026-07-14,Full Service
7L33DYID,2026-11-21,Full Service
CRNW90L9,2026-11-23,Tire Rotation
YTC8EWCV,2026-06-26,Oil Change
IG62KJ3X,2026-05-26,Engine Overhaul
8N9OF478,2026-06-27,Brake Inspection
63MRJTWV,2026-11-26,Engine Overhaul
VA8PCJ5K,2026-01-09,Battery Replacement
3RYZZ83K,2026-10-09,Tire Rotation
15ST0IBY,2026-07-02,Brake Inspection
HZSM81SW,2026-03-14,Tire Rotation
B7PMWLOE,2026-06-15,Tire Rotation
DUDI4MHD,2026-06-15,Brake Inspection
Z312HHSQ,2026-12-12,Engine Overhaul
24OKZFSS,2026-05-07,Brake Inspection
CF5ABWOO,2026-11-26,Oil Change
7SPWWVIP,2026-03-26,Oil Change
OV0NAY1J,2026-08-13,Engine Overhaul
L3L4B8LQ,2026-09-09,Brake Inspection
KZTFF5QS,2026-04-16,Engine Overhaul
WA48NRSC,2026-08-28,Brake Inspection
6XRRGDUA,2026-09-21,Tire Rotation
F79EBC2R,2026-03-20,Brake Inspection
AQTBTQXU,2026-06-08,Brake Inspection
LEDTKNME,2026-04-04,Brake Inspection
73NATI06,2026-10-09,Battery Replacement
PA0ORKG4,2026-07-08,Engine Overhaul
TDB7MMW5,2026-10-23,Brake Inspection
DWIFJISG,2026-01-12,Oil Change
D9KPA8AS,2026-01-01,Brake Inspection
DZUBYZYO,2026-08-13,Battery Replacement
LQPNXJKV,2026-06-19,Full Service
QA6GBX6O,2026-12-14,Battery Replacement
SD7FQ0AX,2026-06-08,Tire Rotation
Y62U9JJ2,2026-07-09,Tire Rotation
9V51HYTS,2026-08-22,Battery Replacement
FFEBEUVO,2026-08-11,Tire Rotation
YZMPJ2WT,2026-09-30,Engine Overhaul
W1J4RJGP,2026-11-20,Tire Rotation
OW3KPL4I,2026-08-04,Oil Change
K80VZ5Y9,2026-11-13,Engine Overhaul
VFQJ8AY3,2026-09-21,Battery Replacement
RZQY6BK1,2026-11-03,Full Service
IRG90H60,2026-06-20,Engine Overhaul
GJO9EH5O,2026-03-02,Brake Inspection
MXWT0ZDY,2026-02-05,Oil Change
LN9W4O2D,2026-06-26,Battery Replacement
8717JL1E,2026-10-12,Full Service
XAXT01QW,2026-08-29,Full Service
Y0D1IJEM,2026-10-02,Oil Change
YGJ6KMYJ,2026-10-13,Battery Replacement
CMGMZQW3,2026-08-29,Tire Rotation
2XR7N1DA,2026-03-05,Brake Inspection
1BGGMALN,2026-02-26,Oil Change
62LN6CSA,2026-09-30,Full Service
VMDZK7E4,2026-09-26,Full Service
TANDSE2Q,2026-12-18,Full Service
6Q0E5N2V,2026-11-28,Tire Rotation
DGE1VY56,2026-08-31,Oil Change
Z9XMM1QT,2026-09-25,Engine Overhaul
CAR56OCX,2026-09-12,Oil Change
S6S0XR7R,2026-01-13,Tire Rotation
OM7TJ3Y5,2026-07-08,Oil Change
9DD54KN2,2026-07-05,Engine Overhaul
3VU1UP7Q,2026-06-05,Engine Overhaul
W9Z645DW,2026-08-15,Tire Rotation
R71GD5BT,2026-10-15,Oil Change
7ONZMFO4,2026-06-01,Brake Inspection
YZ9P083C,2026-06-25,Full Service
YBWGVIJB,2026-04-14,Tire Rotation
9DO4WOKS,2026-05-27,Engine Overhaul
ES73QVSY,2026-01-07,Engine Overhaul
GSDB7IF3,2026-07-02,Tire Rotation
IPIMNKEA,2026-03-26,Battery Replacement
KCLMOUOU,2026-02-09,Tire Rotation
NCOMPST2,2026-07-29,Brake Inspection
HMPBA1WL,2026-08-22,Battery Replacement
UI4ZLYBT,2026-03-23,Full Service
6RCSKERF,2026-06-27,Engine Overhaul
8GNC9OWI,2026-02-10,Tire Rotation
3E1Z3YIQ,2026-10-12,Battery Replacement
MF79HMW5,2026-12-06,Brake Inspection
Y5LR1Z5C,2026-08-17,Full Service
NLA3G41O,2026-11-19,Tire Rotation
92ZBNB76,2026-12-10,Full Service
SXXXOOLH,2026-02-23,Engine Overhaul
9GOBFNR6,2026-10-01,Battery Replacement
QX8YA8GM,2026-01-24,Battery Replacement
5TPICV5E,2026-04-21,Full Service
FP0VC5WJ,2026-09-26,Full Service
VT6VKHO9,2026-04-04,Engine Overhaul
CGRJDQGD,2026-09-13,Full Service
AYMI0UE8,2026-11-19,Battery Replacement
0ILFU13R,2026-12-07,Battery Replacement
04L5YQGX,2026-10-30,Brake Inspection
XRB254N9,2026-06-30,Brake Inspection
71K60AWS,2026-09-02,Full Service
1PI9ERC6,2026-12-11,Engine Overhaul
CJYPHBQ0,2026-07-26,Brake Inspection
TMCDB2VK,2026-05-04,Oil Change
G7XBZ55P,2026-05-31,Battery Replacement
1TXCH8XE,2026-11-06,Full Service
MG9LMC11,2026-09-18,Engine Overhaul
9M1TEXT9,2026-02-24,Brake Inspection
6X5DWCMI,2026-07-31,Tire Rotation
2UUDK8O9,2026-04-27,Engine Overhaul
QAB8YNJM,2026-04-27,Tire Rotation
HM01HQ8T,2026-09-20,Oil Change
WPTALYEB,2026-09-27,Battery Replacement
L5R99XIB,2026-12-06,Battery Replacement
HKJJ2YTZ,2026-06-15,Tire Rotation
QBTLRY87,2026-03-05,Brake Inspection
R84WKG7G,2026-05-15,Full Service
XZ90BB62,2026-06-04,Full Service
LR7QW1O2,2026-06-30,Engine Overhaul
ADXMSQDD,2026-05-03,Oil Change
4QMD72JD,2026-02-09,Tire Rotation
Z24YZ0DQ,2026-09-23,Tire Rotation
0RZK0VMT,2026-02-13,Tire Rotation
5KGXZP0U,2026-05-19,Tire Rotation
PZBV6YYX,2026-02-18,Brake Inspection
7D4PQCOR,2026-05-01,Engine Overhaul
OVFMOIRY,2026-07-19,Battery Replacement
VWFWOFPW,2026-01-08,Full Service
36PNOZ1L,2026-12-19,Battery Replacement
MF19TYZH,2026-06-17,Brake Inspection
DA81YISZ,2026-12-10,Battery Replacement
C8L9DZW0,2026-01-08,Tire Rotation
WQT43RYY,2026-01-03,Engine Overhaul
XBT8SI2Q,2026-01-25,Full Service
LK3BCVTV,2026-09-25,Battery Replacement
2SY1P3NJ,2026-06-24,Battery Replacement
ND6G55ZY,2026-02-11,Brake Inspection
TABR2ZI3,2026-08-24,Brake Inspection
A59NZATJ,2026-07-30,Full Service
Q2Z6TVHI,2026-09-20,Brake Inspection
ROFQPT6X,2026-11-24,Full Service
4Q7QH072,2026-12-17,Engine Overhaul
VF0098TR,2026-07-11,Brake Inspection
XC0RY34R,2026-10-06,Engine Overhaul
868JJ01J,2026-10-21,Engine Overhaul
IWVFGSJN,2026-05-22,Oil Change
FXLUSQ4R,2026-02-21,Brake Inspection
ZLHSPBWL,2026-11-30,Full Service
9KGE7ANU,2026-05-10,Tire Rotation
V6ZSWI7S,2026-01-26,Battery Replacement
799XRSEP,2026-06-19,Battery Replacement
0XERFPII,2026-03-10,Brake Inspection
T1GG8BM1,2026-07-05,Full Service
IGQYRKBW,2026-01-19,Engine Overhaul
JTTJK9IA,2026-02-02,Brake Inspection
MH1POLDG,2026-11-18,Full Service
K04NLROH,2026-11-01,Full Service
S4RZGLD2,2026-06-28,Battery Replacement
C58K4QX0,2026-07-20,Oil Change
B3L9EZJF,2026-06-15,Tire Rotation
RO09KA12,2026-08-29,Oil Change
2ZJC3G2F,2026-04-09,Engine Overhaul
2GQOKYH4,2026-11-13,Brake Inspection
T57L9ASE,2026-02-03,Brake Inspection
1LBHBWCU,2026-03-24,Engine Overhaul
D3HDBVTX,2026-05-04,Brake Inspection
4SD1ZWJU,2026-09-03,Battery Replacement
A4SWVEUK,2026-05-03,Battery Replacement
DG8XOY80,2026-06-16,Tire Rotation
OTJO1QA7,2026-11-16,Battery Replacement
7NQOYDIW,2026-09-29,Brake Inspection
RLA6988E,2026-07-19,Engine Overhaul
GRZHYMGK,2026-01-01,Tire Rotation
90TMHWXE,2026-10-12,Brake Inspection
HO6X1BAW,2026-12-11,Engine Overhaul
K8PJCDWE,2026-12-04,Full Service
Z1HQS427,2026-06-14,Oil Change
SD4JTY0R,2026-09-03,Full Service
MAXK3D2R,2026-06-10,Full Service
JVEL3ICQ,2026-08-12,Tire Rotation
I6OMSIVB,2026-06-19,Full Service
JAVY87GP,2026-12-09,Engine Overhaul
FI9VGQMM,2026-03-16,Battery Replacement
FYU313ZL,2026-05-21,Oil Change
PTH5K6C1,2026-10-23,Engine Overhaul
W0Q5GO2M,2026-08-25,Battery Replacement
R1VAS02X,2026-01-20,Battery Replacement
4L2BPX3D,2026-02-21,Engine Overhaul
YXP4416V,2026-06-26,Full Service
0T81QJDS,2026-02-01,Oil Change
6KG01NEW,2026-04-25,Brake Inspection
PYT7DEV7,2026-06-15,Tire Rotation
9T4JC6BU,2026-05-05,Brake Inspection
7HLFITBR,2026-01-19,Full Service
CG8YU9VT,2026-07-25,Oil Change
EX4NJ5TX,2026-10-29,Full Service
S7WY0ACO,2026-02-26,Engine Overhaul
KFOGG6LJ,2026-01-01,Brake Inspection
KMTDP5E1,2026-02-15,Full Service
7JQ1L3IZ,2026-05-01,Tire Rotation
MLQCACBS,2026-11-29,Battery Replacement
KXXZGRWO,2026-09-05,Full Service
0PYM3L65,2026-03-07,Full Service
GMQQW1HY,2026-02-16,Brake Inspection
B1V9STWO,2026-06-15,Tire Rotation
XXCQZT85,2026-07-11,Tire Rotation
1ZVNUSRT,2026-07-09,Tire Rotation
44B0AJD6,2026-02-26,Full Service
ND7UAIGV,2026-07-04,Oil Change
JLS7HBAS,2026-08-12,Tire Rotation
4I43VEF2,2026-12-12,Engine Overhaul
LXQ6AY5K,2026-06-03,Engine Overhaul
AUSW6C4F,2026-07-07,Battery Replacement
OAMCB3J8,2026-08-25,Oil Change
2Q63WN9S,2026-10-10,Battery Replacement
A386N43D,INVALID_DATE,Brake Inspection
1C4ZTAUN,2026-07-27,Engine Overhaul
SJ474HMF,2026-08-18,Battery Replacement
H7AY758W,2026-07-12,Engine Overhaul
0M5E9CSV,2026-04-02,Tire Rotation
5DNZ4VYU,2026-03-20,Battery Replacement
MBS0Q28I,2026-08-23,Full Service
P64C8TG1,2026-07-22,Engine Overhaul
XOVKSF1B,2026-08-10,Battery Replacement
AO6J8Y11,2026-12-19,Battery Replacement
3FIZN1F0,INVALID_DATE,Brake Inspection
2TO0D9L5,2026-06-03,Oil Change
E988SS63,2026-12-25,Full Service
GTQ9BK2W,2026-12-22,Tire Rotation
3NV9SOF1,2026-08-15,Full Service
2XH3LWTV,2026-03-22,Tire Rotation
B0KO1CFC,2026-10-17,Oil Change
Q8DY0JCY,2026-05-19,Engine Overhaul
J3YHCNQQ,2026-05-05,Engine Overhaul
JJIWCUAL,2026-12-30,Tire Rotation
0F6J8FOA,2026-01-19,Battery Replacement
16I9K5SU,2026-04-13,Full Service
Z8X40K2W,2026-10-08,Brake Inspection
LCWDXNAH,2026-11-01,Oil Change
GILJUX1A,2026-04-16,Engine Overhaul
70RX0J0T,2026-08-22,Battery Replacement
APWKDEQ9,2026-08-26,Engine Overhaul
15KZTH55,2026-09-22,Full Service
ZX4NTXWN,2026-05-01,Full Service
LJ9XBZ7P,2026-05-06,Engine Overhaul
TFLWN3RU,2026-03-10,Oil Change
K38TVLP3,2026-02-24,Battery Replacement
1RTI7MTV,2026-09-25,Oil Change
3W35SK95,2026-06-15,Engine Overhaul
S6MC6A5Z,2026-07-05,Battery Replacement
TWXO0AWB,2026-04-02,Engine Overhaul
WM0A92IJ,2026-05-02,Tire Rotation
FJ6ZR17B,2026-03-18,Engine Overhaul
MMZWQUZ2,2026-04-21,Tire Rotation
C5NTCONR,2026-02-01,Full Service
SXV6PVM5,2026-06-24,Engine Overhaul
EY7XLU70,2026-07-21,Full Service
034NPAYV,2026-07-31,Engine Overhaul
72Y7RWPI,2026-05-14,Oil Change
L4LM8SDI,2026-10-23,Oil Change
YU61TF5S,2026-12-21,Tire Rotation
O5QEM9CR,2026-11-29,Brake Inspection
9ED5LNP5,2026-03-07,Battery Replacement
0KPTKE3M,2026-02-27,Battery Replacement
MSRTR6N8,2026-06-03,Battery Replacement
SAYU019B,2026-11-09,Oil Change
5HPO2COZ,2026-07-13,Brake Inspection
9B9LA2B6,2026-06-16,Engine Overhaul
RRJOXO8Z,2026-10-25,Engine Overhaul
KA1HIHT6,2026-04-14,Oil Change
8QOH1AB3,2026-06-09,Tire Rotation
838G1764,2026-01-20,Tire Rotation
7JZYE8EI,2026-08-31,Battery Replacement
F7UETMVA,2026-12-17,Full Service
UWH6H3XH,2026-01-07,Oil Change
O5MRD1PA,2026-05-31,Engine Overhaul
BSG75Y6Z,2026-06-05,Tire Rotation
J24VFLUS,2026-02-07,Brake Inspection
9K3SS901,2026-10-27,Tire Rotation
OLNP2RE4,2026-02-02,Engine Overhaul
412CL2P5,2026-11-16,Engine Overhaul
GWUG6GJF,2026-03-26,Oil Change
S7A3MHFL,2026-11-15,Engine Overhaul
20KZN7NV,2026-11-16,Oil Change
2ODIGUQ0,2026-02-16,Tire Rotation
KG43UGOP,2026-09-15,Battery Replacement
9ILOUCTR,2026-09-01,Oil Change
CZC25TPM,2026-07-17,Oil Change
YTXT62XI,2026-12-28,Battery Replacement
Z45ASHY4,2026-06-26,Brake Inspection
JCLDNUMQ,2026-08-12,Full Service
8Y314VCZ,2026-01-08,Full Service
T11QX8OE,2026-04-26,Engine Overhaul
1V3O40WD,2026-09-17,Full Service
969AOTKT,2026-08-19,Full Service
C2C9HH0D,2026-04-13,Full Service
I218RZU3,INVALID_DATE,Brake Inspection
BW7BN6RO,2026-08-31,Full Service
Y9AZJQHE,2026-07-12,Brake Inspection
90KDJ1QJ,2026-12-17,Brake Inspection
OCW03I3A,2026-04-30,Engine Overhaul
XQO8PQX9,2026-06-14,Engine Overhaul
8LPVS4RV,2026-09-17,Tire Rotation
LIGALV6Y,2026-10-03,Full Service
IKWEA3GU,2026-01-26,Oil Change
3GTX3DER,2026-10-30,Oil Change
E49L1C6M,2026-07-20,
SXXKNK9Z,2026-10-16,Brake Inspection
JVT0J9HA,2026-07-29,Tire Rotation
D5GJOKTS,2026-06-11,Engine Overhaul
4COP5ELQ,2026-06-12,Full Service
8KUKYR73,2026-11-05,Oil Change
ZLZ0C6DS,2026-12-15,Battery Replacement
Q2JGL71E,2026-06-13,Full Service
YTX527UQ,2026-10-11,Engine Overhaul
YOYWFMKU,2026-09-16,Tire Rotation
VXW8Q6GC,2026-08-19,Brake Inspection
X6PR0NPI,2026-10-17,Tire Rotation
BR0OB30W,2026-10-27,Brake Inspection
4RUF3KGP,2026-08-16,Tire Rotation
M5UWVWVS,2026-05-30,Full Service
MC5HMK38,2026-05-02,Oil Change
YKYBGIP7,2026-04-06,Brake Inspection
XS31RJQO,2026-11-12,Engine Overhaul
GZPUHPZ3,2026-10-20,Full Service
ZRYPE09K,2026-06-10,Engine Overhaul
X7QKKXYV,2026-01-13,Full Service
3AFF6YE1,2026-11-28,Battery Replacement
46OO4VCO,2026-11-13,Oil Change
GIPSBZYT,2026-09-19,Battery Replacement
RA0CAENH,2026-07-19,Engine Overhaul
0QQAMFNO,2026-11-17,Brake Inspection
QJUXQL9N,INVALID_DATE,Brake Inspection
KBN12ROO,2026-08-21,Battery Replacement
6Q9SOR00,2026-03-03,Brake Inspection
YOVLST5J,2026-10-01,Engine Overhaul
1MDWMIY2,2026-01-04,Oil Change
YZY60VNV,2026-06-07,Tire Rotation
AZ5709ZW,2026-11-03,Engine Overhaul
QJX2IQ5T,2026-07-09,Tire Rotation
OGPNMLC5,2026-03-20,Brake Inspection
N4CSR21N,2026-05-21,Battery Replacement
9AKG62MQ,2026-08-13,Tire Rotation
ANMSI1N7,2026-10-19,Brake Inspection
PTEKAE67,2026-05-15,Battery Replacement
QGERU00Q,2026-09-12,Battery Replacement
0WCQM7IG,2026-04-23,Full Service
RRR34EI8,2026-01-29,Oil Change
XXDNFR9S,2026-02-06,Battery Replacement
BH7URJ8B,2026-11-21,Oil Change
T8KHTLXX,INVALID_DATE,Brake Inspection
XE9RHN7Z,2026-10-09,Engine Overhaul
ODIBNNKG,2026-11-02,Brake Inspection
PW5G7ARC,INVALID_DATE,Brake Inspection
MJOSG94Q,2026-08-09,Battery Replacement
PBXC6N87,2026-06-30,Full Service
IB0MGKWV,2026-09-01,Engine Overhaul
0HWWM04T,2026-02-15,Full Service
O6P5LZRF,2026-11-17,Engine Overhaul
YWRMFGXO,2026-08-03,Full Service
PTTZ49DE,2026-03-02,Oil Change
Q5TL6U93,2026-09-17,Brake Inspection
JC1ZOFIT,2026-08-18,Oil Change
I1NI1622,2026-10-14,Engine Overhaul
YLESRHWU,2026-04-19,Tire Rotation
630YR1CY,2026-10-03,Oil Change
5SIGX4MR,2026-07-08,Full Service
R2S3K71M,2026-09-03,Tire Rotation
7XGFZ5MY,2026-05-29,Full Service
NW6F6I46,2026-08-04,Engine Overhaul
ZES8EOSR,2026-12-06,Oil Change
7OIN1NR1,2026-06-15,Tire Rotation
SWFJU0FV,2026-04-22,Battery Replacement
X2A1LYED,2026-02-27,Battery Replacement
3ZKR3H8U,2026-08-26,Brake Inspection
RHZHPPWW,2026-08-29,Tire Rotation
HJJ49RW1,2026-04-17,Battery Replacement
HQXJX8LZ,2026-06-17,Engine Overhaul
EE4QNR9C,2026-03-29,Brake Inspection
88C8J5PW,2026-10-03,Oil Change
FT71R56S,2026-11-29,Full Service
L39H1EJE,2026-11-16,Tire Rotation
CRV7IWVK,2026-05-18,Brake Inspection
B0S7SULD,2026-03-28,Full Service
LV1YX8J3,2026-04-27,Battery Replacement
7BZSQPT0,2026-02-05,Brake Inspection
ATLBOC00,2026-01-24,Full Service
RJ4WQYD6,2026-08-08,Full Service
9HVCEC4H,2026-07-15,Full Service
ETCDSP76,2026-08-12,Full Service
QRD7KJC4,2026-11-08,Oil Change
WT7UD7NE,2026-05-23,Oil Change
GZL6U8GO,2026-04-22,Full Service
HRB783EA,2026-08-17,Battery Replacement
6FD7L4N7,2026-12-29,Battery Replacement
YUJSYLLP,2026-11-29,Full Service
ECYA24D9,2026-06-15,Battery Replacement
1RWVF0LT,2026-12-08,Brake Inspection
99IWQZT0,2026-09-26,Full Service
19STMQQP,2026-02-17,Engine Overhaul
RIFAOVDF,2026-07-27,Full Service
P6UPXWIM,2026-04-07,Oil Change
SR0F5BVM,2026-09-27,Full Service
JSG8SE25,2026-01-13,Full Service
D9UZZLRH,2026-04-29,Tire Rotation
BHTMFUBQ,2026-09-23,Battery Replacement
1NEXPB7U,2026-01-06,Battery Replacement
Q3ESYEC2,2026-10-31,Tire Rotation
76QXNNHX,2026-04-20,Tire Rotation
QKZOXZ8N,2026-11-02,Oil Change
QANGHLMX,2026-01-19,Brake Inspection
143ZWL18,2026-12-22,Battery Replacement
T8IFSO3A,2026-01-09,Oil Change
3QVRI9Q1,2026-02-03,Engine Overhaul
TS499KJF,2026-10-17,Full Service
YAUAXQTY,2026-06-23,Full Service
HOIZLD7C,2026-09-04,Tire Rotation
K0U786F5,2026-09-18,Full Service
Z6AGCKEB,2026-05-26,Engine Overhaul
WBVJWURH,2026-08-04,Tire Rotation
47G6YV8N,2026-04-06,Engine Overhaul
TOJ51KVW,2026-04-23,Engine Overhaul
Z3DPDDRO,2026-11-13,Tire Rotation
130PV76J,2026-05-29,Brake Inspection
FVLU3DQ6,2026-07-04,Engine Overhaul
GH5I4Q3C,2026-03-09,Engine Overhaul
4120LHRW,2026-12-10,Battery Replacement
IL8V1HOY,2026-10-29,Tire Rotation
MX2AOOZV,2026-06-14,Full Service
3D9L60CX,2026-07-03,Battery Replacement
VBAXJ9VN,2026-11-01,Brake Inspection
CLCCGJ43,2026-02-17,Brake Inspection
YAUAXQTY,2026-09-16,Full Service
4ZQEUPWB,2026-06-15,Engine Overhaul
WKTXO4BX,2026-11-29,Full Service
EY6II61S,2026-04-24,Full Service
L2DZKTR0,2026-05-10,Tire Rotation
YLESRHWU,2026-07-26,Engine Overhaul
8OWSNCSP,2026-07-20,
YSRSXUVI,2026-05-13,Oil Change
634K23UP,2026-11-22,Engine Overhaul
ZRVCWM9V,2026-07-26,Engine Overhaul
ICL8P3SR,2026-11-26,Brake Inspection
3H3AI9ZS,2026-10-05,Oil Change
TVYM67LP,2026-04-19,Full Service
9ID43UCX,2026-09-05,Engine Overhaul
ICL1DDMT,2026-07-07,Oil Change
TISADORB,2026-09-10,Oil Change
1RMHOZZH,2026-11-30,Tire Rotation
QSYRCA1U,2026-01-09,Tire Rotation
G605AQDI,2026-10-04,Brake Inspection
FER6FFH8,2026-11-11,Brake Inspection
7BGQLSTF,2026-07-28,Battery Replacement
0GDRMSVW,2026-12-12,Brake Inspection
NQGD4A80,2026-06-15,Tire Rotation
N6EVLXKV,2026-05-26,Tire Rotation
O1FV6S4K,2026-03-21,Full Service
8VT1OPQ6,2026-02-16,Oil Change
P8FR17WT,2026-02-26,Engine Overhaul
TFDLWOZO,2026-01-29,Oil Change
4RVA2NYE,2026-01-09,Engine Overhaul
QOW6ZZD3,2026-02-24,Battery Replacement
DPEL3K7K,2026-12-02,Brake Inspection
5UC55P46,2026-03-06,Oil Change
SOQMRO82,2026-02-12,Oil Change
O2YVMA2P,2026-01-29,Battery Replacement
NZKZNFZD,2026-03-10,Full Service
D70EBI2A,2026-06-12,Engine Overhaul
SNMVHXNH,2026-12-06,Full Service
JP20BQVG,2026-10-27,Oil Change
RTJ025L1,2026-01-07,Oil Change
GY1JVBIS,2026-05-05,Oil Change
BDPM09VR,2026-12-12,Full Service
7TJT14N3,2026-12-28,Oil Change
PUUWATJO,2026-06-25,Brake Inspection
QKU4M80E,2026-03-27,Battery Replacement
V5IR89YS,2026-08-27,Brake Inspection
G4UMTTU7,2026-07-08,Battery Replacement
8ZYX28UM,2026-06-19,Brake Inspection
EXJRL28B,2026-05-08,Full Service
OHY1O2M0,2026-06-29,Brake Inspection
45TT7SOD,2026-02-18,Full Service
77NX3HZC,2026-03-22,Engine Overhaul
0F7GEWFM,2026-11-10,Tire Rotation
HRTRETXK,2026-02-10,Brake Inspection
SPZQ5D5Q,2026-08-25,Tire Rotation
OCDU7PGK,2026-04-29,Battery Replacement
H7IEUEZ4,2026-08-11,Engine Overhaul
JNGWYA30,2026-03-01,Full Service
ABG6Z4B5,2026-04-27,Battery Replacement
WL4NXCWQ,2026-12-30,Engine Overhaul
QRK9GH7U,2026-11-29,Battery Replacement
X81BZN6V,2026-11-08,Battery Replacement
WZYKI36Z,2026-07-23,Tire Rotation
CWQ7S5I1,2026-05-03,Engine Overhaul
4A1XYY5O,2026-03-30,Brake Inspection
8UGKVKQ9,2026-12-16,Engine Overhaul
ZC07OFXB,2026-12-08,Engine Overhaul
U7D4TZH0,2026-12-24,Full Service
RVBC5CKR,2026-11-09,Full Service
QUIROBBK,2026-12-31,Engine Overhaul
9LRKADGH,2026-10-14,Tire Rotation
VY1ASKFJ,2026-04-23,Battery Replacement
P0JJ182Q,2026-05-14,Brake Inspection
RR95HYMB,2026-11-02,Engine Overhaul
W92GV9MB,2026-06-23,Brake Inspection
JOTY37O2,2026-05-05,Battery Replacement
D2FRJHSI,2026-04-08,Battery Replacement
9M1CQBYE,2026-12-01,Full Service
MWCE3L5F,2026-07-20,
CVWY3RJZ,2026-07-25,Engine Overhaul
OSF9JB21,2026-04-27,Brake Inspection
IWW41BKC,2026-03-21,Engine Overhaul
QPNKCM9F,2026-06-15,Tire Rotation
7T9HD5O1,2026-08-18,Tire Rotation
RM8TMPSL,2026-01-15,Engine Overhaul
TS0DNHL1,2026-10-22,Oil Change
4PXE1D8Q,2026-06-08,Full Service
CELRCYEU,2026-03-07,Engine Overhaul
GSX2N101,2026-09-01,Oil Change
Z5WA4I2U,2026-06-15,Engine Overhaul
XVVM2Q2H,2026-02-12,Oil Change
V7R5RC7B,2026-04-30,Tire Rotation
0U4A21N2,2026-09-10,Oil Change
06PJA5M5,2026-08-27,Battery Replacement
1UGZ41A4,2026-12-21,Engine Overhaul
C0K6F489,2026-08-28,Battery Replacement
GHFRSG7K,2026-03-06,Tire Rotation
TGEVBB6S,2026-05-31,Full Service
N0CB4S7O,2026-04-23,Battery Replacement
IK74QUUS,2026-03-04,Battery Replacement
WMXR2DVF,2026-06-15,Oil Change
LB1QOGXX,2026-08-05,Full Service
VQDYCBQ7,2026-09-07,Brake Inspection
PXB2UPTV,2026-06-24,Full Service
5XMVEAC9,2026-10-07,Full Service
Y78WMEDD,2026-10-11,Full Service
0RYQYQN8,2026-06-15,Tire Rotation
C85FXH3E,2026-03-08,Full Service
NSHF3NC4,2026-10-26,Oil Change
YBW1ICJB,2026-12-02,Battery Replacement
WRN5C9ZJ,2026-08-27,Full Service
OY1RVUK2,2026-07-30,Battery Replacement
YBFCV9A6,2026-05-18,Tire Rotation
1WQIO3U2,2026-02-10,Battery Replacement
GO0GXC31,2026-07-25,Oil Change
2V391AM0,2026-01-03,Brake Inspection
HI63G8AT,2026-07-20,
ZREUPM2X,2026-09-06,Tire Rotation
PL2TAT0T,2026-02-21,Tire Rotation
TC5BOXPG,2026-12-30,Brake Inspection
J1AX1MWK,2026-09-06,Oil Change
IC7SM5NA,2026-11-23,Brake Inspection
AYZA17FA,2026-08-17,Full Service
QMJQXI3U,2026-12-20,Engine Overhaul
X6PA1KIB,2026-01-07,Engine Overhaul
SVLR5XVM,2026-03-18,Engine Overhaul
XS31RJQO,2026-01-17,Brake Inspection
70EKESML,2026-06-01,Engine Overhaul
I1U51WHK,2026-01-29,Battery Replacement
I8BL9VTT,2026-02-18,Tire Rotation
AJ50A397,2026-03-28,Brake Inspection
2NVIFO5Z,2026-08-25,Oil Change
J4BW310V,2026-10-13,Tire Rotation
EZADOVX8,2026-01-03,Tire Rotation
D7N5AUNC,2026-04-13,Full Service
YH2Q28ZZ,2026-05-26,Brake Inspection
0NIZ4F8F,2026-04-15,Tire Rotation
BFFU7JO1,2026-07-04,Battery Replacement
NQ0LEEM5,2026-02-27,Battery Replacement
80OKC9B4,2026-10-29,Oil Change
ZLZSNN63,2026-05-03,Tire Rotation
BCBN8PMJ,2026-10-15,Full Service
ZSBNUFKN,2026-10-01,Battery Replacement
OY7YITTJ,2026-02-12,Oil Change
4QFX4CY2,2026-12-16,Battery Replacement
86HSD3O1,2026-08-12,Engine Overhaul
C4AEO4CI,2026-07-13,Oil Change
JKMWMDA9,2026-06-24,Tire Rotation
1VG2L5BS,2026-04-10,Oil Change
XWLSLKIB,2026-12-04,Oil Change
F01W7ZL7,2026-01-10,Full Service
FNKUHHNP,2026-09-15,Oil Change
UV9PUIFK,2026-08-10,Oil Change
O44WD44H,2026-02-20,Engine Overhaul
31EL9XLY,2026-09-19,Tire Rotation
XY5UBITY,2026-12-29,Battery Replacement
PUMANEZM,2026-12-27,Engine Overhaul
8GOEUHWN,2026-02-28,Tire Rotation
Y2IRX28V,2026-02-07,Engine Overhaul
8IRQ3DXB,2026-01-08,Oil Change
6KRPU0IU,2026-10-06,Engine Overhaul
M3BAYYJT,2026-10-15,Full Service
CIJ2NZB2,2026-10-21,Battery Replacement
4H80O42W,2026-03-27,Full Service
699FASFT,2026-05-06,Battery Replacement
INVALID_3265,2026-05-10,Oil Change
SDJ1B5HY,2026-02-11,Oil Change
KTX0ZHJC,2026-01-13,Oil Change
GJ0QSBQT,2026-03-24,Full Service
RY0J2BN3,2026-10-26,Brake Inspection
EPELH9PT,2026-01-24,Tire Rotation
38ECHRL5,INVALID_DATE,Brake Inspection
22MVI13B,2026-09-03,Battery Replacement
BZRSQBH5,2026-07-04,Oil Change
DB3BCWFT,2026-02-26,Tire Rotation
YV6IWHD7,2026-08-22,Battery Replacement
21KENZG7,2026-03-11,Brake Inspection
N0YGPAWZ,2026-10-28,Tire Rotation
36M744M5,2026-01-25,Engine Overhaul
2G6S06YQ,2026-12-01,Brake Inspection
MXGGHIPB,2026-07-29,Tire Rotation
NR6XYQQM,2026-04-06,Engine Overhaul
ECHPHKKH,2026-06-11,Oil Change
NP3NCB56,2026-02-27,Battery Replacement
Q3MVLS29,2026-03-27,Engine Overhaul
RMPOBSEW,2026-11-23,Full Service
MVHL5WBB,2026-06-07,Full Service
GUOMJEZC,2026-09-30,Engine Overhaul
DSEMKKCR,2026-05-17,Full Service
I15H3STW,2026-11-04,Engine Overhaul
ST84OIKJ,2026-12-18,Full Service
64FGI4KY,2026-02-14,Tire Rotation
0DZMP0RV,2026-04-25,Engine Overhaul
3C66QRRM,2026-03-17,Battery Replacement
69MI25ET,2026-08-06,Oil Change
VM5I19UF,2026-10-22,Full Service
6GF4YIKA,2026-01-04,Tire Rotation
02NFCJAH,2026-10-05,Full Service
E1OE9ARW,2026-01-20,Battery Replacement
X8FXV3ER,2026-09-22,Oil Change
T2GW0JAB,2026-02-19,Brake Inspection
O3W3RVNZ,2026-01-15,Battery Replacement
IZ00UPVQ,2026-12-29,Full Service
OHFD2QXW,2026-06-22,Brake Inspection
WDURHYNW,2026-01-28,Battery Replacement
SOHT3Y10,2026-11-10,Engine Overhaul
EZICUFM7,2026-02-19,Tire Rotation
325WV62M,2026-11-23,Battery Replacement
G59JQ8AY,2026-04-14,Battery Replacement
LA149P1K,2026-08-17,Battery Replacement
U4M9PT9L,2026-02-12,Oil Change
K4WUPEB9,2026-11-05,Tire Rotation
VFYDBZOZ,2026-07-28,Battery Replacement
3RG61IIJ,2026-06-15,Engine Overhaul
8I1UDPMB,2026-08-21,Full Service
RCBOB2DT,2026-07-10,Tire Rotation
XG4JYSF9,2026-04-14,Tire Rotation
UEYOCZHQ,2026-04-09,Oil Change
ZTCJEUNL,2026-03-13,Tire Rotation
FEX6062J,2026-09-16,Brake Inspection
DSBA6JEM,2026-01-30,Full Service
Q0TEY2R8,2026-09-08,Full Service
9HFP5HV6,2026-05-29,Tire Rotation
UGX9XC9U,2026-04-22,Battery Replacement
268U2IA9,2026-10-27,Battery Replacement
WBEQ9J8S,2026-01-22,Battery Replacement
A9PWCTB4,2026-09-22,Tire Rotation
BHTMFUBQ,2026-09-23,Battery Replacement
PILQ41IA,2026-06-15,Tire Rotation
Y8X600Q3,2026-04-10,Engine Overhaul
6ISP41A5,2026-02-02,Tire Rotation
ZZ9CIWJX,2026-10-26,Full Service
EENDNKLA,2026-03-21,Battery Replacement
ZTBV0ZVM,2026-12-04,Tire Rotation
CVYQM96H,2026-01-28,Full Service
H151BWG1,2026-05-23,Engine Overhaul
03AHXG5Y,2026-11-24,Battery Replacement
K26TAIRD,2026-11-17,Engine Overhaul
WP5AQU7M,2026-06-15,Tire Rotation
H0YGNNMF,2026-05-11,Oil Change
JIM92R99,2026-12-10,Engine Overhaul
5NH4SOBX,2026-08-27,Battery Replacement
AN56Y0XU,2026-09-22,Battery Replacement
E006D2J5,2026-07-30,Engine Overhaul
KDFT8WPN,2026-07-16,Brake Inspection
JJ3K4YX6,2026-12-17,Brake Inspection
1C7M6VMC,2026-04-08,Engine Overhaul
7CRWSU9G,2026-09-23,Oil Change
E08W8P02,2026-03-10,Battery Replacement
7ZQDIZHJ,2026-06-18,Engine Overhaul
7A4QH07P,2026-04-09,Brake Inspection
WFXZLG2R,2026-06-15,Tire Rotation
4SAM72O4,2026-07-23,Tire Rotation
0870JB6F,2026-02-02,Oil Change
G63YIZYY,2026-06-16,Oil Change
116KT1B7,2026-01-12,Full Service
77NBB4E0,2026-12-19,Oil Change
Y7O6OE2D,2026-01-13,Oil Change
3WCP6QXL,2026-06-13,Engine Overhaul
DUTMYXST,2026-09-06,Oil Change
V5VJM55V,2026-05-22,Battery Replacement
NED2GBMB,2026-06-15,Tire Rotation
CNT9XXPP,2026-02-12,Brake Inspection
P5OY08YU,2026-06-04,Battery Replacement
OHE1ROUX,2026-07-03,Brake Inspection
S1HGHE90,2026-12-05,Engine Overhaul
69JPCU47,2026-04-14,Oil Change
L8IH95NB,2026-10-28,Tire Rotation
YZZ9NHMN,2026-12-11,Tire Rotation
KI5FIM51,2026-07-31,Oil Change
3QJJVED4,2026-01-01,Battery Replacement
77H32Q5X,2026-03-16,Tire Rotation
5VT2HPUK,2026-06-09,Full Service
QMSNYU1M,2026-05-05,Battery Replacement
N2AOPEYL,2026-09-28,Engine Overhaul
X70D9HDG,2026-02-26,Oil Change
UPR0ZGXI,2026-06-14,Tire Rotation
R7QXJ4RJ,2026-05-16,Oil Change
39ES8TCZ,2026-08-14,Brake Inspection
0KGY5N8U,2026-08-08,Brake Inspection
JUUMBQGG,2026-07-30,Oil Change
8J5HOUKG,2026-07-19,Full Service
A7XZ5JCH,2026-04-01,Brake Inspection
VFOFMFES,2026-11-26,Tire Rotation
LKVC13FC,2026-04-10,Battery Replacement
O66UEELF,2026-03-26,Oil Change
B4AE6G4W,2026-09-10,Brake Inspection
3WN216XT,2026-10-28,Brake Inspection
29RC6PLF,2026-01-21,Oil Change
GTERYXF9,2026-03-21,Tire Rotation
D1EHRAWW,2026-08-05,Brake Inspection
1PU5XXV3,2026-03-24,Battery Replacement
R6VMZVCI,2026-09-09,Battery Replacement
CE8RBCSP,2026-01-23,Tire Rotation
C2YYDQ7Q,2026-12-12,Oil Change
1SASQ0U7,2026-11-04,Brake Inspection
VQVVK9N8,2026-06-29,Tire Rotation
704FP5TC,2026-03-10,Tire Rotation
KREIP6R8,2026-11-03,Tire Rotation
WNB2IDKK,2026-03-21,Battery Replacement
JP040WN7,2026-01-26,Engine Overhaul
7EYP17NY,2026-05-29,Engine Overhaul
QR6GU6MU,2026-06-25,Engine Overhaul
879GM1MZ,2026-02-09,Battery Replacement
3HO9NTX2,2026-01-28,Brake Inspection
KAF5RSBX,2026-12-23,Brake Inspection
1UZW4OSV,2026-05-29,Full Service
D0672THC,2026-06-04,Battery Replacement
BQP2W5U8,2026-01-16,Battery Replacement
URS8OFD5,2026-07-30,Tire Rotation
AAV4K2F9,2026-03-30,Full Service
DYPOKKBC,2026-01-15,Battery Replacement
SG2DPEQV,2026-11-22,Battery Replacement
FH7J0DEU,2026-07-13,Tire Rotation
P0Z48G3N,2026-05-18,Full Service
L4OKY0M3,2026-12-11,Full Service
G8YBV339,2026-12-15,Engine Overhaul
7W6MG4PZ,2026-09-10,Tire Rotation
V8NWE23G,2026-10-16,Full Service
1259U7XI,2026-11-29,Brake Inspection
17W7QMLD,2026-10-20,Engine Overhaul
EDAMT9H9,2026-01-15,Battery Replacement
7QQPPM8U,2026-06-15,Engine Overhaul
VZ3S4OXC,2026-11-19,Engine Overhaul
NEGVE31Q,2026-01-23,Brake Inspection
ZNABND7V,2026-11-29,Battery Replacement
XZZ5R2VP,2026-02-05,Tire Rotation
K883MBNG,2026-11-28,Oil Change
0BZO592N,2026-06-01,Oil Change
SZDLSDEG,2026-01-12,Oil Change
9G9OW2K8,2026-08-04,Tire Rotation
EB3AAO1U,2026-10-07,Oil Change
3A49Y4D9,2026-12-19,Engine Overhaul
E6V0XQN1,2026-06-07,Battery Replacement
X58U2LTA,2026-05-25,Tire Rotation
UA5K1BB4,2026-09-29,Oil Change
N5XQUML8,2026-11-17,Brake Inspection
3X3IKB3S,2026-07-14,Full Service
K3URDG7G,2026-06-08,Engine Overhaul
H2CQEG0V,2026-04-02,Engine Overhaul
XHDGJKWW,2026-10-06,Engine Overhaul
ES06R9HN,2026-05-21,Full Service
GHRD86MJ,2026-05-29,Battery Replacement
UHZ8VC1F,2026-06-15,Tire Rotation
0F80D3LG,2026-04-02,Brake Inspection
DQGQC6T8,2026-07-23,Oil Change
84QG41EB,2026-09-16,Battery Replacement
SUUL2FNM,2026-12-25,Full Service
RU6QPENX,2026-02-08,Oil Change
GYM1V9M7,2026-05-24,Brake Inspection
AVSMI0BU,2026-12-18,Battery Replacement
6Z5NQ24G,2026-03-26,Full Service
4XFA8SD7,2026-08-11,Engine Overhaul
40R9V1PS,2026-10-24,Battery Replacement
AFXHASXN,2026-01-25,Engine Overhaul
D20EK1A3,2026-03-01,Battery Replacement
UZX31BFH,2026-12-06,Brake Inspection
XLL7L7JJ,2026-09-01,Full Service
6CV7ZU6E,2026-03-27,Battery Replacement
87TT9KVL,2026-10-14,Oil Change
IABJ3I7Z,2026-08-11,Engine Overhaul
JEU0AKIV,2026-04-26,Brake Inspection
AXOGYR5B,2026-09-18,Oil Change
R0FECMSF,2026-04-16,Brake Inspection
UPDAYKX3,2026-06-15,Tire Rotation
8GVCJIL9,2026-11-01,Engine Overhaul
VVSJWPK7,2026-03-03,Full Service
W84BYAMN,2026-08-28,Brake Inspection
OTYD88BL,2026-11-05,Oil Change
S5JXL0XD,2026-04-07,Engine Overhaul
3RVXAQ5N,2026-12-13,Brake Inspection
F8CQX5UW,2026-06-15,Engine Overhaul
OPFTSOO7,2026-09-18,Brake Inspection
KPVPRGDP,2026-06-22,Tire Rotation
Z95CY500,2026-11-16,Battery Replacement
HFWPWE0F,2026-05-02,Oil Change
UCR0BGWS,2026-12-01,Brake Inspection
4GNPWEY8,2026-05-31,Brake Inspection
7ZTZSC5O,2026-07-11,Tire Rotation
LF0PYD4P,2026-10-25,Engine Overhaul
IE6KUMDB,2026-06-05,Brake Inspection
2A6IA0MY,2026-05-28,Oil Change
U0MM11YU,2026-06-02,Oil Change
G605AQDI,2026-03-01,Oil Change
G5SN5WMS,2026-01-31,Tire Rotation
4S5AIKS0,2026-12-28,Full Service
QI7BE2P6,2026-01-29,Engine Overhaul
XER9LPJP,2026-09-13,Battery Replacement
TZY46SM0,2026-02-04,Oil Change
I3ELNQO5,2026-02-18,Engine Overhaul
PVY7DIFQ,2026-08-14,Oil Change
WK5AURM2,2026-03-10,Tire Rotation
OCYL5LIL,2026-03-12,Engine Overhaul
UHZ8VC1F,2026-06-15,Engine Overhaul
DVXS2PRT,2026-11-04,Battery Replacement
SW72R4JY,2026-09-15,Brake Inspection
EFYVNH8N,2026-01-18,Tire Rotation
XBJL0VKW,2026-02-20,Battery Replacement
DZXU82BG,2026-08-15,Engine Overhaul
7ORDXEJY,2026-03-23,Oil Change
EP2RJ162,2026-12-18,Engine Overhaul
33WZJ1AR,2026-10-30,Battery Replacement
QBDRWYOZ,2026-03-24,Engine Overhaul
D0EGDETM,2026-02-07,Oil Change
J8DQWZ9P,2026-09-10,Tire Rotation
QWUTJI2X,2026-01-04,Brake Inspection
TA9QRMIO,2026-12-09,Brake Inspection
0H9F87FN,2026-09-20,Battery Replacement
FNNSMZ9L,2026-04-22,Oil Change
Z1ASZL29,2026-02-02,Oil Change
3UHOSQ7L,2026-07-10,Full Service
IKDV93SK,2026-11-09,Tire Rotation
C3CHLK3F,2026-01-12,Oil Change
RDQ9GUQO,2026-05-09,Tire Rotation
3W35SK95,2026-06-15,Tire Rotation
PHRABP0Z,2026-12-18,Engine Overhaul
1TFIS1H9,2026-11-03,Oil Change
7659A46L,2026-03-19,Oil Change
PBMUGUU7,2026-09-07,Battery Replacement
GDZZ3ZFJ,2026-04-28,Tire Rotation
6DXMCAHK,2026-10-09,Battery Replacement
PSUNCLM6,2026-10-25,Tire Rotation
3LFG703X,2026-08-17,Tire Rotation
PS6GZ5QB,2026-06-01,Engine Overhaul
BX5HQDZ1,2026-05-08,Battery Replacement
57KC4IMB,2026-12-24,Battery Replacement
IKMAJH1U,2026-07-27,Engine Overhaul
ICS10H0M,2026-02-08,Tire Rotation
HN6EZEXI,2026-12-03,Full Service
GA36N2US,2026-06-25,Battery Replacement
E029T85B,2026-08-04,Oil Change
JCF3G2DI,2026-04-29,Oil Change
V9XKPRUY,2026-08-22,Engine Overhaul
PUZGTNHC,2026-01-24,Engine Overhaul
0XM39OW0,2026-10-26,Full Service
TRQC2RNA,2026-11-21,Full Service
PFNYUB2U,2026-05-18,Engine Overhaul
KH3HXU2T,2026-12-24,Oil Change
C32QLG3T,2026-07-13,Oil Change
KW0CO430,2026-12-23,Full Service
HUM5DQGI,2026-12-07,Engine Overhaul
FJ0LY070,2026-05-30,Brake Inspection
BHJK1K4R,2026-07-30,Full Service
LAUN4O37,2026-06-23,Battery Replacement
Q6E1QKMD,2026-06-11,Battery Replacement
85AN091L,2026-03-11,Battery Replacement
GYNCPKTB,2026-01-25,Battery Replacement
1ASEJ3PF,2026-01-11,Engine Overhaul
0339SRDJ,2026-10-24,Full Service
NBQVW2CT,2026-04-06,Oil Change
TW36YWX2,2026-10-27,Battery Replacement
3SQYH85L,2026-10-27,Engine Overhaul
1ZW6JMHZ,2026-02-06,Oil Change
CBXXRV8R,2026-01-22,Brake Inspection
WN8XKFZW,2026-11-15,Engine Overhaul
M9HLO32F,2026-04-29,Engine Overhaul
PLCL5QDR,2026-01-26,Full Service
ZVSWGNZ3,2026-12-01,Full Service
W7OXGQA9,2026-01-07,Full Service
509WSQX5,2026-12-09,Tire Rotation
X45U5G44,2026-03-18,Tire Rotation
WQYCM9YP,2026-01-13,Battery Replacement
V9QQIPP9,2026-03-19,Engine Overhaul
XBZP3M0K,2026-10-27,Full Service
PL2TAT0T,2026-02-21,Tire Rotation
BVR5VS5W,2026-03-12,Battery Replacement
21FOTU31,2026-05-08,Full Service
2GQTG9WR,2026-06-08,Engine Overhaul
XNRQBAMW,2026-12-24,Full Service
Z7QCA1M1,2026-07-20,
18MU2415,2026-09-22,Battery Replacement
BAG9D75Q,2026-07-18,Battery Replacement
71VTOELB,2026-05-27,Brake Inspection
RFWAFPOC,2026-05-29,Engine Overhaul
JUW43FCV,2026-12-21,Oil Change
76I0F9NH,2026-08-17,Brake Inspection
INVALID_7794,2026-05-10,Oil Change
YZZU4L3U,2026-11-11,Tire Rotation
P9XAMIGB,2026-11-10,Full Service
L0GLC5A7,2026-11-17,Engine Overhaul
4NL6O0HB,2026-05-15,Oil Change
4CHHCM9J,2026-10-09,Full Service
9R0SB8IX,2026-02-02,Tire Rotation
18SF0SZM,2026-11-17,Brake Inspection
WQLQOUQ6,2026-10-11,Oil Change
Z17CWB3Y,2026-10-05,Tire Rotation
5BYGMHJD,2026-10-06,Brake Inspection
X2VE9I9I,2026-12-27,Engine Overhaul
4IIVOGFF,2026-12-28,Engine Overhaul
F247WK3S,2026-12-22,Brake Inspection
T265FVWN,2026-08-28,Brake Inspection
U749EHAI,2026-12-18,Brake Inspection
SP7NUNA3,2026-08-27,Engine Overhaul
CMZW9HDZ,2026-06-07,Tire Rotation
KA6V81K3,2026-04-29,Tire Rotation
9VOQ8OX5,2026-09-28,Tire Rotation
R4PLWAXC,2026-05-30,Brake Inspection
OL5828S1,2026-07-03,Tire Rotation
GR09YEFF,2026-06-28,Engine Overhaul
8074NCF7,2026-10-17,Full Service
OH07I8K9,2026-03-29,Brake Inspection
A8VPWCBW,2026-07-25,Tire Rotation
5GIYAKPZ,2026-07-20,
82F7CRGF,2026-06-23,Tire Rotation
I8XVGBJU,2026-01-01,Full Service
Q9Q96SXE,2026-07-02,Battery Replacement
DD04M96L,2026-11-28,Battery Replacement
0IH1WJOJ,2026-04-29,Full Service
9924N2UC,2026-06-19,Engine Overhaul
O2UJQ7TI,2026-08-26,Brake Inspection
302OTKMY,INVALID_DATE,Brake Inspection
1QWU37R3,2026-08-30,Battery Replacement
L2F4721A,2026-12-23,Brake Inspection
ZSKLESFM,2026-01-25,Full Service
X15LZ0E8,2026-12-30,Full Service
5YRCLO4J,2026-12-06,Full Service
LDID0N57,2026-03-08,Oil Change
9BHGVVKF,2026-06-06,Tire Rotation
A4IFMWAK,2026-10-11,Tire Rotation
70BQ32E0,2026-05-17,Brake Inspection
4WSQUI10,2026-07-12,Engine Overhaul
ODTXZ702,2026-03-18,Tire Rotation
8ZQHVDM1,2026-11-06,Brake Inspection
IQ6WCBPK,2026-08-24,Tire Rotation
PC16ZYHD,2026-05-26,Tire Rotation
AXPVL2UC,2026-04-22,Full Service
FE7L2175,2026-10-12,Full Service
HO0GZTT6,2026-03-22,Oil Change
XYTQX1H2,2026-10-09,Tire Rotation
C0NVPWCG,2026-10-13,Brake Inspection
EP3XEA6M,2026-12-11,Tire Rotation
GFGRAXYY,2026-10-28,Battery Replacement
UPGS9SS0,2026-05-12,Tire Rotation
TTJLBVJ1,2026-03-01,Battery Replacement
TEIM3HFE,2026-09-20,Oil Change
E5J7FKPP,2026-01-19,Oil Change
OI2PH9P5,2026-12-11,Tire Rotation
V7TEXZKO,2026-06-20,Tire Rotation
ZK8VUT45,2026-12-05,Full Service
2KXG2KWS,2026-06-15,Oil Change
JZNL4Q8K,2026-04-11,Oil Change
32F3JVSF,2026-02-11,Brake Inspection
EVO3QCQ8,2026-02-16,Full Service
UG55MPAB,2026-09-27,Oil Change
INVALID_7217,2026-05-10,Oil Change
UHBHRGGM,2026-01-23,Brake Inspection
G8EZCS33,2026-06-23,Tire Rotation
B9KBOUHE,2026-07-05,Oil Change
AQX3YPOL,2026-09-29,Engine Overhaul
B234D0OP,2026-03-30,Full Service
VIH66AZ0,2026-05-01,Oil Change
0CXZQ4JI,2026-11-21,Brake Inspection
T3EA02CB,2026-07-23,Brake Inspection
X8R1U5VU,2026-01-21,Battery Replacement
NW38WM9Q,2026-10-31,Engine Overhaul
MTNUQQJQ,2026-11-11,Oil Change
SBB8T7ON,2026-02-20,Full Service
F79HOXHI,2026-10-14,Oil Change
036MXOU0,2026-04-09,Full Service
ZV7ZH7WD,2026-06-15,Tire Rotation
JE46EM6T,2026-10-24,Engine Overhaul
REBINYUO,2026-08-22,Oil Change
O7K6DPA5,2026-04-09,Oil Change
B3L9EZJF,2026-06-15,Engine Overhaul
UTZBQHLA,2026-10-28,Battery Replacement
1RPV0CJE,2026-06-15,Engine Overhaul
ZDITEW4E,2026-08-16,Oil Change
UZ4WO7FA,2026-04-15,Engine Overhaul
76BKE4GE,2026-06-17,Brake Inspection
X5VPQHLZ,2026-10-11,Full Service
KBQ95K69,2026-04-03,Brake Inspection
64CBGLIN,2026-08-12,Oil Change
5XX4S5T8,2026-03-25,Brake Inspection
APC3OYXM,2026-11-21,Tire Rotation
ZS0VVIEI,2026-07-20,
HSXILX7C,2026-08-04,Tire Rotation
1RCIVKWO,2026-06-10,Engine Overhaul
WU2APQSV,INVALID_DATE,Brake Inspection
RAWQ4IS1,2026-12-02,Battery Replacement
FCNGVC9G,2026-10-10,Engine Overhaul
W9EWJYSI,2026-07-25,Tire Rotation
KMV50EHZ,2026-07-05,Tire Rotation
N6QB2C8O,2026-01-03,Battery Replacement
MRFT4UAC,2026-11-16,Engine Overhaul
I4JAA8J2,2026-05-25,Tire Rotation
9GMQR74R,2026-10-24,Battery Replacement
VL6ZQQM3,2026-08-05,Tire Rotation
GMJ20KV1,2026-06-03,Full Service
1BTA3LC8,2026-04-09,Oil Change
EILXZWR5,2026-08-24,Engine Overhaul
0PHT7D5W,2026-09-07,Engine Overhaul
1SSG4QIT,2026-05-18,Engine Overhaul
3D5T2NLJ,2026-01-25,Engine Overhaul
JY5KUUP0,2026-09-06,Oil Change
AMGW2V69,2026-09-06,Engine Overhaul
6A9K0I16,2026-11-01,Oil Change
7DOK8RLQ,2026-06-13,Oil Change
VU4YV0Y8,2026-01-29,Tire Rotation
VU2420W5,2026-04-26,Brake Inspection
OD1L8C5K,2026-12-28,Tire Rotation
GX3D9KLB,2026-11-17,Oil Change
09DGPOFU,2026-08-31,Full Service
66IVJAW5,2026-07-30,Tire Rotation
63XP8KPT,2026-05-23,Engine Overhaul
1I8VW0KA,2026-07-05,Brake Inspection
MZH5INHZ,2026-12-15,Engine Overhaul
SIJ3CKG1,2026-07-03,Brake Inspection
S3G7OZLL,2026-04-28,Full Service
XTY23ZPR,2026-04-04,Brake Inspection
5ZE7IRZ7,2026-09-13,Full Service
O25WNCBF,2026-10-10,Battery Replacement
JUYVTMH6,2026-11-22,Engine Overhaul
NRB55WFJ,2026-04-23,Engine Overhaul
57HY85RM,2026-01-20,Engine Overhaul
GGAZRJLA,2026-11-19,Engine Overhaul
LL4IKQ6R,2026-07-04,Battery Replacement
FGZ4Y52K,2026-03-18,Brake Inspection
4GZ3ZPKS,2026-03-27,Oil Change
L6V9FSMC,2026-01-08,Oil Change
RH977YCL,2026-07-17,Brake Inspection
E33PMTQ8,2026-03-23,Battery Replacement
N0CMVEJ1,2026-04-29,Full Service
KIBCZL9L,2026-05-22,Full Service
J225DWAY,2026-10-18,Engine Overhaul
OCX2W2QC,2026-10-14,Engine Overhaul
5IS11MMU,2026-08-05,Battery Replacement
TQZIC4GB,2026-07-09,Brake Inspection
8OCF5D45,2026-03-28,Battery Replacement
TZ4L149E,2026-05-24,Engine Overhaul
DWKI8D4J,2026-10-29,Oil Change
74PVM5Q9,2026-07-31,Engine Overhaul
JL5INE4R,2026-03-21,Battery Replacement
3W7W0QBV,2026-08-30,Battery Replacement
5MSTNAL7,2026-05-11,Brake Inspection
M8SWSDRU,2026-01-03,Tire Rotation
9RNKLOMK,2026-11-25,Oil Change
NN0R3Q6P,2026-03-26,Oil Change
0IWVRKQ1,2026-07-13,Oil Change
UXH37FQH,2026-09-29,Brake Inspection
F63EB6J6,2026-01-22,Battery Replacement
16OCSFIB,2026-10-27,Brake Inspection
P55WP0OQ,2026-12-30,Full Service
8IFAZJTL,2026-05-18,Full Service
SKRHR3F2,2026-04-10,Oil Change
4FNYHG4C,2026-08-06,Battery Replacement
6J1NNI5G,2026-03-29,Full Service
QLWX5IJY,2026-02-04,Engine Overhaul
93TMLRIX,2026-10-12,Battery Replacement
FNEHSK0K,2026-07-19,Full Service
34XYDVXS,2026-05-10,Oil Change
I5HBEHQT,2026-06-30,Full Service
STGZ7EQ8,2026-08-13,Battery Replacement
MSPO2CNN,2026-11-14,Battery Replacement
E4DNJ79E,2026-08-23,Brake Inspection
PI2M2QL4,2026-11-07,Battery Replacement
VCO24NWB,2026-06-20,Engine Overhaul
TYTGP1VA,2026-05-15,Engine Overhaul
QHDQW0XI,2026-08-24,Tire Rotation
ZNDEXC2D,2026-03-22,Oil Change
8X50UYDP,2026-09-23,Oil Change
ZU3WPQLG,2026-08-31,Engine Overhaul
CW8ZP12V,2026-06-12,Brake Inspection
TAD9CTVY,2026-02-14,Full Service
IYZMXFJC,2026-03-27,Battery Replacement
OSW7O4OK,2026-07-05,Full Service
4M7EMPNT,2026-07-26,Tire Rotation
SVOE5ST2,2026-03-28,Battery Replacement
5OL4CIDI,2026-10-21,Tire Rotation
P4R8GAJT,2026-08-13,Engine Overhaul
TWFNOVCC,2026-05-06,Tire Rotation
4I3I8J9Z,2026-10-20,Engine Overhaul
UV88LEZD,2026-05-04,Battery Replacement
XW4PYCK0,2026-06-21,Oil Change
1RPV0CJE,2026-06-15,Tire Rotation
3FBKMDOC,2026-06-15,Engine Overhaul
YKVAYLNM,2026-08-29,Engine Overhaul
NHZK0BG5,2026-04-09,Full Service
3764140K,2026-08-27,Battery Replacement
Q02SKKFQ,2026-09-03,Engine Overhaul
8ROQDG06,2026-11-19,Battery Replacement
8RPC01UE,2026-08-31,Full Service
19MGTQ7U,2026-11-29,Brake Inspection
PQLN3B8T,2026-07-16,Battery Replacement
45HY9TJF,2026-05-28,Engine Overhaul
KUOM9IK5,2026-09-12,Brake Inspection
106RGG82,2026-09-04,Tire Rotation
9K8LACKV,2026-01-17,Battery Replacement
VQ06JI5S,2026-11-16,Tire Rotation
2JPZNBBE,2026-11-02,Oil Change
T21J8C4P,2026-06-12,Full Service
EPI3T7O6,2026-08-16,Battery Replacement
2R7IR0CS,INVALID_DATE,Brake Inspection
75DRFKZP,2026-12-08,Battery Replacement
DJ73D019,2026-09-30,Brake Inspection
2YTIB91Y,2026-10-09,Full Service
R051RXR2,2026-10-25,Battery Replacement
AK38P3UB,2026-06-19,Brake Inspection
2TEL9GFU,2026-11-24,Engine Overhaul
397K3LYS,2026-04-08,Tire Rotation
KMQQLOKJ,2026-02-22,Tire Rotation
CV12JSQB,2026-07-23,Engine Overhaul
ML8TD49T,2026-08-29,Oil Change
UIMSZKW2,2026-08-25,Oil Change
R7Q6RN2P,2026-11-08,Oil Change
I33OK950,2026-03-08,Engine Overhaul
GIAY0NFP,2026-07-05,Engine Overhaul
H2IROTVG,2026-01-04,Battery Replacement
744DTNOL,2026-06-23,Full Service
KJ5ETZG5,2026-07-18,Battery Replacement
VSTLL8A3,2026-12-06,Oil Change
7YELAW8X,2026-09-13,Engine Overhaul
FHQ2NJGO,2026-03-29,Tire Rotation
UM3MPRMW,2026-03-20,Brake Inspection
8X72JHUH,2026-08-14,Engine Overhaul
Y56PJ4EJ,2026-04-19,Engine Overhaul
IDXJUQK7,2026-08-03,Oil Change
YAADURSR,2026-05-18,Oil Change
O603C06Q,2026-03-06,Full Service
9RVYAO8U,2026-07-21,Full Service
ZJTX5EPG,2026-05-31,Full Service
Q3QSCZ3S,2026-12-23,Full Service
IGV5WLZJ,2026-10-24,Full Service
DDNUEMRR,2026-12-03,Battery Replacement
NCNH3KST,2026-11-15,Brake Inspection
NE1CSCGR,2026-05-21,Tire Rotation
TJ1PUB9Y,2026-10-23,Brake Inspection
VTP3GO26,2026-09-20,Full Service
ICZ5LQIY,2026-09-21,Tire Rotation
H3CQUUBC,2026-09-25,Engine Overhaul
NMC5F3Y0,2026-06-12,Full Service
MS7QLVYY,2026-12-26,Brake Inspection
4ONCJW0F,2026-06-25,Battery Replacement
KELUPVUT,2026-08-09,Full Service
4QGJFX83,2026-04-06,Engine Overhaul
JVUEK37B,2026-06-17,Brake Inspection
BIC9S6KS,2026-06-15,Engine Overhaul
COXPIXTM,2026-03-01,Brake Inspection
FK3196BB,2026-03-05,Tire Rotation
B8DXTMXA,2026-04-06,Brake Inspection
RSNZ1E0C,2026-07-28,Tire Rotation
2JLUU2G6,2026-12-12,Oil Change
JMMBPU66,2026-06-15,Engine Overhaul
ILR24JCG,2026-09-05,Tire Rotation
XEZSSYM5,2026-04-13,Tire Rotation
0Y8ZGVAR,2026-10-12,Full Service
MV4EZXAD,2026-06-24,Brake Inspection
J3LNT2RN,2026-06-15,Full Service
0JA6Z3BV,2026-08-17,Full Service
MLO1CRXX,2026-01-09,Engine Overhaul
EPK08AV6,2026-05-17,Full Service
0EJ0I791,2026-02-14,Brake Inspection
YDLCB2OO,2026-12-29,Full Service
9NZBZXGO,2026-09-12,Full Service
9SN4VJ2J,2026-06-01,Engine Overhaul
DNL3YE6C,2026-06-29,Brake Inspection
BMCG4O8K,2026-03-07,Battery Replacement
A49A9ZXU,2026-12-07,Full Service
89NSVUPQ,2026-05-26,Full Service
GRQYHB8R,2026-08-02,Tire Rotation
RHGY7BS3,2026-06-15,Engine Overhaul
EL2L1B40,2026-11-17,Brake Inspection
INVALID_6547,2026-05-10,Oil Change
5EZZP6PF,2026-02-16,Brake Inspection
C74YRF3C,2026-07-02,Engine Overhaul
013B7YWJ,2026-11-06,Brake Inspection
MB9W9K2F,2026-05-28,Tire Rotation
VORZZQ7B,2026-11-14,Full Service
6T1V8G8Q,2026-07-19,Engine Overhaul
SZLJWIS6,2026-11-14,Brake Inspection
GV7WNZHZ,2026-03-17,Tire Rotation
1WEQ4JAQ,2026-01-18,Tire Rotation
UFCGVUIE,2026-01-06,Engine Overhaul
AZHHLTK9,INVALID_DATE,Brake Inspection
CDPV9XAJ,2026-04-15,Engine Overhaul
TMTHICKP,2026-06-15,Engine Overhaul
AKQ57D3I,2026-11-11,Tire Rotation
NW834I22,2026-12-25,Tire Rotation
AOCNSK0D,2026-05-31,Brake Inspection
QC2L5GVI,2026-04-25,Battery Replacement
4KU0F1CN,2026-04-22,Tire Rotation
4MECDCNG,2026-06-14,Battery Replacement
B9UYJOCI,2026-06-07,Oil Change
4PBIEGS2,2026-01-25,Tire Rotation
TY8L2VQW,2026-08-26,Engine Overhaul
K6MOWP92,2026-09-06,Battery Replacement
D0RBGZKI,2026-08-30,Full Service
2QTLXGLV,2026-07-20,Engine Overhaul
EBRWW4A7,2026-07-03,Engine Overhaul
CIZ9MYJ6,2026-03-28,Tire Rotation
A6QJ34NS,2026-09-14,Engine Overhaul
X75H50EL,2026-01-11,Oil Change
TXX42RF0,2026-08-04,Battery Replacement
DMKR2LNC,2026-07-14,Full Service
DFICJYPP,2026-06-15,Engine Overhaul
6YSBJ4F3,2026-05-30,Oil Change
BBASZRBC,2026-10-01,Full Service
RPBUJ7EX,2026-01-08,Oil Change
M0RJ1FXY,2026-08-02,Full Service
O0NS1JUV,2026-05-08,Full Service
K176C3B8,2026-10-16,Brake Inspection
H5TDQG1Q,2026-01-13,Brake Inspection
X11MOOIT,2026-03-04,Tire Rotation
MXO2M5S4,2026-06-15,Engine Overhaul
I76PXN25,2026-09-25,Brake Inspection
Q6J351HB,2026-06-11,Tire Rotation
CRXUUL53,2026-10-02,Full Service
UZ3DS2L8,2026-01-31,Full Service
1L1QS4WW,2026-07-16,Battery Replacement
XUWQ9TLK,2026-12-21,Brake Inspection
QWK1PKHK,2026-04-06,Brake Inspection
TPUH9F7Z,2026-06-30,Full Service
5XRI0L6G,2026-07-06,Tire Rotation
AL2WLLI3,2026-10-05,Brake Inspection
0L8PGSLI,2026-11-29,Full Service
KD39KPSB,2026-06-24,Full Service
ILTDRJWR,2026-05-18,Full Service
XN4HC6KS,2026-03-17,Engine Overhaul
4NQYC84R,2026-11-01,Brake Inspection
08LQB9AJ,2026-12-27,Battery Replacement
BWP3ITHH,2026-09-30,Engine Overhaul
X5DX5Y7E,2026-08-17,Battery Replacement
6G8MJV3W,2026-07-13,Battery Replacement
CHTDUN0K,2026-04-22,Full Service
EYMI65KC,2026-06-19,Tire Rotation
0CV5BB1H,2026-02-09,Battery Replacement
HHON1IC9,2026-06-16,Brake Inspection
RMWNSE3Y,2026-09-12,Full Service
BXLDAM76,2026-04-04,Engine Overhaul
ZB16G18T,2026-02-21,Battery Replacement
2TE2PEHA,2026-02-09,Brake Inspection
TJPUHB92,2026-05-06,Full Service
1C9GGQBJ,2026-04-24,Engine Overhaul
4H80O42W,2026-10-01,Oil Change
4LA604LN,2026-12-25,Tire Rotation
57QLAZOB,2026-06-25,Engine Overhaul
W2AS43Y1,2026-02-09,Full Service
Q48RIVLP,2026-08-04,Full Service
XSUGPRO4,2026-06-01,Tire Rotation
L4T419LZ,2026-10-31,Battery Replacement
RNF3B3EY,2026-04-28,Tire Rotation
IWOML1TK,2026-09-03,Oil Change
QJMAC1LJ,2026-06-04,Battery Replacement
P37DNQ9U,2026-02-04,Battery Replacement
DF7QDFD7,2026-05-19,Oil Change
5UG6U9QX,2026-11-19,Engine Overhaul
32DAQNIA,2026-05-12,Engine Overhaul
A54ZVD14,2026-04-15,Engine Overhaul
60CZIAJB,2026-06-19,Battery Replacement
3YAG407T,2026-02-05,Brake Inspection
3NNISV3O,2026-06-19,Oil Change
JMAT3IP3,2026-05-15,Full Service
LX052VN9,2026-09-15,Engine Overhaul
31BTWWDB,2026-06-28,Tire Rotation
E22F20MM,2026-10-15,Brake Inspection
Q9TB6HKM,2026-11-29,Oil Change
5MWQI4PE,2026-03-11,Brake Inspection
YJHQGCW5,2026-03-30,Tire Rotation
MJY6KY0U,2026-04-20,Engine Overhaul
42AM72KX,2026-12-08,Oil Change
GE568WSY,2026-04-14,Full Service
SMS5FKQQ,2026-07-23,Brake Inspection
D8S6Z4NZ,2026-06-24,Brake Inspection
LYB4X1J5,2026-02-07,Oil Change
VHJ7N9WH,2026-11-02,Battery Replacement
ETITXTXB,2026-04-21,Battery Replacement
8YTDCAQV,2026-09-18,Oil Change
I395CGH6,2026-09-30,Brake Inspection
BRFTGZ7P,2026-03-23,Oil Change
1COG1ZIP,2026-09-13,Tire Rotation
JHZB8BGD,2026-08-19,Oil Change
SWUUBIHN,2026-02-21,Tire Rotation
2YIFQ4K8,2026-10-03,Battery Replacement
ZEINJU64,2026-08-10,Full Service
AOIA5VTI,2026-07-11,Battery Replacement
KV777SLW,2026-08-25,Full Service
K3OBAJNT,2026-11-01,Engine Overhaul
CSEJ6QPB,2026-01-04,Battery Replacement
9O96RSXZ,2026-12-10,Engine Overhaul
NZRGA5D5,2026-08-01,Full Service
MKQG0P6T,2026-12-13,Battery Replacement
LXPNSBB0,2026-03-22,Brake Inspection
3WYVMEYK,2026-07-26,Oil Change
UCEWOV2N,2026-10-30,Battery Replacement
GTQYYY1D,2026-04-14,Battery Replacement
6NVRHKW1,2026-06-29,Engine Overhaul
AZLDNT3P,2026-01-31,Full Service
A8GEG0AE,2026-11-17,Full Service
KAMU5L12,2026-07-29,Tire Rotation
N62M6A0A,2026-03-14,Tire Rotation
53E0ALSN,2026-12-15,Battery Replacement
1FI95YSX,2026-10-20,Engine Overhaul
KKUQ14J9,2026-06-16,Brake Inspection
3TK5PQK7,2026-06-11,Full Service
J8M5COZG,2026-11-21,Battery Replacement
SUFVZQ6N,2026-06-15,Engine Overhaul
GVA53DX0,2026-03-07,Tire Rotation
UHK8XF8Q,2026-04-15,Engine Overhaul
JRRGBQG4,2026-09-30,Engine Overhaul
N4056UCE,2026-06-15,Tire Rotation
WFBFC9HI,INVALID_DATE,Brake Inspection
ZOVPMPVO,2026-09-14,Full Service
VJ7F3L11,2026-01-24,Oil Change
E433YEE1,2026-08-14,Oil Change
S0AL7OIF,2026-09-04,Oil Change
9YM8NSEO,2026-01-04,Tire Rotation
LBPH42KW,2026-05-26,Brake Inspection
XBY5XBK0,2026-08-29,Brake Inspection
T6D2UA2Z,2026-03-15,Oil Change
788FVP9S,2026-04-19,Oil Change
B7DQ351I,2026-02-04,Engine Overhaul
LSS4MFGY,2026-08-15,Engine Overhaul
N33K13MU,2026-09-24,Brake Inspection
KQSVU5U5,2026-11-16,Full Service
2YREW4TF,2026-11-05,Full Service
C3LNDYA0,2026-07-09,Battery Replacement
29VZ3GN8,2026-09-22,Oil Change
Q0B86DYN,2026-05-18,Full Service
DBQQWB6A,2026-08-05,Engine Overhaul
ZHJ6U2CN,2026-10-31,Oil Change
XFTT1TXO,2026-01-13,Brake Inspection
9VFARNTX,2026-07-28,Full Service
QFT8K6QJ,2026-11-28,Tire Rotation
164RBHS6,2026-02-23,Oil Change
4V90XABO,2026-03-20,Full Service
O1JEYK0F,2026-08-03,Full Service
ZCSG7HWV,2026-07-22,Full Service
P9G1D23T,2026-10-17,Tire Rotation
P62BSCL5,2026-03-21,Brake Inspection
0AZZ3WL3,2026-10-24,Engine Overhaul
LTRIWJ7H,2026-08-20,Brake Inspection
FTNFGH5F,2026-07-05,Battery Replacement
4N7K6CRT,2026-02-19,Full Service
JLNHH3NE,2026-12-30,Engine Overhaul
HPMJ1ERX,2026-04-02,Full Service
FC2BJIEY,2026-10-11,Tire Rotation
FXY73ZNO,2026-04-03,Oil Change
EVNHSMTK,2026-01-10,Oil Change
61T4TMJC,2026-10-23,Oil Change
FV9SF5R2,2026-01-20,Engine Overhaul
QX5R3G95,2026-03-15,Engine Overhaul
VK8L0RST,2026-09-22,Battery Replacement
UC49DV4I,2026-09-30,Brake Inspection
XZKJ79C9,2026-06-13,Brake Inspection
9MW1LV49,2026-12-18,Engine Overhaul
D9ROIZ6H,2026-12-23,Brake Inspection
83ZM0PBM,2026-05-18,Tire Rotation
XNX8AYAP,2026-10-08,Tire Rotation
P8UGRNR7,2026-11-17,Oil Change
3HW3EZ0N,2026-11-12,Oil Change
UORIBA0N,2026-10-19,Tire Rotation
IZL96GWG,2026-12-21,Oil Change
630R48EX,2026-04-27,Battery Replacement
NPUQRH63,2026-01-24,Engine Overhaul
2K9U8HV4,2026-12-31,Battery Replacement
ARP11P20,2026-11-11,Tire Rotation
DIUF8WXH,2026-06-18,Tire Rotation
UZYLBUZC,2026-10-30,Oil Change
ZA9SGGP1,2026-06-27,Battery Replacement
P8DFAHMB,2026-03-08,Engine Overhaul
9RQHXAFQ,2026-05-07,Engine Overhaul
HVY2JHKG,2026-01-08,Oil Change
LFXYAF65,2026-10-07,Engine Overhaul
XTYQ6IBX,2026-09-24,Battery Replacement
MFS1SPCM,2026-10-23,Tire Rotation
FCW5FB9P,2026-03-10,Full Service
369TUSYT,2026-09-26,Full Service
OUJZ46B1,2026-04-03,Full Service
I5LQVLPZ,2026-08-26,Engine Overhaul
PUUYF6VO,2026-08-16,Battery Replacement
PHLPDDXL,2026-01-29,Oil Change
6AE9SQFD,2026-09-07,Full Service
XNG6NUH1,2026-08-27,Tire Rotation
1OO1NJD3,2026-04-16,Engine Overhaul
SDKVEOQB,2026-02-24,Battery Replacement
56X489BF,2026-11-10,Engine Overhaul
R8K92F5Q,2026-02-14,Brake Inspection
V5CMTOUH,2026-11-10,Oil Change
EWDDDDAI,2026-09-24,Engine Overhaul
F9BKS3K9,2026-02-13,Oil Change
RM7TXE5D,2026-08-16,Engine Overhaul
JD5BMV8G,2026-07-07,Tire Rotation
QNSWNMBJ,2026-05-24,Tire Rotation
VJGIW2EC,2026-06-24,Brake Inspection
P7VSEXOT,2026-06-15,Engine Overhaul
HKJB33BR,2026-06-29,Battery Replacement
CJX5RX7E,2026-10-28,Battery Replacement
V3PYTX2H,2026-04-19,Full Service
R6BLFFMV,2026-08-11,Full Service
W31OCAG4,2026-07-27,Engine Overhaul
O25U67N3,2026-05-14,Brake Inspection
2JMAEB7J,2026-04-18,Brake Inspection
INVALID_9520,2026-05-10,Oil Change
9758K32J,2026-07-07,Engine Overhaul
BOZOX2JD,2026-06-15,Tire Rotation
KJLLW7VL,2026-10-07,Full Service
NFIP8AA4,2026-03-19,Battery Replacement
DD9SIA2O,2026-09-20,Battery Replacement
22XTQ4AB,2026-06-15,Tire Rotation
UK6YF51O,2026-02-26,Brake Inspection
MX496AIJ,2026-02-02,Battery Replacement
68TYEC4P,2026-09-07,Engine Overhaul
B1AA7PGZ,2026-05-23,Battery Replacement
AL249YA7,2026-02-08,Engine Overhaul
3TLOQP1K,2026-12-13,Battery Replacement
ADSQRJ1P,2026-07-29,Tire Rotation
6KESESOT,2026-08-13,Battery Replacement
W9IFPAX6,2026-01-23,Battery Replacement
ODZFS7DJ,2026-02-23,Brake Inspection
LQJ1ZU7T,2026-06-17,Brake Inspection
Q8QD0O0C,2026-04-28,Tire Rotation
052MI3O1,2026-01-22,Engine Overhaul
9XSSNXQP,2026-10-11,Tire Rotation
LU2C19NA,2026-09-26,Tire Rotation
1OO1NJD3,2026-04-16,Engine Overhaul
I4E6LI66,2026-05-19,Battery Replacement
9TVLAWPM,2026-08-24,Full Service
AZKMH4A7,2026-12-11,Engine Overhaul
XRPKIRZU,2026-03-13,Full Service
5X9FPN7X,2026-02-01,Tire Rotation
N6U09DO2,2026-08-27,Battery Replacement
9AL12BJM,2026-10-23,Brake Inspection
TM659GUW,2026-03-17,Battery Replacement
64KUOSF7,2026-05-24,Full Service
LA2K9UDO,2026-05-08,Tire Rotation
RUORVKAF,2026-07-03,Engine Overhaul
M35EQNVG,2026-06-01,Full Service
BW6CK4BL,2026-03-29,Battery Replacement
QRIAIOIQ,2026-08-11,Tire Rotation
LYUVTCRL,2026-05-29,Tire Rotation
GZ0U0NZC,2026-08-15,Tire Rotation
2HQN7MR5,2026-04-07,Oil Change
70R44AH9,2026-10-17,Brake Inspection
YW4K6FD0,2026-07-15,Brake Inspection
G5PJ6287,2026-04-15,Oil Change
D2TMB5HF,2026-01-21,Brake Inspection
31RWB1Q6,2026-01-04,Oil Change
JWB4DWTA,2026-04-22,Tire Rotation
2OPEF721,2026-01-25,Battery Replacement
OBFHXMIY,2026-07-21,Oil Change
8S9CR3XQ,2026-08-18,Oil Change
PRKROKBV,2026-09-19,Oil Change
3PG6OVKM,2026-04-18,Tire Rotation
OSOCI8TY,2026-11-28,Oil Change
ZUHZF1JW,2026-05-10,Tire Rotation
MLD71OTT,2026-09-11,Oil Change
WZWSF7DP,2026-05-01,Tire Rotation
EYZIE8OM,2026-06-07,Engine Overhaul
9XTOL6Y4,2026-08-21,Engine Overhaul
1RTQYF42,2026-12-13,Battery Replacement
X54VN039,2026-06-15,Tire Rotation
KK4ISI3B,2026-01-17,Oil Change
8EUIUJKO,2026-12-18,Battery Replacement
8FWVYK9S,2026-09-18,Tire Rotation
UIUAPI2S,2026-03-19,Full Service
44BCRBUQ,2026-10-01,Battery Replacement
KFNN6N5U,2026-03-24,Oil Change
GI5MF7YY,2026-12-24,Brake Inspection
53UAOIFZ,2026-11-21,Brake Inspection
CH8L49I7,2026-11-07,Oil Change
C0YVL1VI,2026-06-20,Battery Replacement
MA32NYJY,2026-09-18,Battery Replacement
LLMJP4VX,2026-09-14,Oil Change
MJES4SHO,2026-11-26,Oil Change
CF207EIF,2026-05-17,Oil Change
Q2T1UOOC,2026-06-25,Brake Inspection
XWHMVNZX,2026-02-19,Tire Rotation
DQ31O1C8,2026-06-08,Engine Overhaul
KLAWRDJM,2026-04-07,Brake Inspection
Z9LQ2LE1,2026-11-08,Tire Rotation
02W52ARQ,2026-02-20,Full Service
SB9BRPQW,2026-02-28,Brake Inspection
6BUK8J7J,2026-05-10,Engine Overhaul
VWBKLV4S,2026-01-04,Engine Overhaul
47GBZPZX,2026-11-19,Brake Inspection
TOMZAP72,2026-01-18,Brake Inspection
45ILYPE1,2026-07-08,Tire Rotation
TDUNB43I,2026-08-14,Battery Replacement
1IKUL556,2026-05-06,Full Service
GBT3DLB7,2026-08-31,Battery Replacement
B3R5S2SW,2026-07-15,Full Service
H7M02JDU,2026-06-06,Brake Inspection
LNRRHG72,2026-06-12,Oil Change
FJN50Q6K,2026-01-21,Brake Inspection
1WPGCL36,2026-05-24,Battery Replacement
F9Z6YUF6,2026-10-25,Brake Inspection
UDMHKXHQ,2026-07-01,Full Service
S7AYJFQG,2026-12-06,Engine Overhaul
V1L21TT9,2026-12-04,Oil Change
6IB6XJNR,2026-03-17,Battery Replacement
LJHI9HGQ,2026-03-25,Battery Replacement
PLAR6CNE,2026-11-07,Engine Overhaul
6UE2WSUU,2026-04-16,Full Service
0X07NDVJ,2026-12-25,Full Service
0AZAQ820,2026-06-05,Engine Overhaul
B74DJZIZ,2026-12-25,Engine Overhaul
0QMEGPP3,2026-06-05,Battery Replacement
O6XGPN6K,2026-03-02,Brake Inspection
E1NV1A5I,2026-01-16,Tire Rotation
WBE2GDBL,2026-02-05,Brake Inspection
IGQ9GBOO,2026-01-03,Oil Change
43Q8YBRT,2026-04-27,Engine Overhaul
IW967452,2026-02-28,Battery Replacement
3ROQ81VH,2026-10-05,Brake Inspection
RGU1PARI,2026-03-27,Engine Overhaul
DK60332F,2026-02-21,Engine Overhaul
KMDNMKLA,2026-12-18,Full Service
05Q8JOU7,2026-08-07,Battery Replacement
03W10S38,2026-02-22,Tire Rotation
7QHE7CAJ,2026-06-17,Engine Overhaul
HS9QCMW6,2026-04-07,Brake Inspection
WPF971LJ,2026-08-17,Brake Inspection
R7KUINUV,2026-05-13,Brake Inspection
ITYJ39XQ,2026-11-08,Brake Inspection
R1Y7N0WB,2026-07-05,Battery Replacement
6RXKDI4Y,2026-03-09,Full Service
EEFG71AE,2026-03-10,Tire Rotation
ZPBTDZ9A,2026-07-20,
O07IST29,2026-06-16,Brake Inspection
QW2L104P,2026-07-07,Brake Inspection
U2SHMGRX,2026-11-01,Oil Change
T9C76WAO,2026-05-21,Engine Overhaul
0WMQQ9F0,2026-07-20,Engine Overhaul
BZYANQ24,2026-03-23,Full Service
OJ4DC2MB,2026-11-29,Engine Overhaul
TJWV20MX,2026-04-14,Brake Inspection
X7VL3MT9,2026-06-11,Tire Rotation
EQXMPC2I,2026-07-20,
X3HOP0P3,2026-03-27,Oil Change
JTH388UC,2026-12-27,Tire Rotation
NCTF50M3,2026-11-08,Battery Replacement
AFY56WWX,2026-05-17,Battery Replacement
TUDPN4KZ,2026-01-11,Oil Change
M1UTEZJ2,2026-05-23,Battery Replacement
M51UR3W9,2026-06-01,Tire Rotation
H8AE4O2L,2026-04-05,Battery Replacement
LRA84TCV,2026-09-16,Oil Change
7VMEAOBX,2026-09-23,Tire Rotation
7FCB95ZP,2026-10-16,Brake Inspection
MPUUZTQ7,2026-06-13,Engine Overhaul
U9MHCSQ1,2026-06-19,Battery Replacement
4R9WVK20,2026-07-23,Tire Rotation
H7CYPOBU,2026-08-22,Battery Replacement
WEAVWOYP,2026-01-09,Full Service
VJT5UWNZ,2026-08-04,Oil Change
SD7VBVFI,2026-03-28,Oil Change
CCOM49VV,2026-08-22,Oil Change
LXPFCMGH,2026-01-03,Tire Rotation
5BN2M90I,2026-12-29,Battery Replacement
TU4D3N68,2026-02-04,Engine Overhaul
PFT0S0WN,2026-11-27,Battery Replacement
00DCGZJ9,2026-06-22,Brake Inspection
E7HP90DW,2026-06-11,Full Service
YXOWHUFB,2026-08-12,Oil Change
MM4V6ASQ,2026-06-12,Brake Inspection
G8IVY5QH,2026-07-30,Oil Change
30PJZNPX,2026-07-18,Brake Inspection
MJOS4ZJX,2026-10-18,Oil Change
9PO2IJZD,2026-06-15,Engine Overhaul
6OKT79Q0,2026-09-19,Battery Replacement
P33MX3IT,2026-08-02,Full Service
M55DJ6UB,2026-07-11,Battery Replacement
OQ24DF8Z,2026-02-27,Oil Change
9JTFSYM6,2026-04-05,Brake Inspection
HS3DEHHJ,2026-11-17,Full Service
FD7GA71E,2026-03-08,Full Service
151CDPWB,2026-10-09,Oil Change
96QJ3SS2,2026-04-15,Tire Rotation
ELKXX3AT,2026-02-06,Oil Change
J9O07CQS,2026-07-08,Brake Inspection
0PJ7MXUZ,2026-11-30,Battery Replacement
6MPO6EDK,2026-07-17,Oil Change
HI4X5969,2026-03-10,Engine Overhaul
XYAK53KT,2026-09-26,Engine Overhaul
B3KKR17Y,2026-03-23,Engine Overhaul
2AGJ81Q2,2026-09-22,Engine Overhaul
UU1A4FVP,2026-11-23,Full Service
CU1SDPKG,2026-12-02,Tire Rotation
XQ6JA6E3,2026-03-23,Brake Inspection
YNAGIBJ0,2026-04-01,Full Service
LAB21UN8,2026-06-21,Engine Overhaul
D8CRX7EE,2026-11-18,Full Service
F8CQX5UW,2026-06-15,Tire Rotation
UVI9AJ3G,2026-08-18,Brake Inspection
NSL2HKAZ,2026-05-17,Oil Change
WEAGQSVX,2026-11-12,Tire Rotation
5WBIIZ9Q,2026-05-02,Brake Inspection
39DPHMUG,2026-08-13,Full Service
O5M1OA5B,2026-03-29,Engine Overhaul
XJP2NOUU,2026-12-31,Engine Overhaul
KQO10TZ1,2026-03-11,Oil Change
GV67KBO9,2026-05-26,Tire Rotation
94RE11FX,2026-08-29,Tire Rotation
PECN9WGQ,2026-10-29,Brake Inspection
Q0C086SX,2026-12-26,Full Service
HF2MAT5V,2026-08-15,Tire Rotation
XG7JJ572,2026-11-03,Brake Inspection
B18KQYRI,2026-07-09,Battery Replacement
VUTC2U1N,2026-08-27,Oil Change
3AOWRAP5,2026-10-05,Oil Change
YS9Q4M20,2026-10-17,Battery Replacement
AMMMFMLZ,2026-04-07,Full Service
BKG010PT,2026-02-20,Brake Inspection
QAW0BTGB,2026-05-22,Oil Change
RE8ZQ3LY,2026-07-05,Oil Change
YY059X1O,2026-01-19,Engine Overhaul
WPUV0YXR,2026-04-09,Full Service
R2LN9658,2026-01-31,Full Service
IY1GQCV6,2026-10-25,Oil Change
DEIZ1505,2026-06-27,Brake Inspection
R5WCJKFX,2026-05-27,Full Service
BRS1XDT7,2026-10-04,Battery Replacement
PXA8F39N,2026-07-29,Battery Replacement
DCSPO55O,2026-04-04,Engine Overhaul
ZGEH9NMS,2026-09-29,Tire Rotation
CMXL0LSI,2026-10-31,Tire Rotation
K2WNN9JR,2026-04-12,Engine Overhaul
Q6YYHNTP,2026-10-08,Brake Inspection
1O4ZTYM6,2026-05-29,Full Service
GBQKCK0W,2026-02-24,Battery Replacement
X203CWKQ,2026-09-19,Battery Replacement
CYI1MTDI,2026-08-12,Brake Inspection
E0I88GM9,2026-04-09,Engine Overhaul
0FCBE3NC,2026-11-09,Full Service
R7QXJ4RJ,2026-05-16,Oil Change
Q4HD4A24,2026-10-22,Engine Overhaul
HIKX1Y6L,2026-10-11,Full Service
DM9AHQU4,2026-10-08,Engine Overhaul
AAL1UOAA,2026-03-30,Battery Replacement
91NWPCFI,2026-10-15,Oil Change
EKG52J5I,2026-03-18,Full Service
35FHDIZ7,2026-05-02,Oil Change
KFQIXNI8,2026-01-18,Brake Inspection
WIHBO9CH,2026-07-15,Oil Change
GE31ZBF7,2026-06-13,Engine Overhaul
SI3PB2WK,2026-11-16,Oil Change
EMZB8PMR,2026-12-05,Engine Overhaul
8KD6VKZL,2026-05-23,Engine Overhaul
RMEYMF03,2026-03-05,Brake Inspection
UNLARU6C,2026-06-09,Battery Replacement
U8MZE6H1,2026-03-17,Full Service
12G4FH19,2026-05-25,Battery Replacement
D1FCBKBT,2026-02-07,Oil Change
AI1WD86H,2026-07-21,Tire Rotation
FHD8CFCZ,2026-01-13,Tire Rotation
Z3WU0189,2026-05-24,Full Service
VJOJOG4W,2026-11-04,Full Service
8RSFHDVO,2026-01-29,Full Service
MFI21IOC,2026-03-16,Battery Replacement
KTVCOG73,2026-06-24,Tire Rotation
JRW1QIJU,2026-07-04,Tire Rotation
Y7MKBOVH,2026-02-09,Tire Rotation
O25MHGUD,2026-09-28,Full Service
17DQS5XO,2026-04-27,Oil Change
QEDNXD80,2026-07-29,Tire Rotation
5JKFT4TA,2026-09-05,Battery Replacement
PJ9KVZ1I,2026-05-08,Engine Overhaul
TZW2OZC5,2026-04-08,Brake Inspection
SL294651,2026-03-30,Tire Rotation
TOHXXG3G,2026-04-20,Brake Inspection
H020V65E,2026-04-24,Full Service
5YVTXH01,2026-06-15,Engine Overhaul
WROQCXTF,2026-01-11,Battery Replacement
9OPFT9I6,2026-04-29,Full Service
4TWZ69L1,2026-06-10,Oil Change
TQT239QY,2026-09-13,Full Service
IYBQ4RGO,2026-02-11,Full Service
BSUKLNAL,2026-07-18,Full Service
KMVU6OYY,2026-09-08,Engine Overhaul
8MNQBIFK,2026-01-21,Brake Inspection
YFG6YLUK,2026-04-30,Battery Replacement
1W9QB7ZE,2026-07-20,
CFC0A2TG,2026-03-05,Engine Overhaul
LAC3ZQTZ,2026-12-31,Brake Inspection
WASBMNIP,2026-07-20,Engine Overhaul
6Q6MPKIA,2026-12-04,Brake Inspection
FYXSKTFC,2026-11-25,Full Service
NXFC3JS9,2026-12-31,Brake Inspection
K1LVX5K4,2026-12-25,Engine Overhaul
FLOTGLR3,2026-12-29,Tire Rotation
5GDV01V8,2026-02-07,Full Service
XHMUHXNT,2026-02-27,Oil Change
WMAFSYGZ,2026-07-20,Tire Rotation
MDZS0OA8,2026-09-02,Full Service
S0CM1OGT,2026-08-03,Oil Change
CAAULIZS,2026-08-14,Tire Rotation
OCI1RT2P,2026-12-12,Battery Replacement
O90TQ8QB,2026-07-10,Full Service
5A2YMTL3,2026-05-28,Brake Inspection
52JO90QW,2026-03-06,Full Service
SR9SXQQR,2026-03-04,Oil Change
KSWPX7Z3,2026-12-10,Battery Replacement
HD0E2Z7Z,2026-09-02,Oil Change
AWGLLLFY,2026-08-08,Full Service
M8JVY5QM,2026-07-12,Engine Overhaul
S2LHJS8Q,2026-02-07,Tire Rotation
EZU54D1Y,2026-05-27,Oil Change
ZEXVP3NM,2026-06-30,Tire Rotation
5NT4R8LP,2026-05-19,Engine Overhaul
AM965HTI,2026-02-04,Full Service
NS03FQE7,2026-03-23,Engine Overhaul
SQ17OFRN,2026-12-01,Brake Inspection
KJJYELLK,2026-03-04,Oil Change
X51L6YFN,2026-03-24,Engine Overhaul
IY398M9L,2026-11-01,Oil Change
8LRU38P2,2026-08-22,Battery Replacement
6N97LAWS,2026-06-11,Full Service
7NS3L0MI,2026-08-23,Engine Overhaul
55MZJYGE,2026-09-19,Engine Overhaul
90NP81V3,2026-03-31,Brake Inspection
TZ21D95R,2026-06-20,Tire Rotation
XYUSEMG4,2026-03-20,Full Service
Y80ONNKN,2026-06-23,Full Service
W2BA0IV4,2026-10-16,Full Service
N5Y11Y1M,2026-02-01,Brake Inspection
TUF5ME5Y,2026-04-28,Full Service
2GL5E5NT,2026-11-11,Battery Replacement
D8PD69CZ,2026-07-25,Battery Replacement
BFKXKHF7,2026-09-13,Full Service
SEJYGOJ6,2026-04-17,Brake Inspection
BDTX96CZ,2026-06-11,Brake Inspection
42M1L641,2026-12-07,Battery Replacement
XVSSH2WL,2026-11-24,Engine Overhaul
42SBXOFG,2026-06-16,Brake Inspection
HHSWHGQ6,2026-05-18,Engine Overhaul
H52L03OZ,2026-08-16,Oil Change
8V3WX4H8,2026-08-05,Battery Replacement
5JUZ107Y,2026-07-25,Tire Rotation
Z74HHR54,2026-02-10,Battery Replacement
VLF2L2MK,2026-11-10,Brake Inspection
E8S9MHTQ,2026-01-14,Full Service
EWJQ6LUZ,2026-09-19,Battery Replacement
DHWD73L8,2026-10-03,Brake Inspection
44BCRBUQ,2026-10-01,Battery Replacement
ZHUHFI65,2026-06-16,Full Service
SWJC5NB3,2026-04-22,Engine Overhaul
C46ONBXW,2026-04-27,Oil Change
6UMD7R4C,2026-05-06,Battery Replacement
P7VSEXOT,2026-06-15,Tire Rotation
XZMDFAMX,2026-02-16,Engine Overhaul
62LN6CSA,2026-09-30,Full Service
ATWTF6R9,2026-08-29,Oil Change
DZA8P84B,2026-10-03,Engine Overhaul
1CJNASK1,2026-05-03,Tire Rotation
GRA7E22K,2026-06-18,Oil Change
VQVVK9N8,2026-04-19,Engine Overhaul
RYK67IAQ,2026-06-23,Engine Overhaul
6B8VM42V,2026-02-26,Tire Rotation
G5PSZKJ3,2026-01-25,Brake Inspection
NTY4ET2L,2026-12-30,Tire Rotation
RUPIPOMM,2026-06-05,Oil Change
HOSL6MH9,2026-04-29,Battery Replacement
3ZHT1WB5,2026-01-16,Brake Inspection
WUKYT99W,2026-09-30,Oil Change
4L5MR7F0,2026-09-27,Full Service
EDUNJ02Y,2026-07-20,Brake Inspection
HC54MW4K,2026-10-25,Battery Replacement
PN4T2AM3,2026-07-18,Brake Inspection
PEZ1D4HX,2026-09-22,Brake Inspection
3GCJU0KK,2026-09-16,Brake Inspection
2L22K14W,2026-08-14,Full Service
UP9085AR,2026-12-31,Engine Overhaul
K6MXLU79,2026-04-26,Full Service
XCNPI5XR,2026-02-24,Engine Overhaul
C0A9HHXN,2026-01-14,Full Service
DC8EDBKB,2026-03-03,Oil Change
THZ7LGNA,2026-05-08,Oil Change
LGFJ7MW7,2026-09-11,Full Service
ZR7X8P6T,2026-06-03,Battery Replacement
679P4R3S,2026-12-07,Engine Overhaul
DGNSBWE3,2026-09-09,Brake Inspection
WWHLA99D,2026-09-23,Full Service
FTA6Z1W2,2026-09-15,Full Service
S55QN8ZN,2026-10-27,Engine Overhaul
I7KL3W8E,2026-10-19,Brake Inspection
HUUQWPMN,2026-09-11,Full Service
9YZXUTLN,2026-07-31,Battery Replacement
Q7X3KVJO,2026-01-20,Battery Replacement
EHSRTWX7,2026-03-02,Oil Change
FN4IJN81,2026-01-20,Tire Rotation
IX9DQLVO,2026-07-18,Brake Inspection
7NQA9C1J,2026-08-27,Battery Replacement
J85G0GNT,2026-05-26,Oil Change
GKGP89UN,2026-03-05,Tire Rotation
51VMPX4C,2026-03-22,Brake Inspection
IW967452,2026-02-28,Battery Replacement
JBUAHAGT,2026-08-01,Full Service
W4IOJ4MM,2026-11-27,Engine Overhaul
Q34SCS73,2026-12-24,Oil Change
6PWHKYKM,2026-08-13,Engine Overhaul
4H1O5RK7,2026-11-24,Brake Inspection
J7CJ8NUS,2026-05-28,Tire Rotation
2UH538JQ,2026-02-20,Full Service
X54VN039,2026-06-15,Engine Overhaul
SOSNMEJ4,2026-08-02,Brake Inspection
KJELGDC5,2026-07-17,Full Service
ORBWQKBS,2026-11-17,Tire Rotation
GBYN4129,2026-04-01,Tire Rotation
YTXT62XI,2026-12-28,Battery Replacement
0COPDROA,INVALID_DATE,Brake Inspection
SDJSFLC0,2026-04-23,Full Service
UZ3LV65P,2026-06-19,Engine Overhaul
VZ6B9725,2026-09-25,Engine Overhaul
E8MSIBJ1,2026-05-27,Full Service
7S6L61NP,2026-03-27,Engine Overhaul
87QP68SA,2026-12-02,Tire Rotation
KLXTMXA3,2026-12-25,Brake Inspection
RV09JEG9,2026-12-16,Engine Overhaul
ZEC7VT48,2026-07-23,Oil Change
K2T4SHS3,2026-08-19,Battery Replacement
MXTZFKJB,2026-08-02,Battery Replacement
RYH1IS92,2026-07-19,Full Service
P6YCND98,2026-10-26,Oil Change
4K027W5X,2026-02-13,Engine Overhaul
4JY9KFO7,2026-01-06,Tire Rotation
E0BEQDTJ,2026-05-04,Engine Overhaul
T3VLRCS3,2026-10-02,Brake Inspection
CMNC19SR,2026-03-26,Oil Change
EUCVGJC3,2026-05-03,Tire Rotation
DMHM5OR7,INVALID_DATE,Brake Inspection
9XYF4J9G,2026-02-06,Battery Replacement
UVUTI8G4,2026-09-05,Engine Overhaul
BW56CXJ7,2026-07-14,Engine Overhaul
EVALPQ06,2026-01-01,Battery Replacement
6LT52KEE,2026-01-05,Full Service
SQIW5PK2,2026-08-19,Full Service
ETQ8QDM6,2026-08-11,Tire Rotation
2D2NU9L3,2026-03-17,Full Service
ILGUDWYE,2026-06-16,Full Service
REUD26DN,2026-10-06,Brake Inspection
I868SQCS,2026-03-10,Full Service
YFXU6205,2026-06-10,Engine Overhaul
UC4FBW8A,2026-04-08,Brake Inspection
Q14H3OA8,2026-05-23,Full Service
S9Q0K4C5,2026-05-23,Brake Inspection
60DBAOQK,2026-05-03,Oil Change
OY7YITTJ,2026-02-12,Oil Change
U1BKNXCU,2026-09-13,Tire Rotation
5BISNQ9H,2026-10-09,Brake Inspection
KDI0HBV7,2026-03-09,Battery Replacement
22SYSK0Z,2026-04-15,Brake Inspection
LRRC6NTQ,2026-08-12,Tire Rotation
KKCYX78W,2026-01-24,Oil Change
1MZF54UF,2026-01-10,Tire Rotation
BTU5ZL8G,2026-06-15,Engine Overhaul
7CU5MF8S,2026-07-03,Engine Overhaul
5GMO7BZP,2026-06-11,Battery Replacement
ZSFPVTY8,2026-11-21,Brake Inspection
2DORYDKT,2026-11-19,Engine Overhaul
2SJYUI8Z,2026-02-03,Battery Replacement
F0PD7L4E,2026-04-03,Engine Overhaul
SVOXKCPP,2026-09-28,Tire Rotation
Z3JK82IA,2026-02-16,Engine Overhaul
86Y3W3YC,2026-03-05,Tire Rotation
UDGD8LAB,2026-02-17,Brake Inspection
Z3II57VA,2026-06-25,Tire Rotation
4CEAAMEQ,2026-12-26,Tire Rotation
W0XZTQFE,2026-05-11,Brake Inspection
2NKJJ1YS,2026-05-18,Oil Change
GCCMDJB1,2026-04-28,Oil Change
P9U8T11B,2026-07-07,Brake Inspection
HJ7T4RFN,2026-01-12,Battery Replacement
B7PMWLOE,2026-06-15,Engine Overhaul
OW27RL4J,2026-09-20,Brake Inspection
EDIHYZKB,2026-12-31,Tire Rotation
KX5PDPDJ,2026-05-29,Battery Replacement
80GGSD52,2026-08-02,Engine Overhaul
V1QFMNKP,2026-08-14,Tire Rotation
JHWXEGZK,2026-12-04,Battery Replacement
BZKNC977,2026-10-16,Brake Inspection
J03LHHN5,2026-03-14,Brake Inspection
6MLWNDKU,2026-09-19,Engine Overhaul
JLTYD9FZ,2026-10-28,Brake Inspection
IZD8JMB0,2026-10-31,Engine Overhaul
5O44DJHK,2026-07-12,Battery Replacement
8B6ML2VA,2026-06-01,Full Service
COWJUFQP,2026-11-21,Battery Replacement
EZH7GZJA,2026-01-16,Brake Inspection
81LQ8270,2026-06-15,Engine Overhaul
SHRU9Q8D,2026-08-14,Full Service
LFGS7KFL,2026-10-03,Tire Rotation
TH6HKU34,2026-06-20,Oil Change
5IKB0SIO,2026-05-15,Battery Replacement
J3064Y6V,2026-12-20,Engine Overhaul
T141SZ3F,2026-02-09,Brake Inspection
35NUDJQA,2026-12-17,Oil Change
M8H7C3OV,2026-01-20,Tire Rotation
K19ZAGHJ,2026-04-05,Battery Replacement
N9N0FW2I,2026-01-27,Full Service
GFZDRQWR,2026-09-27,Oil Change
VL6AM0MO,2026-02-23,Brake Inspection
V82QKY4O,2026-07-04,Oil Change
C22XFWAX,2026-04-25,Tire Rotation
NXBS6I8L,2026-10-25,Full Service
D5QVH5XW,2026-06-04,Engine Overhaul
EU46YF54,2026-03-09,Tire Rotation
YWDBJMM0,2026-04-09,Engine Overhaul
HBW19ULW,2026-05-11,Brake Inspection
PILWBPCL,2026-06-30,Engine Overhaul
UN9O1L0U,2026-04-18,Battery Replacement
VXAO2UKN,2026-06-28,Tire Rotation
9BB0935W,2026-05-08,Brake Inspection
62UYWTT5,2026-06-06,Tire Rotation
1OQK08BI,2026-05-01,Full Service
2GP87SIN,2026-09-25,Tire Rotation
21YIE0G9,2026-06-22,Brake Inspection
1BP63L2I,2026-12-25,Battery Replacement
3MNU0XQN,2026-04-26,Engine Overhaul
2Q6GJ04K,2026-04-17,Full Service
G4WO8M23,2026-06-19,Oil Change
UU9ZKW1I,2026-03-30,Tire Rotation
R2Q9V7Q3,2026-12-26,Full Service
FRW38L5F,2026-05-31,Tire Rotation
I3V23B87,2026-08-27,Full Service
9T46O0K6,2026-10-28,Full Service
1MEMG8J5,2026-08-21,Full Service
V0X1I7OZ,2026-11-06,Full Service
YCNCTHWZ,2026-10-05,Battery Replacement
GR4S887K,2026-02-27,Engine Overhaul
ROTPPKH6,2026-09-23,Oil Change
BPZLRUHO,2026-11-23,Tire Rotation
C0H9VLJK,2026-11-25,Engine Overhaul
16PHXX3Q,2026-07-19,Engine Overhaul
XTKD7Z9Z,2026-02-12,Brake Inspection
AGCNRRCP,2026-04-15,Tire Rotation
S23WQJOH,2026-11-12,Tire Rotation
BYDZ36VV,2026-05-02,Battery Replacement
O60KJDVL,2026-10-25,Brake Inspection
PZ1DG9D1,2026-01-02,Brake Inspection
DTU95VLP,2026-09-05,Oil Change
CB6CZWJX,2026-10-26,Tire Rotation
891UHQLH,2026-02-25,Oil Change
30MHDPBL,2026-10-28,Battery Replacement
PDFXWIN5,2026-04-08,Engine Overhaul
MYOUPUV1,2026-07-03,Full Service
H60Y8ZCB,2026-02-12,Battery Replacement
H5MSGJOY,2026-09-22,Tire Rotation
61X982OU,2026-12-31,Full Service
IHZBVXR4,2026-05-21,Brake Inspection
AA5JD4U4,2026-06-08,Oil Change
RLZN5U2P,2026-03-02,Engine Overhaul
9R0SB8IX,2026-11-22,Tire Rotation
O1IM0Q5O,2026-02-11,Engine Overhaul
T1QQX1V9,2026-09-29,Full Service
I1GBTLFK,2026-05-06,Full Service
VU54MYMN,2026-02-07,Tire Rotation
39THQ7NU,2026-03-23,Battery Replacement
MSHW4V0J,2026-02-07,Full Service
DUNWO03F,2026-07-18,Oil Change
VOLB9OZL,2026-12-04,Brake Inspection
TY2QA6KZ,2026-12-22,Engine Overhaul
JPJFBWBE,2026-01-02,Battery Replacement
ZLF705UV,2026-02-11,Engine Overhaul
UZ67FY6M,2026-01-29,Oil Change
5UXJHVFO,2026-08-07,Battery Replacement
XY1FIJVQ,2026-11-18,Brake Inspection
V1ZVNR02,2026-05-27,Full Service
1TGNPMGK,2026-10-04,Full Service
EFN4RWBL,2026-03-12,Tire Rotation
7OPTO16R,2026-08-20,Oil Change
LX495AVO,2026-09-21,Engine Overhaul
9RNKLOMK,2026-11-25,Oil Change
MMZWQUZ2,2026-04-21,Tire Rotation
3HR5L98Y,2026-05-26,Brake Inspection
5293JOYO,2026-09-27,Oil Change
XDKPGYZ0,2026-03-28,Oil Change
YNO0LW81,2026-07-28,Oil Change
YVUMN25C,2026-11-23,Engine Overhaul
MDN80BPG,2026-01-19,Oil Change
LNB9QSZ2,2026-04-11,Tire Rotation
NVJKWEQZ,2026-03-19,Brake Inspection
T2N352Q8,2026-02-10,Oil Change
HMN332HA,2026-12-13,Engine Overhaul
TZESQ88C,2026-06-15,Engine Overhaul
WBE2GDBL,2026-02-05,Brake Inspection
KY6BRRTB,2026-04-25,Oil Change
OPWTXKMZ,2026-12-19,Oil Change
827E9LNR,2026-10-04,Brake Inspection
C1299491,2026-01-10,Oil Change
SPM95NLH,2026-10-05,Oil Change
BVSBSQO6,2026-10-16,Full Service
22XTQ4AB,2026-06-15,Engine Overhaul
1PLLPL8K,2026-05-30,Battery Replacement
OWDKDXJE,2026-01-03,Full Service
C541MLFO,2026-09-30,Full Service
IBCMLBWE,2026-05-13,Full Service
B9OWCC96,2026-11-10,Tire Rotation
0OXE8EYL,2026-04-05,Brake Inspection
B21G3CSK,2026-08-11,Battery Replacement
6HGBN44I,2026-03-27,Engine Overhaul
D0IJ28AY,2026-09-02,Engine Overhaul
Y95IS8UL,2026-09-21,Battery Replacement
39TAZUV8,2026-02-06,Brake Inspection
WP5AQU7M,2026-06-15,Engine Overhaul
A2FRYZIH,2026-09-19,Tire Rotation
MJ428UV1,2026-11-21,Brake Inspection
Z5PHI4HQ,2026-02-03,Battery Replacement
99HKTSBO,2026-09-02,Oil Change
LEAEVZMQ,2026-10-16,Tire Rotation
EFPNLOTD,2026-06-15,Engine Overhaul
ZLJQ4PHE,2026-03-13,Brake Inspection
BHEI42B4,2026-03-04,Oil Change
QOWCDH4I,2026-02-03,Engine Overhaul
CJZXLOXZ,2026-02-27,Battery Replacement
9UWLEMG5,INVALID_DATE,Brake Inspection
JKO2Q3NV,2026-01-19,Brake Inspection
8S7CRNHG,2026-07-27,Brake Inspection
UNQJ3FTK,2026-05-19,Battery Replacement
IEFK47UV,2026-09-06,Battery Replacement
0ISZZGKP,2026-09-07,Battery Replacement
AVXID4A5,2026-08-18,Battery Replacement
VKCYM0IQ,2026-11-17,Engine Overhaul
MM1S9P2C,2026-06-07,Engine Overhaul
7UBS2J1N,2026-07-04,Oil Change
PIOU7HR7,2026-02-14,Full Service
U9HZXBT3,2026-08-27,Full Service
EL5B54PM,2026-05-14,Brake Inspection
ZAW2QKYS,2026-06-23,Full Service
F73YQ83O,2026-04-06,Oil Change
94Z2HCIT,2026-08-14,Engine Overhaul
O2I9V95E,2026-04-01,Battery Replacement
W79H0EPL,2026-10-21,Engine Overhaul
6HXQM82Y,2026-09-28,Full Service
H7TVU9YT,2026-11-19,Engine Overhaul
EYEC47Y8,2026-01-07,Engine Overhaul
KW2DPGGV,2026-10-29,Engine Overhaul
K4Q43C8X,2026-08-24,Oil Change
H7NHPLHM,2026-11-26,Battery Replacement
9GXELAW3,2026-06-27,Oil Change
EL5082D9,2026-12-09,Oil Change
HFD8AXU4,2026-07-08,Brake Inspection
XE4CGXV4,2026-12-11,Oil Change
7VRPRD0M,2026-12-16,Tire Rotation
BYBMKXSR,2026-02-03,Tire Rotation
Y3BVJZNB,2026-10-28,Engine Overhaul
MHCHKLY2,2026-09-22,Brake Inspection
DPEBYDDN,2026-10-10,Full Service
SOSNMEJ4,2026-03-09,Full Service
6SZW5O35,2026-02-19,Oil Change
AJ69PMXC,2026-11-13,Tire Rotation
M8GU6XYZ,2026-08-29,Tire Rotation
3MJK3BAJ,2026-03-10,Engine Overhaul
FGM7CPEB,2026-05-30,Full Service
AP0G7WSU,2026-03-18,Engine Overhaul
WK638DGT,2026-04-08,Oil Change
9KQ12A5Y,2026-09-05,Battery Replacement
4INS0JT3,2026-04-08,Oil Change
6GKNSJH1,2026-06-05,Full Service
K8A0K64L,2026-02-09,Oil Change
KJUYFMC5,2026-03-13,Full Service
PDY4BYFE,2026-03-08,Tire Rotation
SLC6ZSWK,2026-05-27,Battery Replacement
G7DV0GSI,2026-09-14,Tire Rotation
QTM7N3GT,2026-08-07,Oil Change
NOUN4P9B,2026-12-29,Tire Rotation
XARD6BXH,2026-01-06,Battery Replacement
XMU5T897,2026-10-03,Battery Replacement
INIQOKD3,2026-10-04,Tire Rotation
ZMSJEWAY,2026-05-17,Engine Overhaul
9W4TS6ZI,2026-12-03,Tire Rotation
1C4OELDX,2026-12-18,Tire Rotation
4XQ6O9KJ,2026-06-09,Engine Overhaul
CKJF7MUY,2026-04-05,Oil Change
4RPW4GPW,2026-03-27,Brake Inspection
DJELIO1I,2026-01-08,Brake Inspection
FVPSNTB6,2026-12-29,Engine Overhaul
D6934B9K,2026-06-26,Brake Inspection
BWDW5QB2,2026-10-12,Oil Change
V2NFEU0Z,2026-12-03,Oil Change
ZUBIGN0S,2026-05-14,Full Service
T0SX0ALR,2026-02-10,Brake Inspection
IDQH3G6Q,2026-03-17,Oil Change
E8PR5LET,2026-08-12,Oil Change
UU3QE0WF,2026-01-22,Oil Change
3LSI09CW,2026-01-19,Engine Overhaul
4SO2OMNU,2026-03-26,Battery Replacement
LY2U4YEB,2026-02-23,Tire Rotation
7K0RU62M,2026-08-08,Oil Change
F6NGIQ3B,2026-07-21,Tire Rotation
CYRLBAIL,2026-06-06,Full Service
M999GDY0,2026-12-05,Battery Replacement
EKV5STJH,2026-08-27,Battery Replacement
G17GZ8EA,2026-03-08,Full Service
E9LIHUQO,2026-01-24,Oil Change
V54EOWUM,2026-12-03,Oil Change
4OD9NGQG,2026-08-21,Battery Replacement
Q9IFYRPS,2026-05-22,Tire Rotation
Q6EQGY25,2026-03-20,Brake Inspection
0RKVKEC7,2026-03-16,Brake Inspection
ETG1NMID,2026-10-07,Engine Overhaul
W7AKHF04,2026-12-09,Brake Inspection
DA97C5RM,2026-04-22,Brake Inspection
0Y8ZGVAR,2026-10-12,Full Service
4W8Z8HE3,2026-09-26,Full Service
6215SVHI,2026-11-13,Battery Replacement
E51GUQD0,2026-02-19,Oil Change
OO55ELII,2026-07-15,Full Service
XF6HZ5HF,2026-12-02,Full Service
G1NZHHNL,2026-12-13,Full Service
N0XIB2MW,2026-08-14,Oil Change
4M3SGUJ4,2026-09-30,Tire Rotation
FXJZAL04,2026-03-22,Battery Replacement
KW03B85R,2026-05-21,Battery Replacement
QUF345BO,2026-12-10,Full Service
TKH6D70N,2026-06-02,Tire Rotation
72SCACGX,2026-04-03,Engine Overhaul
R5JT9SQC,2026-09-03,Tire Rotation
AZR6EPBF,2026-04-15,Full Service
W6MDGV8J,2026-06-05,Battery Replacement
XYC7GRLF,2026-01-15,Tire Rotation
F75US21U,2026-06-13,Tire Rotation
MG0Y35CV,2026-11-16,Tire Rotation
HXRPHODD,2026-05-05,Battery Replacement
11UHAS2U,2026-07-25,Tire Rotation
BVI0W8XP,2026-12-08,Full Service
1ESTWRBW,2026-04-17,Engine Overhaul
673UHR1D,2026-10-21,Tire Rotation
5KNM8MJT,2026-05-18,Tire Rotation
NCN7OV32,2026-11-18,Brake Inspection
B1V9STWO,2026-06-15,Engine Overhaul
UR7CAZ6X,2026-10-28,Tire Rotation
A3WULZXB,2026-12-10,Oil Change
AI5PYWJD,2026-02-27,Tire Rotation
Z7OV0Q1P,2026-06-11,Tire Rotation
EFNHBF4C,2026-06-16,Battery Replacement
0KJJZF1H,2026-09-03,Engine Overhaul
K4D9LS0B,2026-08-01,Engine Overhaul
G597JOFO,2026-07-28,Tire Rotation
S5TWZW6C,2026-06-27,Battery Replacement
T9ENT3UZ,2026-07-01,Full Service
VUHP7MK9,2026-12-28,Full Service
PCPBJLNW,2026-08-06,Battery Replacement
LZZG2R37,2026-05-26,Full Service
SONCHU9L,2026-06-07,Full Service
IHGB0S89,2026-11-10,Full Service
NAMKMX2Q,2026-05-24,Brake Inspection
QIVRRHMH,2026-06-04,Oil Change
Z2DMVRP4,2026-07-22,Battery Replacement
D812GEHS,2026-05-24,Brake Inspection
SKH8EVAF,2026-03-03,Full Service
GGEK4C42,2026-09-26,Battery Replacement
IBB259PK,2026-07-21,Tire Rotation
0QE3WW2T,2026-11-30,Battery Replacement
9SGU9GCL,2026-10-26,Battery Replacement
2KCZ64PC,2026-05-24,Engine Overhaul
UWWJLLYG,2026-06-27,Tire Rotation
8FP3PWVO,2026-01-23,Brake Inspection
TBAD3VHC,2026-02-16,Engine Overhaul
QF3A4C2A,2026-03-31,Oil Change
YSY1M1VX,2026-12-08,Engine Overhaul
2V61DSYG,2026-09-12,Engine Overhaul
OE9L37LO,2026-06-08,Engine Overhaul
W4WMVFRL,2026-11-22,Oil Change
9RI918XD,2026-03-26,Oil Change
KMTY0T1J,2026-01-02,Engine Overhaul
JK9OCF5B,2026-07-01,Full Service
06433LOO,2026-05-08,Oil Change
T55WH9PI,2026-08-11,Full Service
HCL2GE9Y,2026-09-29,Engine Overhaul
UVAD1TMK,2026-10-15,Tire Rotation
PHKTXZAO,2026-04-23,Battery Replacement
311CW1JM,2026-05-26,Full Service
5D79DGP9,2026-07-31,Full Service
5LNS6C4M,2026-06-09,Oil Change
62SWYKH9,2026-02-20,Battery Replacement
L00AILTQ,2026-10-21,Battery Replacement
XGB0T9U9,2026-09-09,Oil Change
TEKHNLIU,2026-04-27,Full Service
R35Y4XKF,2026-11-27,Engine Overhaul
EG1WDTH2,2026-07-09,Full Service
Y1RT5C0Y,2026-05-29,Full Service
EAHQ3T0Y,2026-10-12,Battery Replacement
XZBZUZAS,2026-03-23,Battery Replacement
USXP1Q19,2026-03-13,Battery Replacement
N70050VS,2026-04-22,Tire Rotation
K4D9LS0B,2026-11-20,Battery Replacement
H2P287FO,2026-03-08,Battery Replacement
15ZQN6LN,2026-05-25,Full Service
W5W7I3IV,2026-10-31,Oil Change
A8F2YM09,2026-06-19,Brake Inspection
XIPMTQPW,2026-03-21,Battery Replacement
FEG6WRJ0,2026-03-08,Tire Rotation
986CZOI0,2026-06-22,Full Service
QM2OGR56,2026-10-05,Tire Rotation
54786MS7,2026-07-03,Oil Change
E7UA1GFE,2026-07-26,Battery Replacement
79PM2W2J,2026-05-27,Battery Replacement
NCF08D2F,2026-02-02,Brake Inspection
Q4YB2IJL,2026-01-19,Tire Rotation
BP7U8MS0,2026-11-14,Brake Inspection
V9KOLNSI,2026-09-25,Oil Change
BJJUDWR3,2026-01-27,Oil Change
MW7RRL35,2026-03-01,Tire Rotation
VLQLIXOJ,2026-11-13,Engine Overhaul
2BPJX4LI,2026-10-02,Brake Inspection
5PW2LD62,2026-01-23,Full Service
BTU5ZL8G,2026-06-15,Tire Rotation
1OZ9ZIFG,2026-02-23,Brake Inspection
57MC3QZK,2026-11-02,Oil Change
S84X1STS,2026-12-29,Brake Inspection
9BVEHK55,2026-08-04,Battery Replacement
RPK0E0ZO,2026-01-15,Brake Inspection
MRLLUALC,2026-08-14,Full Service
KIBSJJJ0,2026-04-20,Tire Rotation
TF711PNJ,2026-11-07,Brake Inspection
SLKXQ2PR,2026-03-10,Full Service
HS96D977,2026-03-29,Battery Replacement
64Z3YT2F,2026-07-07,Battery Replacement
JFMQC6N2,2026-05-20,Engine Overhaul
AHCRFBDS,2026-08-05,Battery Replacement
B3PJ9PMZ,2026-02-07,Oil Change
U4XNI8AW,2026-08-26,Oil Change
UWAMCSWI,2026-09-14,Oil Change
RSD0Y3N6,2026-09-23,Tire Rotation
BDJJZEGU,2026-06-30,Tire Rotation
WL47SMGK,2026-10-12,Battery Replacement
EF0H9IXY,2026-10-25,Brake Inspection
QE1JOYDJ,2026-06-19,Full Service
UH6FYZMK,2026-12-16,Brake Inspection
YMMZN1JR,2026-05-31,Engine Overhaul
INVALID_2925,2026-05-10,Oil Change
EOY3M04P,2026-02-10,Tire Rotation
PU4JFVDP,2026-09-03,Tire Rotation
Q375Q558,2026-03-12,Tire Rotation
XCJSD0HU,2026-11-30,Full Service
LQLSIZW5,2026-12-30,Brake Inspection
5K55G9IG,2026-03-09,Full Service
JVR7D96K,2026-01-07,Full Service
NNMWST2E,2026-11-11,Full Service
2VAU0X54,2026-10-30,Oil Change
QOQCO76T,2026-01-19,Brake Inspection
GEGNZWGY,2026-10-01,Tire Rotation
PCPTCHVR,2026-08-16,Battery Replacement
6W8MFX89,2026-11-27,Oil Change
V6ON12TV,2026-02-18,Engine Overhaul
BXA4NJU9,2026-07-26,Battery Replacement
V1VQMII1,2026-03-01,Full Service
DEB27201,2026-10-27,Battery Replacement
7B9FVT2Q,2026-01-07,Full Service
9S4UHZE0,2026-08-25,Brake Inspection
LHMSITZF,2026-07-06,Battery Replacement
HB9AQK5E,2026-01-05,Full Service
8S4BRR8G,2026-08-26,Tire Rotation
2QRWTLNC,2026-07-02,Engine Overhaul
SJ3BOMEJ,2026-04-25,Tire Rotation
M4L8XLGC,2026-03-01,Tire Rotation
LG3IG42I,2026-03-21,Brake Inspection
MO2AAOKZ,2026-01-20,Full Service
CE3FU53O,2026-02-08,Brake Inspection
RKK2FDB4,2026-01-19,Oil Change
LH0680GD,2026-12-01,Oil Change
CP8S24SI,2026-09-29,Full Service
HETEERSK,2026-01-18,Brake Inspection
WHAXVMZH,2026-11-12,Brake Inspection
LZK2JI1E,2026-11-19,Oil Change
BK0KMILM,2026-03-26,Engine Overhaul
PNP6DV06,2026-11-06,Battery Replacement
KEGE7M1I,2026-01-07,Engine Overhaul
UTIQMBH9,2026-03-15,Battery Replacement
WZ8XUDEB,2026-10-18,Full Service
WTFBS25Q,2026-03-08,Brake Inspection
3YIMMFGI,2026-12-31,Oil Change
GE6BVP0R,2026-07-18,Tire Rotation
JBZYZFYY,2026-01-11,Full Service
RNRXHOTJ,2026-06-16,Battery Replacement
RRGBNJTI,2026-11-27,Tire Rotation
M31QW8Q6,2026-06-23,Brake Inspection
8QDO2Y2O,2026-04-24,Brake Inspection
7A75IH0X,2026-05-05,Engine Overhaul
8QS8VXI8,2026-11-14,Tire Rotation
9ZNMC3YU,2026-11-21,Brake Inspection
H3YUREJQ,2026-03-03,Oil Change
3L3TGFIT,2026-08-22,Oil Change
SG5YKM44,2026-06-14,Tire Rotation
VNK0GEJX,2026-08-05,Oil Change
0L5DPO7N,2026-03-29,Full Service
L4XNL43Y,2026-02-22,Tire Rotation
BM8KQMT5,2026-08-08,Brake Inspection
FT85YWTB,2026-06-24,Engine Overhaul
FSDQ62E7,2026-07-06,Tire Rotation
VTV5XOFT,2026-10-18,Full Service
S0VOKTGK,2026-08-15,Oil Change
W8CE0XP9,2026-08-07,Oil Change
CECGB80F,2026-02-09,Engine Overhaul
95T71WT5,2026-08-06,Brake Inspection
3E98NA35,2026-05-10,Tire Rotation
ZW6QT6IB,2026-08-16,Oil Change
KP3N1V4U,2026-08-16,Oil Change
51U4I8FV,2026-06-10,Engine Overhaul
9S71ITX8,2026-03-12,Battery Replacement
IMU67G24,2026-05-31,Battery Replacement
TX5DSGLP,2026-10-16,Full Service
7LIWFCZW,2026-10-30,Brake Inspection
R0F8RAFE,2026-02-23,Oil Change
9QI7AXNU,2026-07-14,Tire Rotation
5KGOPF7O,2026-04-26,Battery Replacement
CEJ5SIFF,2026-04-28,Tire Rotation
C9HSPBR4,2026-07-08,Brake Inspection
22QAEESH,2026-05-08,Brake Inspection
1JXE1B07,2026-03-21,Full Service
2AXF3CBR,2026-02-20,Brake Inspection
WN98TNYI,2026-04-25,Full Service
8E2F9A0J,2026-11-01,Brake Inspection
XY1FIJVQ,2026-02-04,Oil Change
DJDMU89H,2026-03-22,Battery Replacement
EMMQAEP0,2026-06-17,Brake Inspection
S54CJ0VZ,2026-05-10,Engine Overhaul
ECOAZXDQ,2026-07-21,Engine Overhaul
5JGDRE3Y,2026-02-19,Engine Overhaul
UFFDBY2S,2026-07-31,Tire Rotation
W6Q2R1OA,2026-10-02,Brake Inspection
TFQOAKF4,2026-09-10,Brake Inspection
12IXUVY0,2026-01-16,Battery Replacement
Y6ILV4KH,2026-03-24,Engine Overhaul
B8TJPXKG,2026-02-03,Brake Inspection
F87MTFSO,2026-09-16,Engine Overhaul
0AWWSC9H,2026-11-10,Brake Inspection
PK4PIXKP,2026-01-27,Brake Inspection
1K2U5FV5,2026-05-19,Full Service
HL1UGAOG,2026-07-29,Tire Rotation
CSBFVTZA,2026-12-23,Engine Overhaul
05GY9SE1,2026-04-03,Tire Rotation
LCQY7MFF,2026-12-06,Battery Replacement
L0L5QB60,2026-03-07,Tire Rotation
XC0I6CNQ,2026-12-01,Brake Inspection
9KQNEA8M,2026-07-04,Oil Change
Q6DMBO4F,2026-09-06,Tire Rotation
U0HBMRVP,2026-05-13,Engine Overhaul
IZ0EYCFR,2026-11-01,Engine Overhaul
LWWKUQLQ,2026-01-27,Tire Rotation
U5WOQ6GS,2026-09-21,Full Service
X95VSLUR,2026-02-25,Engine Overhaul
0X07NDVJ,2026-12-25,Full Service
PWSSYY4I,2026-03-10,Engine Overhaul
HYL1OX0G,2026-06-07,Engine Overhaul
SXHVAI6B,2026-04-03,Engine Overhaul
KYLHGGKE,2026-03-21,Full Service
5AV17RHU,2026-07-14,Tire Rotation
NUST1BGG,2026-02-01,Oil Change
FEUJIDSR,2026-08-14,Brake Inspection
KSY51Y8K,2026-04-15,Full Service
O8C7H8DH,2026-06-07,Battery Replacement
GJ9RFQDT,2026-01-17,Oil Change
XFGR6XXG,2026-02-02,Battery Replacement
O6505ULX,2026-10-06,Full Service
505XGS34,2026-06-01,Oil Change
XXSLARAU,2026-08-12,Oil Change
I8361C85,2026-01-11,Engine Overhaul
R6TWB0F0,2026-02-09,Battery Replacement
871FF04W,2026-08-22,Engine Overhaul
NCAQT120,2026-06-01,Tire Rotation
68YVLIBO,2026-03-19,Battery Replacement
T1GG8BM1,2026-07-05,Full Service
37SUYRAV,2026-02-14,Brake Inspection
OY72U34G,2026-06-19,Engine Overhaul
CWK7BVAK,2026-03-09,Brake Inspection
J9O6W8C1,2026-05-19,Full Service
JNVC9995,2026-04-14,Full Service
580B46M9,2026-11-08,Engine Overhaul
GM024OR7,2026-05-19,Engine Overhaul
AK7Z58VG,2026-05-08,Engine Overhaul
33R6DUG1,2026-01-03,Oil Change
PVVBWKQE,2026-12-30,Engine Overhaul
XKC9ZO8L,2026-08-28,Battery Replacement
KRUA3R2O,2026-05-09,Brake Inspection
Z8WK8B0G,2026-04-28,Full Service
WKK863CI,2026-01-16,Oil Change
CY4R50C3,2026-04-07,Engine Overhaul
DUX3VEEG,2026-02-10,Full Service
GBFWB8D1,2026-10-17,Oil Change
YDJSLO3I,2026-05-18,Battery Replacement
9D8LKNRD,2026-11-20,Battery Replacement
WJ0X1T10,2026-09-07,Brake Inspection
RI9Q2TRX,2026-11-22,Brake Inspection
D1XMDS58,2026-12-30,Engine Overhaul
ZAOVOZG1,2026-05-30,Tire Rotation
JIQKOII8,2026-04-23,Tire Rotation
6MKJS5NU,2026-08-13,Oil Change
GDDDJ03P,2026-04-29,Tire Rotation
QTLIRHKO,2026-12-26,Oil Change
6VM2C93S,2026-11-07,Brake Inspection
0JRQETGY,2026-07-27,Engine Overhaul
S4VCKUOY,2026-04-04,Battery Replacement
17JX9SKL,2026-04-07,Oil Change
F4ZYBT6K,2026-12-13,Engine Overhaul
HTBI6H0E,2026-03-13,Battery Replacement
9N8RS6RU,2026-08-11,Engine Overhaul
ZTUZZISS,2026-02-16,Brake Inspection
MMXU6BUW,2026-06-21,Engine Overhaul
7RQB7UY4,2026-08-18,Brake Inspection
V69B8SJO,2026-04-17,Oil Change
CFV7SVRC,2026-11-18,Full Service
M1I7B35Q,2026-04-19,Full Service
7JXBQZY0,2026-03-18,Oil Change
VL75IZD1,2026-07-01,Full Service
GDM3L3J1,2026-02-15,Tire Rotation
N825OZ9V,2026-07-31,Tire Rotation
P8WKXZ8U,2026-01-26,Battery Replacement
QP2FZM7I,2026-12-22,Full Service
NED2GBMB,2026-06-15,Engine Overhaul
N9OUE6OW,2026-11-30,Brake Inspection
NZ3D2U1B,2026-10-11,Brake Inspection
GKLRD4IB,2026-02-07,Tire Rotation
9BN73BRS,2026-01-29,Engine Overhaul
JN9WHTVZ,2026-11-16,Oil Change
Z2LUFJLV,2026-09-09,Tire Rotation
AGDE7S21,2026-01-19,Oil Change
LD2UTRXV,2026-11-30,Engine Overhaul
RZMFXAS8,2026-03-28,Tire Rotation
8XYPDW7E,2026-01-24,Engine Overhaul
X38P29AG,2026-10-20,Brake Inspection
YYFT69IQ,2026-06-15,Tire Rotation
OGXGF3JX,2026-04-08,Oil Change
0B0HCFQP,2026-08-31,Tire Rotation
BE164QP3,2026-12-10,Engine Overhaul
WB64TZLT,2026-07-20,
JLYEDQ4Y,2026-07-24,Battery Replacement
NDYE69TY,2026-08-02,Brake Inspection
PSJQF0MT,2026-06-18,Engine Overhaul
X01IWCFQ,2026-06-04,Oil Change
UA562KGU,2026-12-21,Engine Overhaul
FFQG9HO6,2026-07-03,Battery Replacement
305PGV3Y,2026-08-01,Brake Inspection
I5B8HWYI,2026-07-12,Brake Inspection
1CQ59Q7L,2026-05-15,Engine Overhaul
1TEDILFB,2026-04-18,Oil Change
DQDGETZF,2026-11-07,Tire Rotation
3F4EB8UB,2026-05-10,Engine Overhaul
INBJHJ7D,2026-09-26,Engine Overhaul
VRVW480R,2026-08-12,Brake Inspection
BH3ACX1J,2026-07-14,Battery Replacement
7ZTRLCWU,2026-06-15,Full Service
2K4O8P55,2026-06-23,Tire Rotation
06W8V4VR,2026-05-05,Full Service
1S57LA6L,2026-06-04,Oil Change
DCUJ8EVJ,2026-04-21,Brake Inspection
5INSMS90,2026-10-02,Full Service
6JAIUWYH,2026-08-10,Engine Overhaul
QPNKCM9F,2026-06-15,Engine Overhaul
MU0ONZQT,2026-02-01,Oil Change
TCD7CGE4,INVALID_DATE,Brake Inspection
3WZD7C14,2026-06-21,Oil Change
8NDEEU2Q,2026-09-19,Oil Change
IC5KWL5Q,2026-06-15,Tire Rotation
4NEEFJQ1,2026-10-28,Tire Rotation
35HKUIZR,2026-06-03,Battery Replacement
58WZIKDZ,2026-08-31,Engine Overhaul
7QGL3NDL,2026-08-05,Engine Overhaul
RFAJMYSP,2026-09-15,Engine Overhaul
Q848C9PY,2026-12-17,Full Service
CC3XR3I1,2026-07-24,Battery Replacement
GHW8TWJJ,2026-02-18,Brake Inspection
FVC2MH2Y,2026-07-02,Tire Rotation
Y1XL1EWV,2026-08-21,Full Service
VR56H9LJ,2026-12-21,Full Service
9M3T9IFU,2026-10-29,Oil Change
JQ1EA3TR,2026-01-24,Battery Replacement
WFWIVHZ2,2026-08-22,Oil Change
D50OU5ZR,2026-06-27,Oil Change
Z5WA4I2U,2026-06-15,Tire Rotation
U3SVAY98,2026-04-06,Oil Change
APYLF6HV,2026-08-01,Brake Inspection
66KMLG5M,2026-03-30,Tire Rotation
Q9AVLMX8,2026-04-05,Oil Change
05XMQRBT,2026-09-09,Brake Inspection
WEGUAHVP,2026-01-17,Battery Replacement
O7MF07HV,2026-09-06,Battery Replacement
UJT730PO,2026-08-11,Tire Rotation
L5RWRG3M,2026-12-28,Full Service
13B81K4Q,2026-07-24,Oil Change
1RTGJIZ0,2026-04-29,Full Service
DJRDZSGU,2026-05-02,Engine Overhaul
FQG941GY,2026-02-26,Engine Overhaul
0MM6ZWSM,2026-08-26,Battery Replacement
IJWV2C16,2026-10-12,Battery Replacement
WFKSM1NU,2026-10-20,Full Service
6UAX8O8V,2026-11-11,Oil Change
U9C86RRK,2026-08-19,Oil Change
9YXNYDF6,2026-06-21,Oil Change
NMBQIU1H,2026-09-22,Tire Rotation
M4PV5JVG,2026-08-14,Full Service
M30DZIZR,2026-01-30,Full Service
2VHSTOPD,2026-04-20,Oil Change
5DVUWNNB,2026-03-05,Full Service
ZRAA7W53,2026-03-05,Battery Replacement
07SQFKEI,2026-08-19,Full Service
0K0CGMVA,2026-05-23,Brake Inspection
EPYZDJ9Z,2026-05-10,Oil Change
RNC3PKIF,2026-12-23,Tire Rotation
AY4BAX7F,2026-01-04,Brake Inspection
OH92GXV6,2026-02-01,Oil Change
HN6EZEXI,2026-12-03,Full Service
J59E9GN5,2026-04-17,Engine Overhaul
UCSDVZJ8,2026-01-25,Full Service
XQREGMRM,2026-12-18,Engine Overhaul
EL9PIKOC,2026-09-10,Engine Overhaul
NRWWVY37,2026-10-16,Full Service
EA3AHFKZ,2026-06-20,Battery Replacement
CXC06K99,2026-12-15,Tire Rotation
BYMBNRMN,2026-09-19,Engine Overhaul
TCUILSY7,2026-06-15,Engine Overhaul
7BSAQWW5,2026-07-30,Brake Inspection
COA1RPYJ,2026-11-03,Full Service
9PGB5U4L,2026-12-20,Battery Replacement
JT0ZRPXJ,2026-12-07,Battery Replacement
03OERZ3W,2026-05-14,Engine Overhaul
KQRKY0XM,2026-01-19,Brake Inspection
Q7IVOSZN,2026-08-05,Brake Inspection
2CZE0X2I,2026-04-15,Full Service
PN4RJWB7,2026-11-09,Oil Change
D1KCLDXI,2026-01-10,Brake Inspection
Q4M8NVGW,2026-07-01,Brake Inspection
2Y6O1Q0W,2026-05-13,Full Service
AKW9BFPY,2026-01-14,Oil Change
116TNVYU,2026-04-29,Brake Inspection
3B9V4V35,2026-10-22,Full Service
SSUU9DIW,2026-01-15,Full Service
G57ZHD0T,2026-11-04,Tire Rotation
WL26LG34,2026-02-26,Full Service
D88WPM4U,2026-09-30,Full Service
0OTM8DMC,2026-05-18,Engine Overhaul
8TEONAF8,2026-12-13,Oil Change
NR1W6FAN,2026-03-02,Oil Change
N5BA1PLB,2026-11-07,Full Service
7WPGPDU0,2026-10-28,Engine Overhaul
YEL2QGKM,2026-01-31,Full Service
DLMY97K2,2026-05-08,Oil Change
NZWCER7S,2026-07-08,Brake Inspection
KASGEGNF,2026-09-25,Engine Overhaul
FCER7VUG,2026-12-05,Full Service
XAR1BI15,2026-04-20,Oil Change
07PN9U8J,2026-04-02,Brake Inspection
KQCZXPR7,2026-01-14,Full Service
C2FO7AUF,2026-09-07,Engine Overhaul
CO7QQH5Q,2026-10-23,Engine Overhaul
BO3945ZA,2026-08-12,Engine Overhaul
LL83JFUG,2026-04-15,Brake Inspection
J3T41C06,2026-12-24,Brake Inspection
IUW3DFD0,2026-01-07,Oil Change
AXEV2ZF7,2026-01-25,Full Service
GHE7GQ0S,2026-10-18,Brake Inspection
B0MN8K6V,2026-09-15,Brake Inspection
28QFJTCR,2026-05-14,Tire Rotation
84VFMAHQ,2026-06-18,Full Service
S5SR62Q6,2026-09-04,Battery Replacement
MUT78QB7,2026-08-05,Engine Overhaul
6MVLY6TR,2026-12-02,Brake Inspection
LF8ILQVQ,2026-09-03,Full Service
5MRC50XT,2026-10-13,Engine Overhaul
SKTK42WA,2026-04-04,Battery Replacement
PWS4QSJH,2026-02-28,Engine Overhaul
UMMLQGM5,2026-07-23,Full Service
3B1MN3PJ,2026-09-09,Oil Change
87RZS2IL,2026-09-22,Oil Change
SZA2SADM,2026-09-10,Tire Rotation
FY16024Y,2026-05-20,Tire Rotation
J7J7W2U7,2026-08-27,Engine Overhaul
MH3HPPW3,2026-09-13,Tire Rotation
ALOI8ZV4,2026-08-09,Engine Overhaul
KSAQKMK9,2026-04-08,Engine Overhaul
MLRC3XRM,2026-04-08,Brake Inspection
L9YO254G,2026-12-03,Full Service
6RHW8U4T,2026-03-12,Oil Change
33NDZLYZ,2026-05-15,Tire Rotation
10GT3T48,2026-01-05,Battery Replacement
XS571EM3,2026-07-01,Tire Rotation
XJODJ1BU,2026-08-12,Brake Inspection
DPOET7EA,2026-06-11,Battery Replacement
MW8LC5AK,2026-03-03,Full Service
M4TK7U7L,2026-07-06,Battery Replacement
ORZXMWAP,2026-02-04,Brake Inspection
ZYDXHK4G,2026-05-19,Battery Replacement
JWZAH9XU,2026-02-14,Full Service
4CZGPK5H,2026-11-20,Tire Rotation
41A1KG49,2026-11-17,Battery Replacement
GZCARXWC,2026-06-30,Full Service
7KO5CQX7,2026-04-02,Full Service
Q1WV3ZQC,2026-03-10,Full Service
TDVDMYL2,2026-09-12,Brake Inspection
14A6B33T,2026-08-13,Brake Inspection
D8PM9Q4F,2026-06-24,Oil Change
X6ENPBGU,2026-08-05,Brake Inspection
RX9GNZP3,2026-10-28,Tire Rotation
PAIBFPH5,2026-10-05,Battery Replacement
TOWCU7WU,2026-03-20,Brake Inspection
HI7HSZMD,2026-07-05,Engine Overhaul
UC2UMLQU,2026-11-08,Brake Inspection
KE9WXCPA,2026-03-25,Full Service
KLFONIHS,2026-04-23,Brake Inspection
MG7M02AA,2026-07-23,Full Service
J2AQNVV1,2026-10-26,Tire Rotation
8JBOQ1T2,2026-11-02,Full Service
B18QW27X,2026-05-22,Oil Change
W3U8ZCHX,2026-02-11,Engine Overhaul
88GU8ILE,2026-07-01,Engine Overhaul
LYN2VFNO,2026-01-04,Brake Inspection
VUKAMZZ9,2026-08-10,Engine Overhaul
QQ3HI35W,2026-11-14,Oil Change
8IFAF2QB,2026-06-01,Tire Rotation
MAE18FJU,2026-05-25,Engine Overhaul
R7EXYS17,2026-09-04,Engine Overhaul
N4056UCE,2026-06-15,Engine Overhaul
UDR1MD5P,2026-02-05,Full Service
TC1UY03Q,2026-06-11,Tire Rotation
U8KI78P8,2026-01-09,Engine Overhaul
KVKMD05J,2026-12-18,Engine Overhaul
ZWL7JZPM,2026-03-23,Oil Change
XF9LTAHK,2026-03-26,Oil Change
LZFJ0T0C,2026-01-23,Tire Rotation
YSUN0ILS,2026-01-15,Brake Inspection
GIMIU2J8,2026-08-17,Full Service
B8JCQ9N2,2026-05-30,Tire Rotation
RV7LWZJT,2026-03-29,Engine Overhaul
5ZC4J3Z3,2026-01-31,Oil Change
BF7BDM6F,2026-09-24,Brake Inspection
ZPAO5T1C,2026-11-11,Battery Replacement
2RG1KG5M,2026-09-22,Oil Change
E15QKOPI,2026-04-20,Oil Change
XCQS9L1G,2026-06-09,Brake Inspection
D0TJ4E61,2026-07-20,Brake Inspection
CW4TE6TR,2026-02-24,Battery Replacement
6DIE6G3K,2026-05-28,Tire Rotation
U366NT4E,2026-01-21,Brake Inspection
ZH5LXO32,2026-05-06,Battery Replacement
5ZPASSHH,2026-08-07,Brake Inspection
T0KNIN0L,2026-06-11,Engine Overhaul
LCK237PH,2026-01-29,Battery Replacement
192B1PE4,2026-04-06,Brake Inspection
M61ZX8DV,2026-02-11,Brake Inspection
2FTPLFRF,2026-11-30,Brake Inspection
ZTFR323G,2026-08-01,Oil Change
DH1Q5OBA,2026-10-20,Tire Rotation
N9O9UPYP,2026-09-25,Engine Overhaul
TGPLR9EV,2026-02-19,Oil Change
7ZFRQHZM,2026-11-21,Brake Inspection
HIJCL2BE,2026-01-12,Battery Replacement
MGTTW5S1,2026-09-15,Tire Rotation
HJZE8JHE,2026-07-02,Engine Overhaul
ZWB386G3,2026-11-09,Engine Overhaul
N8XN3G1J,2026-02-24,Brake Inspection
GME5SK6O,2026-07-14,Oil Change
HMOVC8Z7,2026-09-22,Full Service
BZ0ZB5Y7,2026-10-13,Battery Replacement
H1RENVP1,2026-07-05,Battery Replacement
SGJFWZV0,2026-05-11,Tire Rotation
MR9IAZ6N,2026-08-13,Brake Inspection
NQBBVAN1,2026-04-09,Battery Replacement
5SMOV2JE,2026-10-14,Tire Rotation
PM1ITAKM,2026-01-28,Oil Change
BOT231ZK,2026-01-13,Full Service
SAU1L885,2026-09-22,Battery Replacement
2TSZCE3N,2026-11-14,Tire Rotation
GP2E5O2H,2026-11-05,Oil Change
RC16U0MA,2026-08-21,Brake Inspection
DBJGJDKS,2026-04-06,Oil Change
WPV4D9DD,2026-09-19,Battery Replacement
DDXVGQJZ,2026-09-05,Oil Change
5R6FQNDF,2026-11-09,Tire Rotation
JO89B7T5,2026-11-02,Full Service
P0WKNGGJ,2026-03-27,Oil Change
Q2YW5SEO,2026-09-05,Engine Overhaul
RZEQJSGZ,2026-08-25,Full Service
Z1GX5SUQ,2026-12-13,Oil Change
VF7AO6ZJ,2026-09-24,Full Service
J1E7B1UC,2026-03-01,Brake Inspection
HSHKNLZK,2026-01-11,Tire Rotation
CSMX3KOV,2026-04-16,Brake Inspection
OYV7VFGT,2026-07-07,Full Service
O13X8UX9,2026-03-23,Full Service
FYWOXR90,2026-09-11,Engine Overhaul
8DIK54C7,2026-04-18,Full Service
N4M4IXHP,2026-06-03,Tire Rotation
L8XK2FCD,2026-09-11,Battery Replacement
YMH8TNAP,2026-05-17,Oil Change
KL1O6XU4,2026-04-19,Tire Rotation
GGVGM8DN,2026-01-15,Battery Replacement
N093PK1P,2026-11-28,Brake Inspection
1J38K2KH,2026-11-23,Engine Overhaul
JQPQRHL8,2026-07-19,Brake Inspection
1M1M3IAW,2026-10-12,Battery Replacement
9YVFHIHK,2026-03-20,Brake Inspection
CXC06K99,2026-04-10,Full Service
4NEM604U,2026-10-12,Battery Replacement
8707B2RL,2026-07-16,Brake Inspection
FE6JXCTK,2026-12-31,Engine Overhaul
HETMAPSI,2026-07-02,Full Service
Q6J351HB,2026-06-11,Tire Rotation
O3NOYMM8,2026-11-02,Full Service
MHROCFI0,2026-10-06,Oil Change
0DFNIDDD,2026-06-22,Full Service
487VO47D,2026-01-05,Brake Inspection
XHIJHTSK,2026-11-26,Tire Rotation
IUBW11E3,2026-07-28,Engine Overhaul
RW6U41AH,2026-11-02,Brake Inspection
0BTC3IM9,2026-05-23,Battery Replacement
7JQ1L3IZ,2026-05-01,Tire Rotation
RQFTRXX4,2026-02-26,Brake Inspection
EH760RUU,2026-12-30,Tire Rotation
B8M3IF92,2026-06-20,Oil Change
L79YQZG7,2026-12-21,Oil Change
6BJF3F73,2026-11-27,Full Service
6JXJX1DZ,2026-12-16,Full Service
32GJTQP9,2026-03-23,Battery Replacement
U4PPKBFA,2026-11-18,Tire Rotation
JZSIDCWJ,2026-06-08,Oil Change
E8ZZR84V,2026-11-21,Tire Rotation
GH9S2EJD,2026-02-23,Oil Change
H6899CXD,2026-02-16,Oil Change
77N3MXE0,2026-10-24,Oil Change
ZNHVG0YO,2026-02-27,Battery Replacement
OUUJ0NFS,2026-03-28,Full Service
62GHW7FF,2026-04-16,Full Service
4DYM2SSU,2026-03-03,Oil Change
FT9NN713,2026-08-13,Tire Rotation
7MUUGMJP,2026-05-21,Oil Change
5A5LHMHP,2026-11-19,Oil Change
COFIDF73,2026-05-31,Brake Inspection
9001OZGC,2026-01-10,Tire Rotation
IVAC4C4S,2026-09-19,Tire Rotation
QSA6QYQR,2026-10-17,Oil Change
4K3LIRHP,2026-12-24,Brake Inspection
LFDN6ZP9,2026-08-17,Brake Inspection
K615HRPW,2026-04-30,Oil Change
Y8HSJVHA,2026-11-29,Oil Change
PBBQV9NB,2026-02-03,Brake Inspection
2JXSP0OM,2026-02-07,Engine Overhaul
RYK67IAQ,2026-06-18,Oil Change
GM7Z39P6,2026-10-10,Engine Overhaul
7QGL3NDL,2026-08-05,Engine Overhaul
C78IQD8K,2026-02-22,Engine Overhaul
98PLDHNZ,2026-10-10,Battery Replacement
H5F7XMO1,2026-06-15,Engine Overhaul
K97HJMY9,2026-03-21,Brake Inspection
JW75SW7D,2026-08-16,Tire Rotation
GK60Y7KC,2026-08-05,Brake Inspection
DFICJYPP,2026-06-15,Tire Rotation
14QS1JP5,2026-03-09,Oil Change
B0KO1CFC,2026-10-17,Oil Change
Y1WFI4UV,2026-12-06,Tire Rotation
U9R0G145,2026-04-08,Oil Change
03LIFLFU,2026-03-21,Oil Change
8H224I7T,2026-07-11,Oil Change
PVMSCYSI,2026-09-03,Brake Inspection
95584LNC,2026-04-02,Full Service
MGU9CMQ7,2026-06-09,Full Service
JSXAPQKO,2026-03-04,Oil Change
MBE3VGWR,2026-06-05,Brake Inspection
Y89YMW4V,2026-12-29,Tire Rotation
5F2BC4WZ,2026-09-01,Brake Inspection
HGG7HBEQ,2026-07-25,Full Service
6VQ58ZKU,2026-01-04,Brake Inspection
S5JZ2S86,2026-10-22,Engine Overhaul
VM63TFUS,2026-01-29,Engine Overhaul
BMCG4O8K,2026-09-30,Engine Overhaul
640FEFLD,2026-05-26,Brake Inspection
2UPKCRTD,2026-06-08,Battery Replacement
THJAMI6I,2026-07-20,
83AOQBHU,2026-02-25,Full Service
5XIZY2Y1,2026-08-18,Brake Inspection
IMUIA2FA,2026-09-15,Engine Overhaul
25L46DTK,2026-10-21,Oil Change
JEESPF03,2026-01-03,Oil Change
QCEJNWZM,2026-06-12,Oil Change
V1NH0BA0,2026-02-23,Battery Replacement
FRH6QYKE,2026-08-23,Engine Overhaul
2RP1MT1X,2026-10-11,Oil Change
OT2H0B5W,2026-06-16,Engine Overhaul
RBWE7LPH,2026-09-20,Full Service
XQ698MWN,2026-02-15,Battery Replacement
U4H088OH,2026-02-24,Brake Inspection
9NEO12FX,2026-03-23,Tire Rotation
PHQC1NZ5,2026-01-12,Tire Rotation
L8O6OJEH,2026-11-19,Tire Rotation
8D6KCZXO,2026-06-17,Engine Overhaul
2IHDM1BC,2026-05-09,Brake Inspection
8S1T9T5A,2026-11-25,Oil Change
9VUC6CHQ,2026-04-08,Battery Replacement
B74DJZIZ,2026-01-27,Full Service
5T4KXJN7,2026-11-20,Engine Overhaul
ZG746C0L,2026-01-07,Tire Rotation
FWBUHQW8,2026-05-08,Oil Change
Z7F2TGQM,2026-04-19,Brake Inspection
7HLGGX4S,2026-05-15,Brake Inspection
4OZKJZBN,2026-07-04,Oil Change
3QBE9WLL,2026-02-14,Full Service
84REOPGX,2026-04-15,Brake Inspection
C3H6IUKM,2026-06-16,Full Service
KHNJUQIO,2026-10-27,Engine Overhaul
F409R2BU,2026-12-20,Engine Overhaul
CZLVGNOK,2026-12-08,Tire Rotation
OIBPIVPM,2026-02-03,Oil Change
1BYMOJPS,2026-03-14,Oil Change
TGCXJJ9Y,2026-08-30,Battery Replacement
5RIM5F2N,2026-12-22,Full Service
LNHL36V6,2026-01-29,Battery Replacement
020UFPRY,2026-02-25,Tire Rotation
CE4RD8O5,2026-08-22,Oil Change
T91RXP4T,2026-05-11,Full Service
AS7XOJX8,2026-07-14,Full Service
8BYK473R,2026-09-23,Oil Change
ENO8BYS2,2026-06-15,Full Service
INVALID_6529,2026-05-10,Oil Change
J1KHE1LR,2026-10-09,Battery Replacement
IOIC80FE,2026-08-07,Engine Overhaul
B435TDPG,2026-10-11,Full Service
7KO5CQX7,2026-06-11,Full Service
4DZY4KX1,2026-05-17,Tire Rotation
P0EB8KGI,2026-11-13,Battery Replacement
G8GOJUG1,2026-09-07,Brake Inspection
POKNYAH9,2026-12-25,Oil Change
CX9MEJTJ,2026-12-30,Engine Overhaul
3DIQLBA4,2026-01-02,Tire Rotation
QYSH12QT,2026-04-09,Oil Change
IRJ9O3TD,2026-05-06,Engine Overhaul
AN21PAK9,2026-10-19,Oil Change
CUTABZ1I,2026-05-18,Tire Rotation
JIORPYXF,2026-05-31,Brake Inspection
YBZ42RD6,2026-12-14,Engine Overhaul
8EBA6XYS,2026-10-31,Engine Overhaul
2E2WM5BR,2026-02-10,Oil Change
9ZSO5WNL,2026-06-08,Engine Overhaul
J9YBRXO8,2026-10-02,Brake Inspection
NV3I70GY,2026-06-08,Full Service
JCEUMYOW,2026-07-18,Tire Rotation
OZ9PHZPY,2026-10-01,Oil Change
AZACZIBE,2026-08-06,Engine Overhaul
83JY03MT,2026-10-12,Battery Replacement
VVVZ5651,2026-01-04,Brake Inspection
ZBPR7NUZ,2026-03-20,Engine Overhaul
RZNDN2TC,2026-08-07,Oil Change
3P8P7IFG,2026-12-28,Brake Inspection
JRXEN3VN,2026-09-19,Full Service
C4QSG816,2026-05-06,Tire Rotation
8AKCGNDI,2026-02-01,Oil Change
IPWICT2T,2026-04-22,Oil Change
UGZKVADI,2026-09-10,Brake Inspection
8V9707XC,2026-08-26,Brake Inspection
3NNISV3O,2026-02-27,Tire Rotation
BD89EEUC,2026-02-20,Battery Replacement
L5THV16V,2026-06-15,Tire Rotation
3M0C6YVF,2026-12-13,Full Service
NVOKYT1E,2026-02-28,Oil Change
PHSLSIOH,2026-03-14,Engine Overhaul
53R80702,2026-07-21,Tire Rotation
VJ6Y67A4,2026-08-16,Oil Change
1I1FBWGF,2026-01-02,Tire Rotation
K5IA0JXI,2026-05-03,Oil Change
2O0PF8E1,2026-06-20,Oil Change
L5THV16V,2026-06-15,Engine Overhaul
NU3T7C66,2026-11-09,Battery Replacement
UCYMG6NN,2026-02-20,Battery Replacement
993ACVXY,2026-11-29,Oil Change
I7Z4MPIJ,2026-10-12,Engine Overhaul
BDPM09VR,2026-09-12,Full Service
080QJX2S,2026-06-07,Oil Change
FI1RWP09,2026-05-07,Battery Replacement
I1MJIBUF,2026-12-19,Oil Change
1LYR0UEU,2026-07-27,Full Service
1B4XJNVE,2026-10-19,Tire Rotation
E32W8DUG,2026-11-18,Brake Inspection
UEQCV6ZU,2026-01-13,Brake Inspection
C53X0NHK,2026-08-13,Battery Replacement
D7YTZ3WH,2026-09-20,Full Service
7KPUCTTE,2026-09-19,Oil Change
8MXFOJT0,2026-09-28,Brake Inspection
J6QWT88H,2026-07-26,Brake Inspection
VJNU1XJQ,2026-12-01,Brake Inspection
S34OC427,2026-12-03,Oil Change
NSHXALHU,2026-07-04,Full Service
SWGANZC9,2026-05-20,Tire Rotation
7HA76WYB,2026-01-02,Tire Rotation
3RGE4UFV,2026-12-07,Engine Overhaul
X0M9OK26,2026-12-27,Battery Replacement
PYKZX406,2026-12-29,Brake Inspection
WD2MLVTH,2026-03-10,Full Service
42FGECY2,2026-05-28,Full Service
EO8PMYPM,2026-11-06,Engine Overhaul
FB2D9YD9,2026-11-07,Oil Change
9W75PRT4,2026-03-09,Engine Overhaul
CEUMQQZP,2026-05-28,Brake Inspection
ULJLP5KE,2026-09-01,Brake Inspection
HZ35H4VK,2026-12-21,Full Service
CTDVU4DZ,2026-06-01,Engine Overhaul
93GPWRFZ,2026-10-22,Engine Overhaul
RVER3QVM,2026-09-01,Tire Rotation
GFAQLN1O,2026-08-13,Engine Overhaul
3XDMDPRV,2026-11-08,Engine Overhaul
GK10H8DK,2026-03-19,Oil Change
IC5KWL5Q,2026-06-15,Engine Overhaul
D3IY6HUY,2026-12-02,Oil Change
NUHE3QEE,2026-08-11,Oil Change
TEXPL8Y9,2026-05-21,Tire Rotation
VDWH51YU,2026-01-05,Oil Change
DHYF6DYP,2026-03-05,Oil Change
U1XWFP8A,2026-09-29,Engine Overhaul
3HX04L6A,2026-07-11,Tire Rotation
INVALID_7551,2026-05-10,Oil Change
917DKYXI,2026-04-03,Battery Replacement
B9M80NV6,2026-08-08,Full Service
J2OHK06F,2026-07-16,Oil Change
LINQLKHQ,2026-11-14,Full Service
LY66D9FB,2026-06-22,Engine Overhaul
CCNXZ4OS,2026-07-23,Battery Replacement
79TX1GYN,2026-12-22,Full Service
JXMDQ1BH,2026-07-27,Battery Replacement
RNGPSMWJ,2026-09-26,Tire Rotation
O45IBEGN,2026-07-16,Brake Inspection
KCFAF7T6,2026-04-12,Tire Rotation
SK48CYZ9,2026-03-17,Full Service
QVMIU6L7,2026-04-12,Battery Replacement
NR4H9DQH,2026-04-11,Full Service
ZGHKB7ZK,2026-02-16,Brake Inspection
4DGRY6H4,2026-05-23,Tire Rotation
BWNWBKD9,2026-07-18,Oil Change
20B8GQ5O,2026-05-24,Oil Change
B9O0OVU3,2026-06-17,Full Service
46VZLSGK,2026-12-17,Engine Overhaul
080ELVNG,2026-02-27,Brake Inspection
P3XTKAT1,2026-04-29,Brake Inspection
6AQK6HK9,2026-08-31,Engine Overhaul
RZ21ERAK,2026-09-02,Brake Inspection
3JP7F5PM,2026-11-23,Battery Replacement
MIWEBF9P,2026-03-19,Battery Replacement
77ZN2K4A,2026-08-21,Oil Change
EP1WK1BY,2026-03-14,Full Service
0H1AIVZK,2026-11-10,Brake Inspection
INVALID_7332,2026-05-10,Oil Change
INVALID_1569,2026-05-10,Oil Change
IJMX1EAN,2026-11-17,Brake Inspection
YQCXQPWF,2026-04-20,Engine Overhaul
ROSMD0N1,2026-03-14,Engine Overhaul
5ATL2G8R,2026-11-07,Battery Replacement
BW7IFYWH,2026-11-17,Battery Replacement
QDO32HRY,2026-05-30,Brake Inspection
58G8VH2M,2026-08-07,Brake Inspection
WPA7DUSX,2026-06-16,Tire Rotation
EAJ5VTG9,2026-01-24,Brake Inspection
FTC58EK3,2026-05-09,Engine Overhaul
LJIRHOKF,2026-02-09,Oil Change
EQZNN39G,2026-03-31,Full Service
IPDS7NBJ,2026-04-16,Engine Overhaul
2G5SCYPN,2026-08-07,Full Service
YW0A86VT,2026-09-10,Full Service
4WU5ZA2L,2026-10-06,Battery Replacement
XR64W0PI,2026-09-25,Engine Overhaul
82YV7VLB,2026-01-24,Tire Rotation
DFBJMGXO,2026-05-29,Tire Rotation
98SNJNJU,2026-11-20,Tire Rotation
INVALID_7102,2026-05-10,Oil Change
QBD1RSKE,2026-07-03,Tire Rotation
JTBVPSGH,2026-08-03,Battery Replacement
3C5D2I68,2026-12-28,Tire Rotation
ZRT0FK98,2026-10-08,Oil Change
743KKZR1,2026-09-11,Tire Rotation
3NOYM9KC,2026-11-15,Tire Rotation
3D603KLF,2026-01-07,Brake Inspection
1RSQH0LQ,2026-10-28,Battery Replacement
SOJJHX47,2026-12-28,Oil Change
26HWVI7M,2026-12-07,Oil Change
74HR4AX8,2026-05-27,Full Service
SR0KNMS4,2026-09-21,Engine Overhaul
Y2D1KI5Z,2026-10-23,Tire Rotation
DR67C3YE,2026-05-03,Battery Replacement
6RNDXQW5,2026-03-02,Engine Overhaul
P588S6RF,2026-03-20,Engine Overhaul
JFFHHP8L,2026-11-23,Battery Replacement
4W6U3QGZ,2026-12-10,Oil Change
CTB81T5P,2026-06-24,Tire Rotation
OVEWGYNO,INVALID_DATE,Brake Inspection
FEBBQG6W,2026-02-01,Engine Overhaul
2KZ5JZGY,2026-12-17,Battery Replacement
S5MD4OXF,2026-03-20,Brake Inspection
S2NF7T8K,2026-08-10,Battery Replacement
V83BT07L,2026-06-13,Battery Replacement
537BWY71,2026-02-27,Tire Rotation
38Z1HWMR,2026-09-18,Tire Rotation
78PA57T5,2026-09-05,Engine Overhaul
IHB5PZ36,2026-09-08,Oil Change
8G5UACAO,2026-06-15,Engine Overhaul
F23SQ41P,2026-07-01,Tire Rotation
ZL64HR34,2026-12-06,Tire Rotation
QHVXHYKN,2026-09-08,Oil Change
EZK3TAM1,2026-10-05,Engine Overhaul
O8ELXH0B,2026-03-24,Full Service
T8JGE4QP,2026-05-31,Oil Change
HV9X5JXT,2026-10-30,Brake Inspection
A17EA22W,2026-07-18,Brake Inspection
AID5R31Q,2026-05-07,Oil Change
A5J66EPZ,2026-04-16,Brake Inspection
884PJZWX,2026-09-10,Full Service
1II2TM3J,2026-05-20,Engine Overhaul
GSCAU9DV,2026-03-20,Tire Rotation
FSW50EGB,2026-01-11,Battery Replacement
FLXY00BN,2026-06-24,Tire Rotation
GJXPG166,2026-11-24,Battery Replacement
XEJ6G3L0,2026-05-02,Tire Rotation
RHGY7BS3,2026-06-15,Tire Rotation
BNM768TL,2026-10-29,Engine Overhaul
1PXIQ5OT,2026-03-30,Tire Rotation
7JDN8LON,2026-01-23,Tire Rotation
LMK9SCKC,2026-05-19,Tire Rotation
JYKF8YR3,2026-05-11,Brake Inspection
X2MC8DHM,2026-05-20,Oil Change
07VB1GH4,2026-08-08,Full Service
QX9L3KPP,2026-11-25,Oil Change
F2JPB2SK,2026-05-27,Oil Change
43SY4Y39,2026-05-07,Brake Inspection
O158SH9G,2026-10-05,Battery Replacement
KPCEY6J4,2026-09-27,Battery Replacement
3EIIHLPW,2026-10-13,Full Service
CIDGX4CI,2026-09-17,Tire Rotation
5XCJF0TX,2026-04-18,Oil Change
HQBTUU1N,2026-11-14,Full Service
QZXUABR6,2026-07-18,Battery Replacement
ODBWV85A,2026-05-02,Engine Overhaul
S159M1AL,2026-02-07,Brake Inspection
IDJUVEFD,2026-01-18,Brake Inspection
9R3NGBLQ,2026-06-04,Battery Replacement
K514XHTO,2026-09-24,Tire Rotation
ZP5VT1GN,2026-07-11,Engine Overhaul
1MK3VBS5,2026-03-12,Tire Rotation
V14OBHAC,2026-07-13,Tire Rotation
OXS24HQU,2026-08-26,Full Service
MX496AIJ,2026-02-02,Battery Replacement
7Z19VVFH,2026-06-30,Tire Rotation
47XSGOOK,2026-10-18,Tire Rotation
FJB0UVX3,2026-01-02,Full Service
NQGD4A80,2026-06-15,Engine Overhaul
98MJS687,2026-05-09,Engine Overhaul
X07O2Q3K,2026-12-17,Brake Inspection
KHMCJV8C,2026-07-01,Tire Rotation
FFSICMK8,2026-08-06,Tire Rotation
3BZ2RDCH,2026-10-03,Battery Replacement
X3NR041R,2026-11-10,Battery Replacement
R21BNY0J,2026-01-04,Full Service
VHFOBWT2,2026-12-06,Brake Inspection
DRTHKAEY,2026-12-15,Battery Replacement
5S14QD30,2026-05-16,Battery Replacement
AWSTIHR3,2026-01-22,Full Service
0XQENA3M,2026-11-12,Full Service
H6NF0O2L,2026-07-17,Engine Overhaul
U1KS597T,2026-03-17,Brake Inspection
Z7O4DSMB,2026-06-15,Tire Rotation
PYT7DEV7,2026-06-15,Engine Overhaul
0UNN9T14,2026-08-05,Brake Inspection
ON83NE5Z,2026-09-16,Tire Rotation
401ZBAIV,2026-07-26,Brake Inspection
ZSAHHYOH,2026-10-25,Oil Change
VPNMK9Q6,2026-12-12,Engine Overhaul
SLWP0O3K,2026-12-02,Oil Change
G7ZOTA8Y,2026-01-19,Brake Inspection
DB8VUMTO,2026-06-21,Brake Inspection
E8ET2996,2026-04-09,Battery Replacement
W51ZCCQM,2026-11-11,Battery Replacement
9R3YAD05,2026-12-12,Brake Inspection
RRO5I8DN,2026-06-22,Engine Overhaul
DDRM83WI,2026-02-23,Brake Inspection
83JKHBB8,2026-01-11,Battery Replacement
5KQUVN4Q,2026-08-22,Brake Inspection
5OD1ZGPY,2026-02-28,Engine Overhaul
5FK9P3ML,2026-01-22,Engine Overhaul
9W31B6UV,2026-10-30,Oil Change
OE4U56ZW,2026-08-08,Tire Rotation
IF0D6T25,2026-12-17,Tire Rotation
YN1NTVR6,2026-11-14,Full Service
494RT46F,2026-02-12,Battery Replacement
MHLKBAOG,2026-08-29,Oil Change
7SOXFGYT,2026-01-30,Oil Change
R0WVI3GK,2026-12-13,Brake Inspection
WH4C2Z77,2026-07-14,Full Service
AP0G7WSU,2026-03-18,Engine Overhaul
2W18P2CG,2026-09-27,Engine Overhaul
890RWNHF,2026-07-11,Battery Replacement
XJ31LR9B,2026-06-15,Engine Overhaul
XMA4XD1Z,2026-04-17,Battery Replacement
014DKD1Q,2026-08-01,Full Service
R8GYF9ON,2026-04-17,Full Service
T5Z0NGDX,2026-07-27,Brake Inspection
KM0X2RCG,2026-03-29,Oil Change
VOXL2QS2,2026-01-10,Brake Inspection
Q2GI6C6B,2026-07-17,Engine Overhaul
QASGJQ2Y,2026-12-18,Tire Rotation
ODRHSBBM,2026-01-19,Full Service
3IIS4KC3,2026-04-25,Brake Inspection
NQ38UD4S,2026-08-23,Engine Overhaul
MCOVOWHQ,2026-07-22,Brake Inspection
N59MT647,2026-04-13,Battery Replacement
HCTRX0KJ,2026-01-21,Full Service
BAJTS1B9,2026-03-24,Engine Overhaul
N9YF8576,2026-08-02,Battery Replacement
DZH6Z8TE,2026-04-02,Tire Rotation
FDUH2ZX8,2026-01-10,Engine Overhaul
U46SWMQ8,2026-03-02,Tire Rotation
0WGA1X8M,2026-05-26,Battery Replacement
DKV4IRJZ,2026-05-01,Oil Change
T38UQM9X,2026-09-20,Brake Inspection
CUAJZYE0,2026-12-07,Oil Change
PRDLVQB5,2026-03-14,Brake Inspection
GRGRP2ZB,2026-02-17,Tire Rotation
UDECZPCW,2026-02-10,Full Service
GFTSDT7B,2026-12-23,Oil Change
GF4KRNPI,2026-10-04,Engine Overhaul
YAWZ2AK2,2026-06-23,Brake Inspection
RYI1GRC3,2026-03-15,Full Service
1VVAJBEA,2026-10-20,Tire Rotation
MJM5KKX6,2026-04-27,Engine Overhaul
E62VRFSP,2026-10-07,Brake Inspection
3HY6DEQJ,2026-08-28,Oil Change
E84F4QG3,2026-09-11,Brake Inspection
LFO7WIS4,2026-08-24,Full Service
52GIMK3G,2026-11-16,Oil Change
02A2ACK1,2026-04-26,Brake Inspection
5FOWX52Y,2026-08-30,Battery Replacement
BOZOX2JD,2026-06-15,Engine Overhaul
WPO3FX8N,2026-09-26,Oil Change
UOGQY2Z7,2026-11-10,Engine Overhaul
AIDHP5HN,2026-08-16,Engine Overhaul
Q6HL2H5B,2026-12-12,Engine Overhaul
4G9ZU09T,2026-10-21,Full Service
37GITGV1,2026-07-22,Battery Replacement
BI5S4XIX,2026-02-17,Tire Rotation
P1BQKXRU,2026-05-03,Brake Inspection
OHKJSN2X,2026-06-01,Engine Overhaul
UQ5OBRF0,2026-06-26,Full Service
XDYG3RPU,2026-09-04,Oil Change
9FBCSG5R,2026-07-08,Oil Change
2LLJEZ6I,2026-12-18,Brake Inspection
TCTYXI6C,2026-02-15,Oil Change
VNTT7BXT,2026-09-02,Tire Rotation
INVALID_2911,2026-05-10,Oil Change
0WXIDTPI,2026-03-11,Battery Replacement
PI5U4NWL,2026-03-12,Brake Inspection
IUIVUGXI,2026-03-23,Brake Inspection
R8G3VPCT,2026-07-01,Oil Change
7GSU39NY,2026-07-14,Tire Rotation
Q0NPYJ9H,2026-12-08,Engine Overhaul
ZLH10OYH,2026-03-24,Engine Overhaul
3NSB5S7M,2026-03-02,Oil Change
XLYZBQYB,2026-02-04,Oil Change
EJ4IHWS6,2026-08-07,Engine Overhaul
RP503OQL,2026-12-27,Engine Overhaul
1AXDT3GG,2026-07-03,Tire Rotation
62NLUH86,2026-03-01,Engine Overhaul
KWABIKRX,2026-02-12,Tire Rotation
Y1PKLJC9,2026-10-14,Brake Inspection
S01LMA65,2026-03-07,Brake Inspection
47D0U2CO,2026-08-23,Tire Rotation
TLEXR91P,2026-08-01,Brake Inspection
Q0USPWJH,2026-02-20,Brake Inspection
QQH0AZF0,2026-04-14,Engine Overhaul
9KGW47OQ,2026-01-30,Tire Rotation
HMZM90H9,2026-03-04,Oil Change
1EWRCUWN,2026-08-03,Oil Change
JLG9X5VO,2026-11-16,Full Service
J1YLYJJI,2026-05-02,Brake Inspection
GDHGW25Y,2026-12-17,Tire Rotation
AWI1YYIO,2026-10-16,Battery Replacement
PXJGLGIT,2026-09-26,Oil Change
R6TWB0F0,2026-03-21,Tire Rotation
JRS8JDY9,2026-01-11,Battery Replacement
NHAOZ2SN,2026-11-28,Battery Replacement
W99UVIUV,2026-02-19,Battery Replacement
D35ZAT9G,2026-02-23,Brake Inspection
KJS4OP5E,2026-07-07,Oil Change
HFOAYQT1,2026-04-17,Battery Replacement
TGCCHL9L,2026-03-30,Battery Replacement
QX7X6S72,2026-02-20,Tire Rotation
4SUVYVXJ,2026-01-22,Engine Overhaul
P4BVOFT3,2026-06-18,Battery Replacement
JD67IJVR,2026-03-27,Engine Overhaul
R4JEV3CW,2026-08-25,Engine Overhaul
CXNOL9ZR,2026-12-24,Tire Rotation
ZKDPZLB8,2026-10-20,Battery Replacement
XDXTVR18,2026-07-06,Oil Change
U6E1SY27,2026-03-22,Full Service
8W7IPKPO,2026-02-12,Brake Inspection
M8O6II6V,2026-12-20,Tire Rotation
WPXZZ17L,2026-06-16,Battery Replacement
HN0TIWE8,2026-02-13,Battery Replacement
GEAR5HLR,2026-03-05,Brake Inspection
2JPYKUSX,2026-12-05,Brake Inspection
0MDUDC1D,2026-10-31,Full Service
MXR2ZBIT,2026-01-06,Brake Inspection
HF17F6DQ,2026-11-21,Tire Rotation
ZJ73YA4N,2026-01-07,Battery Replacement
XUSYJ4KM,2026-01-19,Full Service
OKRXMVGE,2026-05-19,Battery Replacement
6YX92PZE,2026-06-29,Tire Rotation
DL1VJD4L,2026-12-19,Tire Rotation
X9XFAGD9,2026-03-01,Tire Rotation
NSYHCE81,2026-01-20,Oil Change
CNNR4E25,2026-02-06,Tire Rotation
YS1OCX42,2026-04-07,Engine Overhaul
8N16XW02,2026-02-27,Brake Inspection
0Y97OHBB,2026-06-23,Tire Rotation
GAEV70WX,2026-02-13,Full Service
UOK2M3JN,2026-05-09,Full Service
18W4P8NP,2026-10-21,Tire Rotation
1PM39FF8,2026-11-12,Brake Inspection
S6WMFJOV,2026-09-03,Tire Rotation
34BKYINK,2026-05-27,Oil Change
K0ENPRIN,2026-07-07,Battery Replacement
VACMN5ND,2026-07-08,Full Service
GLY3PZY3,2026-07-02,Tire Rotation
GWKLOK0T,2026-05-13,Battery Replacement
OGXGF3JX,2026-09-27,Battery Replacement
DDOF1NX8,2026-01-22,Engine Overhaul
0DKYKGRI,2026-12-28,Brake Inspection
0VII4V58,2026-10-07,Oil Change
VHAPU1OY,2026-03-30,Brake Inspection
STY0SB4I,2026-07-13,Battery Replacement
0D54QDG4,2026-04-01,Oil Change
247CF4F1,2026-08-21,Oil Change
DY26XTHW,2026-02-09,Tire Rotation
CEX3RW73,2026-09-04,Oil Change
GGJMZC7G,2026-03-03,Battery Replacement
09DGPOFU,2026-10-17,Oil Change
PCCPCXGZ,2026-02-01,Oil Change
WFXZLG2R,2026-06-15,Engine Overhaul
VHP8JH4K,2026-05-25,Oil Change
VGN8OP0P,2026-10-19,Full Service
IWQ0KQRY,2026-07-15,Tire Rotation
O7FLANGJ,2026-03-08,Oil Change
XT7514TU,2026-04-28,Battery Replacement
JVEDAE14,2026-04-22,Brake Inspection
6HGQAWQL,2026-12-27,Battery Replacement
DUDWIIOV,2026-06-01,Brake Inspection
M5Q3ZZJ5,2026-04-26,Oil Change
NTZ14370,2026-06-01,Tire Rotation
YZZ9NHMN,2026-12-11,Tire Rotation
WNA6W1I9,2026-06-17,Oil Change
0SM5588A,2026-09-06,Tire Rotation
01LALWM3,2026-03-24,Tire Rotation
LDE1VAL3,2026-04-25,Tire Rotation
75XTFH9J,2026-02-05,Full Service
XHCL7ZVF,2026-10-04,Brake Inspection
ZVFXZ8XK,2026-12-18,Full Service
K19GNDH1,2026-04-04,Engine Overhaul
7CLZ5ZNH,2026-03-25,Battery Replacement
DA6UO8P6,2026-10-06,Oil Change
B5VQ0ORM,2026-01-16,Engine Overhaul
WV4JUD2E,2026-06-28,Tire Rotation
WVHUNWNP,2026-05-05,Oil Change
7HA29YXA,2026-08-25,Engine Overhaul
85J0RVA2,2026-05-06,Tire Rotation
DYECF5T5,2026-09-02,Engine Overhaul
KUCPGK06,2026-05-01,Brake Inspection
UW9BENZW,2026-09-11,Oil Change
J8VYK0SR,2026-12-28,Brake Inspection
XBFDKAUS,2026-09-18,Battery Replacement
ZWDECALZ,2026-10-04,Tire Rotation
D9FO4XDY,2026-09-28,Brake Inspection
KASGEGNF,2026-04-07,Brake Inspection
NR4H9DQH,2026-04-11,Full Service
HLQFLHRQ,2026-07-14,Tire Rotation
85Z8TND4,2026-01-22,Full Service
XJHGPCL9,2026-07-18,Battery Replacement
VERZILB8,2026-10-05,Oil Change
K9T8M7T0,2026-08-10,Engine Overhaul
DKF6TZHX,2026-03-21,Battery Replacement
6CUKKSP0,2026-11-15,Tire Rotation
EJP1OOXX,2026-06-30,Full Service
NH3VWXO1,2026-11-25,Battery Replacement
MQY3EJG5,2026-07-11,Engine Overhaul
E6OLFNGQ,2026-12-14,Tire Rotation
VX256N2Q,2026-04-01,Brake Inspection
36VESLWI,2026-03-12,Tire Rotation
S4GWINZC,2026-01-03,Oil Change
2NQBX8KY,2026-02-25,Tire Rotation
KIX50RIR,2026-02-20,Brake Inspection
Y4V2SG4Q,2026-07-29,Oil Change
M6FJLBY4,2026-10-18,Brake Inspection
1N3BS38W,2026-06-22,Oil Change
S143LEC8,2026-02-17,Battery Replacement
PYSKKWU0,2026-04-11,Battery Replacement
8VU78ZVP,2026-05-09,Battery Replacement
R09MSYO4,2026-03-12,Engine Overhaul
FXEVXTTB,2026-04-18,Brake Inspection
19OQ2GK0,2026-05-02,Oil Change
8VY32JFB,2026-09-06,Full Service
U847VQLO,2026-08-16,Full Service
PE42IUOQ,2026-10-09,Oil Change
4Z57T1DH,2026-09-05,Tire Rotation
OVSVAGYD,2026-03-04,Engine Overhaul
41INP3MX,2026-11-11,Full Service
JX2GI0DH,2026-06-10,Engine Overhaul
LZ4XWB9H,2026-06-30,Oil Change
IZ6W3D41,2026-02-19,Full Service
T7HPCTDY,2026-08-28,Engine Overhaul
GMGX7XKO,2026-09-08,Full Service
Z3EC0HLL,2026-05-01,Brake Inspection
ZQWT9UPT,2026-02-20,Full Service
5LK5GFHF,2026-03-28,Brake Inspection
WWLXF54E,2026-02-13,Tire Rotation
X44BNPRQ,2026-12-20,Brake Inspection
PA917S87,2026-02-05,Battery Replacement
6YFD0G2W,2026-04-14,Brake Inspection
LMWEYRRK,2026-08-04,Brake Inspection
UCAMWST4,2026-12-26,Battery Replacement
FB636NLX,2026-05-21,Oil Change
UWVT7XDX,2026-02-27,Oil Change
MSUVYB4B,2026-03-19,Brake Inspection
1FU89AT3,2026-03-28,Oil Change
BTL91Q45,2026-04-19,Full Service
SWI98D26,2026-11-14,Engine Overhaul
WMILD6RH,2026-05-09,Engine Overhaul
WM9M1U4S,2026-06-30,Battery Replacement
1HO07UC6,2026-11-14,Battery Replacement
SSH0GFAZ,2026-07-21,Battery Replacement
0AG41WU5,2026-02-09,Oil Change
DSZ88NJO,2026-06-16,Engine Overhaul
77INR4UU,2026-09-19,Oil Change
P4R37MBX,2026-07-30,Engine Overhaul
1Q6HZKFN,2026-02-25,Brake Inspection
TAVDYSIY,2026-07-27,Full Service
V6TGK1PF,2026-04-08,Brake Inspection
16ND6LMR,2026-09-27,Full Service
Z0NH972O,2026-02-10,Battery Replacement
WZ4J56MJ,2026-05-27,Oil Change
KOGF5SNV,2026-01-22,Brake Inspection
CG8UFPRE,2026-03-15,Engine Overhaul
AK4BH33B,2026-01-03,Full Service
1OVM0ZQV,2026-06-13,Engine Overhaul
VHMY5N79,2026-07-27,Brake Inspection
FKKLUW9L,2026-11-10,Full Service
PJUK9ZIN,2026-02-13,Battery Replacement
NW1JUK0M,2026-06-30,Full Service
JJKWWRBG,2026-05-09,Brake Inspection
HYOL3GTI,2026-08-26,Oil Change
H6X0HLLL,2026-08-27,Engine Overhaul
J621ONDT,2026-03-05,Engine Overhaul
FE86C5KL,2026-05-24,Tire Rotation
S6N43PO3,2026-05-23,Oil Change
S5DWMZ35,2026-07-25,Brake Inspection
YU9A5BGM,2026-07-07,Tire Rotation
6OYDL8G9,2026-09-18,Brake Inspection
H6NF5L5G,2026-08-13,Battery Replacement
KWS0GD75,2026-12-02,Full Service
N0YUXYDJ,2026-09-19,Full Service
P16ZNGGU,2026-09-30,Battery Replacement
BK2DUHK4,2026-09-04,Tire Rotation
ZYKRJC9Y,2026-09-15,Full Service
SH3W6U05,2026-07-28,Full Service
RHGA0YK7,2026-04-30,Tire Rotation
1YFDQ6ZI,2026-01-15,Oil Change
1OOT6840,2026-12-13,Tire Rotation
OVCA1O2S,2026-01-08,Oil Change
GUWXQJ1O,2026-10-07,Battery Replacement
R7TTWFRX,2026-01-20,Brake Inspection
NJ71K20H,2026-09-19,Tire Rotation
LZVHIFSJ,2026-01-16,Brake Inspection
2EMYSVTV,2026-08-11,Engine Overhaul
O8AIXL37,2026-05-26,Full Service
OMV9YZL3,2026-10-11,Battery Replacement
S765SP58,2026-02-19,Battery Replacement
O5WZ9RZH,2026-10-09,Engine Overhaul
OMP6SGZ4,2026-02-28,Oil Change
KMMIRPO6,2026-08-25,Tire Rotation
K2MEUP01,2026-07-15,Brake Inspection
YGR9LZUM,2026-05-27,Tire Rotation
F9A7ZTPI,2026-07-21,Oil Change
MSY42ENA,2026-02-11,Brake Inspection
H4T70ATF,2026-10-13,Brake Inspection
7NIELUR2,2026-12-14,Brake Inspection
MP5FJFUU,2026-12-31,Tire Rotation
UKMX1Y5X,2026-10-26,Oil Change
CH0JV5HQ,2026-01-28,Brake Inspection
9PVIVMK2,2026-07-06,Battery Replacement
UDVL52XM,2026-11-30,Oil Change
LK1WXHEC,2026-07-13,Battery Replacement
DY2XGIEI,2026-08-17,Battery Replacement
UXQD0RXS,2026-03-05,Full Service
N4MD2KHE,2026-10-31,Engine Overhaul
T04OBI2L,2026-06-26,Brake Inspection
RBQE7SPK,2026-04-19,Battery Replacement
REP3Z9CV,2026-11-03,Oil Change
1U1PISCE,2026-11-26,Engine Overhaul
7EHUQTZX,2026-02-05,Tire Rotation
7JOAAEKW,2026-05-10,Full Service
V1BQD2MG,2026-04-08,Battery Replacement
EE45Y0V4,2026-09-22,Tire Rotation
UMY5MQ8F,2026-05-13,Oil Change
HNPCVXWA,2026-10-19,Full Service
P06ZFE9N,2026-07-03,Battery Replacement
11A6LL7E,2026-04-26,Brake Inspection
ZMUEFCDQ,2026-04-05,Engine Overhaul
PYGNZYDB,2026-02-13,Full Service
LXB528LL,2026-05-15,Battery Replacement
XEVWTDZD,2026-10-06,Full Service
SNCG51P6,2026-09-24,Battery Replacement
MDHOW7SK,2026-10-11,Oil Change
C6ER8SO8,2026-01-29,Brake Inspection
YQPBFIRL,2026-11-21,Brake Inspection
H7SMQ5TC,2026-05-18,Brake Inspection
57VU46AG,2026-02-18,Oil Change
GV2QNC1D,2026-10-16,Engine Overhaul
WS8X9V3S,2026-10-26,Full Service
EB4QNLMG,2026-06-13,Battery Replacement
NUWWOS7S,2026-09-11,Engine Overhaul
EJ6TKQMC,2026-06-19,Brake Inspection
H44LX54O,2026-05-10,Oil Change
AUDT2BDC,2026-11-14,Full Service
12OS1B3D,2026-04-30,Brake Inspection
DB7M8362,2026-09-06,Tire Rotation
JBQPSXQV,2026-06-02,Tire Rotation
H73VCZ1F,2026-01-25,Tire Rotation
YSB3C9PT,2026-10-26,Tire Rotation
NLZ58NDU,2026-01-29,Engine Overhaul
OWZ0OJ2A,2026-05-10,Battery Replacement
DF0JMDV2,2026-05-25,Brake Inspection
1TH3NIYW,2026-12-27,Oil Change
M1O7VZ9Z,2026-02-13,Engine Overhaul
HYOFSPCK,2026-06-28,Tire Rotation
BIC9S6KS,2026-06-15,Tire Rotation
Y8WB4OYE,2026-04-13,Brake Inspection
UH13NNZ4,2026-06-21,Battery Replacement
11A5FINO,2026-02-11,Tire Rotation
NHHJ1343,2026-05-04,Battery Replacement
Q2IOTL7S,2026-09-25,Oil Change
NLOPMXBZ,2026-10-23,Full Service
RT1WGN6N,2026-06-25,Oil Change
HR8W9HC0,2026-03-04,Battery Replacement
0OGYA91U,2026-09-23,Battery Replacement
62CJEG56,2026-11-06,Brake Inspection
RTOTMLMV,2026-07-20,Tire Rotation
AVMPPKZ9,2026-05-21,Oil Change
LXRQXSXM,2026-06-11,Brake Inspection
VCYGPK3X,2026-02-08,Oil Change
STOGZLX4,2026-07-29,Oil Change
VVRCFSWY,2026-03-06,Brake Inspection
X3OKO4GD,2026-08-09,Oil Change
U9FJHOHO,2026-02-23,Engine Overhaul
T5U1GBFE,2026-03-02,Tire Rotation
RJMQ8IEU,2026-05-06,Full Service
2A3B0G7G,2026-01-26,Battery Replacement
44Z4JUH6,2026-08-11,Tire Rotation
OQ2SZGYV,2026-01-30,Oil Change
54X4V92J,2026-03-31,Oil Change
23672ATK,2026-01-02,Engine Overhaul
CE0LR3IS,2026-02-17,Full Service
HL0D6IZM,2026-07-14,Engine Overhaul
63HJFK7F,2026-12-18,Brake Inspection
A7ZTH3J1,2026-06-11,Battery Replacement
8O5DN91S,2026-09-25,Engine Overhaul
ZAOVOZG1,2026-05-30,Tire Rotation
6IFB5VM0,2026-02-06,Engine Overhaul
XXJ6P1JZ,2026-07-19,Engine Overhaul
KW7ISBPW,2026-06-18,Engine Overhaul
W6N1VOVX,2026-04-30,Tire Rotation
YEIPSI8Q,2026-06-16,Full Service
MLOIKLQS,2026-05-14,Tire Rotation
KB93Y7DU,2026-06-26,Brake Inspection
ZB9QDTB9,2026-04-19,Battery Replacement
WA3FSIUI,2026-04-13,Engine Overhaul
299WKMNG,2026-09-10,Oil Change
1RCSSFUS,2026-12-03,Tire Rotation
AZB2BJ3P,2026-08-04,Engine Overhaul
4F3SCI64,2026-02-13,Brake Inspection
8YSS2T8V,2026-01-01,Tire Rotation
NCP0TRMD,2026-12-14,Full Service
33HPCKPA,2026-10-30,Full Service
IEMBQQY2,2026-06-02,Brake Inspection
E9P2F683,2026-02-13,Tire Rotation
N8IQNZNZ,2026-10-03,Engine Overhaul
E51OP7Z4,2026-03-31,Brake Inspection
ST6JPP34,2026-01-06,Full Service
VGNPFNN9,2026-03-18,Oil Change
YX7AZBX6,2026-09-09,Tire Rotation
TCUILSY7,2026-06-15,Tire Rotation
2NDZGKCN,2026-09-22,Battery Replacement
GFWAKYJC,2026-10-13,Battery Replacement
10IHZ4Q6,2026-01-24,Battery Replacement
79ACRT00,2026-06-10,Battery Replacement
E101Y3VL,2026-08-23,Battery Replacement
E1FQOTE1,2026-12-16,Oil Change
131EIHIX,2026-05-28,Engine Overhaul
YYFT69IQ,2026-06-15,Engine Overhaul
YPTBIUUQ,2026-04-28,Brake Inspection
OA5PLPG7,2026-06-07,Full Service
JWX25YK3,2026-08-30,Oil Change
MWC3EOZQ,2026-01-21,Battery Replacement
2DADPFQK,2026-03-25,Brake Inspection
XPTPR9NV,2026-08-25,Engine Overhaul
XUYVCNUO,2026-01-01,Tire Rotation
RHJ63XX0,2026-02-11,Battery Replacement
IQ4UNOCL,INVALID_DATE,Brake Inspection
5XL41KFB,2026-06-19,Tire Rotation
0TUQH51D,2026-09-12,Oil Change
FC875O2K,2026-06-04,Full Service
SRXWV9JB,2026-08-18,Brake Inspection
572259DS,2026-12-25,Brake Inspection
AU5RG1S9,2026-11-27,Brake Inspection
B0HUIU13,2026-05-14,Tire Rotation
D82L7CYD,2026-05-23,Full Service
FZZ1SI4T,2026-12-03,Full Service
TTFBHGSO,2026-02-18,Engine Overhaul
7V2ZV4UW,2026-08-23,Battery Replacement
4BIFPACG,2026-01-26,Engine Overhaul
YYND558T,2026-01-14,Battery Replacement
CKUCLCFU,2026-09-16,Tire Rotation
4ZRKYZQW,2026-12-18,Engine Overhaul
BQAXNOOB,2026-01-04,Tire Rotation
4IV01UBK,2026-06-13,Tire Rotation
FD0AW0U6,2026-01-26,Oil Change
I8ZE24NP,2026-07-03,Engine Overhaul
77STQSGK,2026-06-23,Engine Overhaul
JAQTGQ2C,2026-05-16,Full Service
0300QZ5V,2026-09-18,Oil Change
FH15WX4D,2026-12-01,Tire Rotation
2HJK2UM4,2026-11-23,Oil Change
P6WR3CDA,2026-04-16,Battery Replacement
V1NMMEDY,2026-10-26,Full Service
QQLFJCA8,2026-01-08,Full Service
V291Q6O9,2026-01-11,Oil Change
6D8M04UT,2026-03-24,Oil Change
Z06QWYKT,2026-10-16,Full Service
6LBHSSTK,2026-06-17,Oil Change
66CGTHQ0,2026-10-31,Engine Overhaul
D840V1X7,2026-01-01,Engine Overhaul
NS1JGDIF,2026-05-25,Full Service
Q8U8Q7DL,2026-02-22,Brake Inspection
FJAMN26G,2026-01-12,Full Service
K2NDJX5P,2026-05-02,Brake Inspection
K2XJ6DUG,2026-02-20,Brake Inspection
Y3RS2QAG,2026-08-24,Oil Change
8VWS8UN3,2026-10-23,Full Service
TZAU6I1T,2026-08-13,Full Service
6Q33GWHI,2026-12-25,Tire Rotation
VNIKGHAB,2026-02-18,Oil Change
LA57MU9B,2026-10-12,Oil Change
Q0CFT9HY,2026-03-14,Oil Change
NSKGOQ61,2026-05-21,Engine Overhaul
32STGCYQ,2026-03-05,Battery Replacement
7EM1BX7S,2026-07-28,Tire Rotation
UVEVPFK6,2026-07-20,
H0MDK1BX,2026-01-18,Oil Change
9NOV7X4F,2026-06-10,Brake Inspection
JA1YXVO3,2026-05-24,Oil Change
NA59W2F8,2026-09-16,Brake Inspection
IMFZ91F2,2026-01-14,Engine Overhaul
DRC7NG5T,2026-04-14,Brake Inspection
0AJSV4KU,2026-12-02,Brake Inspection
OMU18GQH,2026-03-03,Brake Inspection
Z7O4DSMB,2026-06-15,Engine Overhaul
3LBR5U38,2026-01-18,Engine Overhaul
CN56SG6F,2026-05-11,Brake Inspection
VP27Y0JU,2026-06-21,Engine Overhaul
XYJL305U,2026-06-01,Tire Rotation
SF0MMNQH,2026-09-28,Battery Replacement
98QJ6PU4,2026-06-10,Full Service
JA6490AG,2026-02-07,Tire Rotation
0GC1EVIB,2026-05-31,Brake Inspection
AOZ3CIZW,2026-09-26,Battery Replacement
E9T0CAXF,2026-11-07,Tire Rotation
2HF1VIPI,2026-12-15,Tire Rotation
C8Y0N5PI,2026-05-19,Tire Rotation
H6QPSHAR,2026-09-25,Tire Rotation
W4T9S6BB,2026-11-27,Battery Replacement
UWBAKQK1,2026-09-17,Battery Replacement
9Q6FPSVD,2026-04-22,Engine Overhaul
3FBKMDOC,2026-06-15,Tire Rotation
41A1KG49,2026-08-27,Brake Inspection
89HRB2DA,2026-04-27,Full Service
L957X9IT,2026-08-11,Engine Overhaul
OOGWLZ30,2026-11-10,Brake Inspection
B5KL5J93,2026-10-23,Brake Inspection
1SG7VJUW,2026-06-20,Battery Replacement
K5YRB1MO,2026-01-22,Tire Rotation
70IV8BTA,2026-12-12,Battery Replacement
TM7BNVYM,2026-11-27,Tire Rotation
GQQZ6QBC,2026-06-26,Battery Replacement
T2JPLLEN,2026-06-15,Engine Overhaul
HOE5ZU8Q,2026-12-06,Brake Inspection
E8MSIBJ1,2026-05-27,Full Service
L88NU4RC,2026-03-18,Engine Overhaul
N1PK17XA,2026-03-03,Full Service
BHEUEGRT,2026-09-07,Tire Rotation
1CR6CNEB,2026-04-26,Oil Change
KGTD6MWT,2026-04-21,Full Service
01LFLAO2,2026-07-04,Tire Rotation
WUQKO4XK,2026-04-07,Tire Rotation
UEQPL0WO,2026-12-11,Full Service
84A137UE,2026-04-15,Oil Change
OY1LS879,2026-12-07,Battery Replacement
CEDABLQQ,2026-01-20,Full Service
0J4UHZGF,2026-07-09,Engine Overhaul
9HH47N71,2026-01-14,Engine Overhaul
4EJQ4XJM,2026-05-13,Tire Rotation
283B1HCA,2026-07-20,
D0GFM4FJ,2026-01-30,Oil Change
YXEW5IVK,2026-09-24,Oil Change
8YON4F8V,2026-07-01,Full Service
28RGQ2DQ,2026-08-14,Brake Inspection
RBXCJBDU,2026-11-04,Oil Change
HZT1ZI96,2026-09-13,Tire Rotation
OUJZ46B1,2026-06-22,Engine Overhaul
3IT48AXH,2026-03-11,Oil Change
C32OIQWH,2026-12-06,Oil Change
O7PSENPJ,2026-05-19,Battery Replacement
L05ZTFD1,2026-02-27,Full Service
INVALID_2700,2026-05-10,Oil Change
183LJW6H,2026-04-22,Brake Inspection
WTMAKYRE,2026-11-22,Full Service
5T44YG0W,2026-09-08,Engine Overhaul
5UD87H6N,2026-09-24,Brake Inspection
2UEUA14J,2026-11-30,Full Service
GUNIOV28,2026-04-15,Full Service
JJC3BOQ3,2026-04-23,Full Service
KLYC46HQ,2026-03-02,Tire Rotation
V0ZQARYM,2026-06-22,Oil Change
WPBHGURI,2026-04-28,Full Service
VMH1K3GR,2026-11-25,Oil Change
UCQ8B0U2,2026-07-25,Battery Replacement
QA1LCJBZ,2026-08-10,Battery Replacement
HZ9VKJNP,2026-09-29,Full Service
WO8WGDBN,2026-10-20,Battery Replacement
34YMTUZO,2026-02-18,Oil Change
3YFRG5IC,2026-04-28,Tire Rotation
INVALID_8597,2026-05-10,Oil Change
O4DBKXRL,2026-08-21,Battery Replacement
Y72IQHCL,2026-06-19,Battery Replacement
SSHCT847,2026-08-31,Engine Overhaul
WZWXOC43,2026-10-28,Brake Inspection
14V06R5U,2026-05-04,Oil Change
6IFDPZ08,2026-10-08,Tire Rotation
ILL0GCYO,2026-03-31,Tire Rotation
VCKF9RM3,2026-08-27,Tire Rotation
ZYDRKE5C,2026-02-13,Oil Change
B4DUL4GZ,2026-01-07,Brake Inspection
8OF9I3YI,2026-09-26,Battery Replacement
4031JJUM,2026-08-16,Engine Overhaul
0V5KVV0O,2026-11-12,Full Service
5PHNPFHR,2026-02-18,Full Service
AO8HB7M5,2026-08-27,Full Service
ZV7ZH7WD,2026-06-15,Engine Overhaul
RRKZ23GJ,2026-12-16,Full Service
OXJMAV2U,2026-11-06,Oil Change
E9X0VQT5,2026-11-29,Brake Inspection
ZFXOPW6Q,2026-10-30,Engine Overhaul
OJ3W0JX9,2026-08-23,Battery Replacement
TVYUQKO7,2026-07-05,Brake Inspection
1ZDP6TRO,2026-04-24,Tire Rotation
0WEMUW2A,2026-01-30,Full Service
X2A1LYED,2026-02-27,Battery Replacement
MIJDTDFJ,2026-03-29,Oil Change
K3C8MIVP,2026-02-14,Battery Replacement
MEEF3EB0,2026-03-12,Full Service
YR60BM38,2026-03-22,Full Service
G45Y0YMI,2026-08-20,Engine Overhaul
BFFU7JO1,2026-07-22,Tire Rotation
MHDBJUZQ,2026-07-29,Oil Change
PSN6AI4Y,2026-03-20,Battery Replacement
M98HUDPN,2026-12-29,Oil Change
3BX01R26,2026-06-10,Battery Replacement
A323VOVR,2026-05-24,Tire Rotation
4M337LI3,2026-11-18,Brake Inspection
99RC3LI1,2026-06-29,Brake Inspection
J192LJI9,2026-11-27,Full Service
IJQPFQHB,2026-05-12,Tire Rotation
IO7EXSD4,2026-01-16,Tire Rotation
9WLDH89K,2026-09-09,Engine Overhaul
C0IR603G,2026-10-14,Tire Rotation
T6RO7ONU,2026-09-19,Oil Change
GD03S85N,2026-09-30,Tire Rotation
H2SZGJLF,2026-06-06,Engine Overhaul
WYFZ034Q,2026-07-10,Engine Overhaul
8QB863WM,2026-02-04,Full Service
5K55G9IG,2026-04-02,Tire Rotation
UY1CD7NT,2026-10-16,Brake Inspection
0OK1Z1WP,2026-01-07,Battery Replacement
6UJC5ANO,2026-10-10,Battery Replacement
4TOUFNX4,INVALID_DATE,Brake Inspection
3PHW7XXT,2026-12-02,Battery Replacement
LRVWUVB0,2026-02-24,Brake Inspection
ADVCAQE1,2026-11-09,Tire Rotation
F0OQEM7D,2026-12-02,Engine Overhaul
HM1P11YX,2026-12-25,Tire Rotation
OCT14CNX,2026-09-07,Brake Inspection
JEF0OMAA,2026-05-12,Tire Rotation
LAOH0ZYM,2026-09-09,Battery Replacement
YE2A8EA6,2026-06-25,Oil Change
FODXOAWM,2026-12-06,Battery Replacement
P1AJM28H,2026-08-05,Engine Overhaul
PFT0S0WN,2026-05-30,Battery Replacement
DH913XSR,2026-09-28,Brake Inspection
I77I4X2R,2026-07-13,Tire Rotation
LWEBNHUE,2026-11-09,Oil Change
FRI80I3O,2026-02-16,Engine Overhaul
5ZL4TTIM,2026-06-30,Tire Rotation
7TOCUG3N,2026-02-19,Tire Rotation
GRP4WBWO,2026-05-29,Brake Inspection
5T4KXJN7,INVALID_DATE,Brake Inspection
A82FFLP5,2026-07-04,Brake Inspection
3Q70XF40,2026-10-19,Brake Inspection
INVALID_6107,2026-05-10,Oil Change
JTTYFYGU,2026-01-28,Tire Rotation
VYQKVABM,2026-08-11,Brake Inspection
EX7S0PNL,2026-02-08,Battery Replacement
5E02913K,2026-07-16,Brake Inspection
ZRCX5524,2026-11-13,Brake Inspection
UVNFU74P,2026-11-03,Engine Overhaul
7N21S3Z6,2026-01-28,Full Service
25PZ875U,2026-03-04,Brake Inspection
WWEOH7HE,2026-11-10,Brake Inspection
K0RFARET,2026-10-19,Engine Overhaul
STUH3GXR,2026-02-22,Tire Rotation
8T83UPCV,2026-05-30,Battery Replacement
RMAYW093,2026-09-10,Brake Inspection
5RFKQW43,2026-06-19,Full Service
BQ1B250N,2026-12-12,Brake Inspection
EFYYFX56,2026-04-21,Tire Rotation
DVR85Z1Q,2026-07-31,Engine Overhaul
WPJUKMQV,2026-07-07,Full Service
H0BXDA2J,2026-07-12,Engine Overhaul
X6BWH89T,2026-05-25,Engine Overhaul
P632A01W,2026-02-07,Oil Change
RC5WQ90O,2026-05-17,Tire Rotation
YK9V6UTU,2026-02-09,Tire Rotation
RNV9QOIG,2026-12-20,Tire Rotation
JE4H867F,2026-04-26,Battery Replacement
UFM6M6OD,2026-07-12,Brake Inspection
2E6HJBKC,2026-06-21,Oil Change
KLEP4QF0,2026-01-31,Tire Rotation
PWU3P5JV,2026-03-17,Battery Replacement
KDP5DAW7,2026-09-08,Full Service
FZZJJ7JF,2026-07-15,Brake Inspection
SVBFKS4W,2026-04-28,Battery Replacement
FEILPUCU,2026-01-14,Full Service
1Z6A6J1W,2026-06-15,Brake Inspection
Q24K4B65,2026-07-20,
2H9NJYVE,2026-05-23,Full Service
U46SWMQ8,2026-03-16,Brake Inspection
2KXG2KWS,2026-12-17,Engine Overhaul
WULVQ1IZ,2026-01-07,Tire Rotation
96DODHIY,2026-12-01,Engine Overhaul
MV11S53J,2026-11-15,Battery Replacement
BOWXDTZI,2026-11-28,Brake Inspection
P4K7UKV6,2026-09-15,Tire Rotation
856BWEV4,2026-09-06,Full Service
GH7YYC4E,2026-02-16,Battery Replacement
D740K3TQ,2026-10-16,Engine Overhaul
HE5L10IT,2026-04-28,Engine Overhaul
L1LF3EU3,2026-05-04,Battery Replacement
8A1TQW6G,2026-12-20,Brake Inspection
RAUAII9P,2026-05-06,Engine Overhaul
SQ41PDY4,2026-04-24,Oil Change
8OQ0S54X,2026-02-28,Full Service
V7I715GU,2026-10-20,Brake Inspection
ZALSHI7H,2026-02-20,Oil Change
YJVUXZ8Q,2026-03-15,Full Service
69G514OR,2026-01-26,Oil Change
0H3C2FIL,2026-08-12,Tire Rotation
EI7MEE04,2026-07-22,Oil Change
AOLZ2EYQ,2026-04-26,Battery Replacement
6NU0WQ9V,2026-08-28,Full Service
6KHY04LZ,2026-12-01,Engine Overhaul
QT0RLTFZ,2026-01-31,Battery Replacement
9AJFJEQT,2026-05-21,Engine Overhaul
CF6IFXGI,2026-07-04,Oil Change
TLDT7KBF,2026-01-03,Full Service
RYXHB7WH,2026-08-24,Full Service
W74EZUJ2,2026-05-11,Battery Replacement
JA0CDSN2,2026-12-19,Brake Inspection
GTQYYY1D,2026-01-04,Tire Rotation
ESUQJ41C,2026-06-01,Battery Replacement
AEL7VVHU,2026-10-10,Brake Inspection
YYEOXB6E,2026-11-03,Full Service
FXK9O837,2026-01-19,Battery Replacement
IJGXGTLU,2026-06-29,Brake Inspection
ZDJ9XRZU,2026-11-04,Full Service
8WRKEGTE,2026-01-25,Tire Rotation
AS2HOH88,2026-09-21,Full Service
FOUYWRQB,2026-02-27,Full Service
4OWILD16,2026-02-21,Oil Change
XQKPIK2N,2026-12-18,Engine Overhaul
GD8Z9RWK,2026-01-02,Engine Overhaul
OXHM7I9F,2026-10-05,Engine Overhaul
3PRN5BO2,2026-03-04,Battery Replacement
YR1QFNG0,2026-03-18,Battery Replacement
TS5SZ3W3,2026-03-30,Engine Overhaul
CNBM6G75,2026-12-26,Tire Rotation
LU2K3VWU,2026-05-31,Battery Replacement
P5LN0IPU,2026-06-03,Oil Change
I1PBP0YO,2026-04-02,Battery Replacement
K4ITYXEW,2026-08-28,Brake Inspection
JEKRNMHQ,2026-11-29,Full Service
80IQLOXO,2026-09-02,Battery Replacement
BPQY0FNR,2026-03-08,Battery Replacement
30Z4ESSX,2026-09-02,Engine Overhaul
N4487E4D,2026-11-28,Engine Overhaul
SQZG4M3X,2026-10-27,Full Service
I8BL9VTT,2026-05-17,Tire Rotation
DRH3VM4N,2026-07-24,Battery Replacement
12IDU5MU,2026-10-22,Full Service
Q5CS9KMK,2026-07-01,Tire Rotation
FYC0DS7V,2026-10-07,Engine Overhaul
CNWXTIXA,2026-09-11,Full Service
WHFE7O2Z,2026-10-30,Oil Change
4QXNF0VY,2026-05-17,Engine Overhaul
RQO5U5LI,2026-07-19,Brake Inspection
OJ1EXO64,2026-08-13,Oil Change
CKAD6YMC,2026-04-15,Tire Rotation
QFVA0CNO,2026-03-15,Engine Overhaul
4RZ3J9DG,2026-02-25,Tire Rotation
XG63IOTR,2026-12-30,Engine Overhaul
NY0HIU5H,2026-04-19,Oil Change
86KN5ZTY,2026-07-10,Engine Overhaul
XUSJ5YGT,2026-08-07,Engine Overhaul
1LTLTBM2,2026-03-02,Tire Rotation
8V7GKQEK,2026-04-27,Engine Overhaul
ZXEAJQOV,2026-09-10,Battery Replacement
K8194X29,2026-08-07,Engine Overhaul
QUBUKCO9,2026-07-08,Full Service
RGJUXRIO,2026-11-14,Oil Change
TQT239QY,2026-09-13,Full Service
WYD8NEP1,2026-07-12,Oil Change
01L4YY5Z,2026-07-19,Tire Rotation
X6NJFR9X,2026-12-04,Brake Inspection
QD5QPYLR,2026-08-18,Tire Rotation
DF0DM0X5,2026-04-08,Tire Rotation
9RFQVF2L,2026-06-29,Oil Change
MWLTMTND,2026-08-11,Oil Change
ROJY53DD,2026-02-26,Engine Overhaul
PEZR106J,2026-05-10,Full Service
PJT5GXOO,2026-04-30,Brake Inspection
ZPOZ1W1Y,2026-04-21,Full Service
E23TVCSN,2026-11-18,Engine Overhaul
WGFA00FA,2026-05-29,Oil Change
N6YYGIMY,2026-06-15,Engine Overhaul
1IJ02OQV,2026-04-16,Brake Inspection
18RF5H9Z,2026-07-05,Brake Inspection
RE48NTZ5,2026-02-27,Tire Rotation
9L77DKUU,2026-01-27,Battery Replacement
L6OC694O,2026-10-08,Full Service
53TGYK1W,2026-06-01,Tire Rotation
OLJ2A9BW,2026-05-11,Brake Inspection
0NH4SSHN,2026-02-25,Tire Rotation
6Y3XC10P,2026-12-15,Battery Replacement
TYSJ6IOI,2026-06-05,Oil Change
7AMJXGS4,2026-10-30,Brake Inspection
2GB761YW,2026-02-28,Engine Overhaul
0RYQYQN8,2026-06-15,Engine Overhaul
Z8ZNK6FR,2026-07-27,Engine Overhaul
IGGB1VY2,2026-09-10,Oil Change
DDZ7223R,2026-02-21,Oil Change
Q8LPQTCS,2026-03-03,Full Service
9YPEH95P,2026-01-07,Oil Change
5NM7K6KC,2026-01-08,Engine Overhaul
AWNRT11C,2026-01-18,Oil Change
ZSNFX7Q6,2026-08-14,Full Service
UK9WE7OP,2026-09-03,Brake Inspection
H5J1L9Q2,2026-07-13,Engine Overhaul
WDRNA4N5,2026-04-22,Brake Inspection
E3C4ZJSL,2026-01-04,Full Service
OGL20YH6,2026-11-13,Oil Change
UG55MPAB,2026-02-16,Battery Replacement
7XZKEDXY,2026-10-24,Engine Overhaul
0OKMEFWM,2026-02-15,Tire Rotation
2RWD6OK8,2026-11-20,Battery Replacement
PXGNBXIL,2026-11-02,Brake Inspection
AMC9HWHM,2026-09-01,Tire Rotation
JU7VY6KI,2026-09-21,Brake Inspection
30X0Z6XZ,2026-01-18,Tire Rotation
9I34AU05,2026-12-24,Oil Change
JOO4CULW,2026-03-29,Brake Inspection
JVZ3DLJB,2026-09-15,Tire Rotation
LYLX778B,2026-03-16,Tire Rotation
GQP7ZQAI,2026-03-15,Oil Change
D2M8CNDF,2026-09-29,Brake Inspection
TUSFRE28,2026-06-24,Oil Change
UVP0UNP7,2026-12-11,Full Service
F67KQMI7,2026-11-16,Tire Rotation
XS03M887,2026-11-09,Oil Change
F302TBQC,2026-05-26,Battery Replacement
A9CDS79N,2026-01-27,Tire Rotation
TEXRVDZN,2026-03-08,Oil Change
94STTWLE,2026-01-01,Tire Rotation
F1MX75XH,2026-09-22,Full Service
R8O2JRVH,2026-08-30,Brake Inspection
JZBVRI2G,2026-10-21,Tire Rotation
UPDAYKX3,2026-06-15,Engine Overhaul
7OIN1NR1,2026-06-15,Engine Overhaul
S51ZPQLJ,2026-05-28,Battery Replacement
GO7IKXL1,2026-11-02,Tire Rotation
OYVJG3L1,2026-08-10,Full Service
AWYIK5T7,2026-09-26,Engine Overhaul
IJ3YNGVA,2026-03-27,Oil Change
LFDFH0MJ,2026-08-08,Brake Inspection
INVALID_6554,2026-05-10,Oil Change
ZOJPQO8D,2026-04-03,Engine Overhaul
FE0BP0G7,2026-11-05,Tire Rotation
P689MULD,2026-05-23,Oil Change
T1FSNLCT,2026-05-15,Tire Rotation
9MVRQ7QR,2026-09-24,Tire Rotation
3D31183C,2026-07-29,Battery Replacement
93LJYOKU,2026-06-03,Tire Rotation
1GH7DRVB,2026-11-24,Brake Inspection
QVBCOEGE,2026-12-01,Tire Rotation
E0S8FBX0,2026-08-20,Battery Replacement
GCVHYSWQ,2026-02-04,Tire Rotation
34Q25BUW,2026-12-29,Full Service
9211RB8M,2026-06-16,Engine Overhaul
MPW6VZJ9,2026-10-11,Tire Rotation
AVDJ7JDQ,2026-05-30,Full Service
NH0UBLJ7,2026-05-21,Engine Overhaul
ZOV6000P,2026-01-24,Full Service
IY4UG4VO,2026-11-10,Brake Inspection
P6OR1P51,2026-05-12,Brake Inspection
UAF1FJ40,2026-05-11,Battery Replacement
QF3G99ZB,2026-05-23,Full Service
GVK1UGNW,2026-03-05,Engine Overhaul
ODDXN30K,2026-11-25,Engine Overhaul
ORJPP9KK,2026-07-25,Brake Inspection
Y1J0E3SE,2026-06-10,Full Service
D29Q1Z5A,2026-06-01,Oil Change
Y64JX100,2026-01-21,Full Service
GB367PLW,2026-05-23,Full Service
QAZUII8U,2026-12-24,Oil Change
SN3CCXC6,2026-05-18,Oil Change
CNP2EBUU,2026-01-25,Engine Overhaul
58HCYN4P,2026-08-22,Oil Change
0LCP3BZN,2026-10-05,Engine Overhaul
CZ1QWR8D,2026-09-14,Full Service
FH5YXD6Y,2026-11-11,Tire Rotation
MAE0S6N5,2026-08-07,Brake Inspection
NKQU78OR,2026-06-17,Tire Rotation
JR2CAY0S,2026-08-20,Tire Rotation
GIA5IFHX,2026-03-24,Battery Replacement
3OXE5PME,2026-08-17,Tire Rotation
XOH3VVDL,2026-11-15,Brake Inspection
R1RXKIIT,2026-03-01,Full Service
GO9BBKQP,2026-05-24,Full Service
FVPSWOUB,2026-08-03,Full Service
Z7WLMUG4,2026-07-12,Battery Replacement
0YQA6J5W,2026-06-04,Full Service
KEUKSUR4,2026-06-29,Full Service
ULWCAIGR,2026-04-14,Battery Replacement
RKGDGZZF,2026-07-10,Oil Change
ZQIGZO18,2026-10-05,Tire Rotation
V033PS5J,2026-07-15,Oil Change
ZCL18YWW,2026-04-02,Full Service
SL8BOD7V,2026-06-27,Tire Rotation
Q7X3KVJO,2026-08-02,Oil Change
8P7G0JPQ,2026-07-27,Tire Rotation
0P4UJJ1W,2026-08-20,Tire Rotation
KB5ERROA,2026-09-24,Brake Inspection
QKWSA2QI,2026-03-16,Full Service
KRK73HTV,2026-12-27,Engine Overhaul
IATRQR35,2026-05-08,Full Service
O6D7HXHB,2026-04-15,Engine Overhaul
D80UJNOR,2026-09-02,Brake Inspection
VGLWOBWF,2026-08-20,Full Service
ISWM91PI,2026-02-13,Tire Rotation
FUDQG09V,2026-02-09,Tire Rotation
8W2SVOKS,2026-05-04,Tire Rotation
V0E9EFHF,2026-09-22,Brake Inspection
CMO5XMDM,2026-11-02,Brake Inspection
C1IHFG0L,2026-10-09,Oil Change
WRDXM0FQ,2026-04-04,Full Service
ZLV68MDJ,2026-06-18,Brake Inspection
TPI0YKZ9,2026-02-25,Oil Change
3P8P7IFG,2026-12-28,Brake Inspection
G0N54QE0,2026-05-24,Oil Change
ZDJG9NJJ,2026-09-29,Battery Replacement
1NSQSFAU,2026-05-31,Engine Overhaul
TMTHICKP,2026-06-15,Tire Rotation
0KG1BQUC,2026-08-17,Battery Replacement
ZYDRKE5C,2026-02-13,Oil Change
4Q0I4ENM,2026-06-24,Brake Inspection
47X9U5HI,2026-09-04,Full Service
KFHJAZBD,2026-10-29,Brake Inspection
WKZ7OBYX,2026-07-20,
0ULUK2VI,2026-09-10,Brake Inspection
NR7OWTKQ,2026-01-22,Oil Change
YQUHBNN6,2026-08-31,Brake Inspection
COLLIMM5,2026-12-09,Full Service
843PPTW1,2026-07-30,Brake Inspection
K86AVEI5,INVALID_DATE,Brake Inspection
5QNYKB4H,2026-05-13,Engine Overhaul
4WHU1WOW,2026-09-24,Tire Rotation
3TB6UKI2,2026-04-23,Brake Inspection
72762SAR,2026-12-19,Oil Change
T4THHLAJ,2026-03-09,Full Service
3O692OUS,2026-05-09,Battery Replacement
JIRIWECS,2026-05-26,Oil Change
UV1UEZW5,2026-12-01,Tire Rotation
XCQHO30Q,2026-06-17,Battery Replacement
BBJ5YA8V,2026-08-12,Engine Overhaul
INVALID_3301,2026-05-10,Oil Change
OGL20YH6,2026-11-13,Oil Change
WN0IGE2U,2026-07-19,Full Service
5AE2RHD1,2026-06-09,Oil Change
1Q4H8QLL,2026-04-24,Oil Change
PILQ41IA,2026-06-15,Engine Overhaul
4G9959NB,2026-08-14,Brake Inspection
BP0TX2W7,2026-01-01,Brake Inspection
VQNVTMR6,2026-02-24,Oil Change
0F9RXGP8,2026-04-26,Engine Overhaul
T0ODGXTP,2026-12-24,Full Service
H5CDTV65,2026-07-03,Oil Change
XCXARN4S,2026-02-25,Engine Overhaul
2NFWVDOG,2026-06-15,Engine Overhaul
5ZXQNYZK,2026-01-25,Full Service
Q2AI4Q5B,2026-06-21,Oil Change
A8PZQQWI,2026-09-11,Battery Replacement
2I7HW8VY,2026-12-03,Full Service
INVALID_7521,2026-05-10,Oil Change
7G740V0W,2026-11-08,Oil Change
W1NEGQPI,2026-09-14,Brake Inspection
SK755J7Q,2026-02-21,Brake Inspection
704JCNQQ,2026-09-15,Brake Inspection
Y2C3CS8Z,2026-05-24,Oil Change
X8RBQ7EL,2026-07-21,Brake Inspection
NZB4JJ6O,2026-10-27,Battery Replacement
EX1R41WS,2026-05-21,Engine Overhaul
D9UZZLRH,2026-11-30,Tire Rotation
RPMOLHLG,2026-03-30,Oil Change
SE652Z30,2026-11-07,Oil Change
RGOV5ZBG,2026-06-30,Tire Rotation
8TOAT19D,2026-12-12,Full Service
2OACDTO8,2026-05-30,Tire Rotation
CGPXSRBY,2026-10-07,Tire Rotation
QFE8HAPW,2026-08-28,Full Service
X54LA7MV,2026-09-18,Tire Rotation
042X2M9W,2026-08-07,Engine Overhaul
Y0LYAEOA,2026-01-22,Brake Inspection
CQX3GDPN,2026-04-09,Engine Overhaul
CFBK96S4,2026-04-22,Oil Change
LLNS3SUN,2026-08-15,Tire Rotation
9DJS278D,2026-12-09,Oil Change
Q2HCKYX1,2026-12-16,Tire Rotation
VBGNL7P0,2026-02-04,Full Service
EIAHTIJF,2026-06-06,Tire Rotation
0SEF3PE0,2026-03-25,Battery Replacement
XU0KE7H7,2026-12-11,Full Service
H86AJP36,2026-07-25,Engine Overhaul
S1OPO68T,2026-08-11,Tire Rotation
DLOFNFGY,2026-03-13,Battery Replacement
MS3PPZ3S,2026-04-12,Tire Rotation
2H6DQZPP,2026-08-30,Engine Overhaul
AEXR5WGQ,2026-03-06,Tire Rotation
Q65205FT,2026-03-31,Brake Inspection
UDN3M1AX,2026-08-06,Tire Rotation
8KYNM931,2026-12-05,Engine Overhaul
CAXCNFA1,2026-07-20,
HQFNGXEC,2026-03-31,Full Service
Z6Z5M84O,2026-09-06,Full Service
HGT1N6M0,2026-02-07,Oil Change
OSSKTLJJ,2026-08-01,Engine Overhaul
4960QFNO,2026-08-01,Full Service
QRL9F56D,2026-09-03,Engine Overhaul
PO0CD8IK,2026-02-28,Full Service
68YJ35WL,2026-01-13,Tire Rotation
OI7KGWQ0,2026-11-19,Brake Inspection
ODBXMK2S,2026-06-01,Tire Rotation
8B0EAYHS,2026-09-13,Engine Overhaul
2ELGETS3,2026-12-30,Battery Replacement
ZD0P8BDL,2026-02-18,Battery Replacement
09WBQ61U,2026-06-02,Engine Overhaul
2AYR6LIJ,2026-08-02,Battery Replacement
ZTSAXKOS,2026-06-25,Brake Inspection
IPAQF0G0,2026-10-13,Brake Inspection
QB8T7J7T,2026-07-19,Brake Inspection
7UD4JXSV,2026-02-14,Oil Change
7TS81WYW,2026-10-02,Battery Replacement
AB8Q2VU0,2026-06-10,Brake Inspection
UW24LB40,2026-10-14,Full Service
KDYCM1I0,2026-02-20,Battery Replacement
YMR3RQYM,2026-05-03,Full Service
4KPAU1PN,2026-07-17,Battery Replacement
6PWHKYKM,2026-09-05,Engine Overhaul
8DMQ92IV,2026-04-26,Brake Inspection
AZ3F7I6V,2026-09-03,Engine Overhaul
7A2DHU65,2026-09-02,Brake Inspection
FD0AW0U6,2026-11-02,Battery Replacement
