transaction_id,vin,fuel_liters,odometer_reading,timestamp
TXN_3211,EB39UDSI,63.75,43983,2026-04-16 03:32:00
TXN_273,03H9S8NW,97.27,17002,2026-02-27 02:38:00
TXN_4976,3Z035CTC,62.08,27822,2026-01-07 02:35:00
TXN_4998,481RPIGI,83.58,18693,2026-03-03 18:07:00
TXN_3507,R434H7XC,51.32,44283,2026-03-10 19:48:00
TXN_2330,GAH06PG1,54.67,10565,2026-02-27 01:47:00
TXN_101,U3SXF42A,61.05,15933,2026-03-04 22:26:00
TXN_4866,CD526RTH,44.99,33191,2026-02-24 17:40:00
TXN_4984,ZD58QC1T,40.03,19591,2026-01-22 15:16:00
TXN_3410,CNC8WDY2,70.41,11216,2026-04-06 07:09:00
TXN_981,QJKQ5949,12.44,23356,2026-02-06 06:53:00
TXN_4985,CIDHOAHX,85.75,36998,2026-02-18 01:43:00
TXN_46,C3H59FWG,24.05,31294,2026-04-22 21:27:00
TXN_161,GWPLF3BG,18.37,26507,2026-03-11 08:52:00
TXN_1123,JTLV3DUQ,41.06,37643,2026-02-26 22:35:00
TXN_1048,13LUI17N,21.26,43576,2026-03-24 08:27:00
TXN_1746,UKOKZNQA,97.77,21333,2026-03-13 13:18:00
TXN_684,8FWKXDBL,94.94,34734,2026-01-11 17:28:00
TXN_2169,42ZTDJ9D,27.09,36815,2026-04-02 20:06:00
TXN_433,ZISVM4AC,65.04,43216,2026-03-13 05:26:00
TXN_3914,73CTFE25,40.34,47248,2026-02-25 09:21:00
TXN_3498,FDVFHIAX,66.89,15317,2026-02-13 20:29:00
TXN_3654,MS7QLVYY,35.45,27287,2026-03-06 17:36:00
TXN_4370,0AE90KL8,89.21,10778,2026-03-10 06:28:00
TXN_223,NZQVLOY0,41.44,47795,2026-01-04 19:55:00
TXN_3120,H462PA5Z,36.98,47084,2026-04-07 00:13:00
TXN_1388,31O98ZCB,57.71,12717,2026-01-28 04:59:00
TXN_2992,YVAZMHIY,40.48,33001,2026-04-02 14:44:00
TXN_3983,DZ2EZ04E,27.58,13864,2026-04-03 11:42:00
TXN_420,QB94R24O,58.95,13247,2026-03-23 19:54:00
TXN_529,HHQZDR76,46.83,34905,2026-03-17 04:04:00
TXN_2220,HTZO3LY2,19.47,22387,2026-03-15 02:44:00
TXN_485,KZQAX59Y,107.65,30041,2026-01-03 11:59:00
TXN_4890,D0QDW703,52.38,14423,2026-04-16 16:07:00
TXN_3285,VOEIP25B,80.53,32097,2026-01-03 01:00:00
TXN_932,T44J05RB,53.35,32933,2026-02-28 08:32:00
TXN_2478,LYEBYBNR,46.98,34885,2026-01-02 07:59:00
TXN_3094,Q4WRTUIF,64.9,16244,2026-01-28 02:45:00
TXN_447,GZA7A28N,31.48,18072,2026-01-31 02:48:00
TXN_44,5CNNAUQ9,19.94,39176,2026-01-06 14:29:00
TXN_3789,359A7VQ1,39.77,17053,2026-03-31 01:50:00
TXN_755,PSR0PC01,21.56,32128,2026-04-14 12:32:00
TXN_2573,HB2N6G31,57.24,37718,2026-02-23 16:42:00
TXN_2002,V5K1AKOO,54.16,11957,2026-03-20 04:09:00
TXN_1722,2M9R5300,85.01,17777,2026-04-07 22:54:00
TXN_1003,MRLFNUE9,29.91,33569,2026-03-16 19:02:00
TXN_1759,UW5FXUAY,48.69,22887,2026-04-28 16:51:00
TXN_29,D0KQPZ4Z,16.0,33845,2026-02-12 16:20:00
TXN_2053,RWW7BAG9,36.71,45908,2026-03-30 17:01:00
TXN_2434,D1IUGD9W,66.7,46468,2026-04-17 09:48:00
TXN_2117,K8V1HIGY,18.09,14631,2026-03-21 13:53:00
TXN_1445,C8U3C5EV,28.63,18105,2026-01-31 10:44:00
TXN_276,A1YW4IUP,33.32,11175,2026-03-26 07:26:00
TXN_3494,XD6TIC4N,56.0,30948,2026-03-18 06:49:00
TXN_3275,96L0A3HF,48.82,41988,2026-01-05 07:23:00
TXN_2875,C8PJPVZG,43.6,12621,2026-03-08 14:48:00
TXN_3348,GK3EI023,66.82,30805,2026-04-01 08:16:00
TXN_456,EF7WXI5C,35.38,44641,2026-04-30 07:37:00
TXN_3346,5Y2DMUNE,57.32,49996,2026-02-15 05:28:00
TXN_4829,K7NVE9WW,72.78,23655,2026-03-03 13:28:00
TXN_3496,93I96JI0,73.56,37744,2026-02-12 14:37:00
TXN_1965,IKFUH6TW,49.61,37260,2026-04-05 12:03:00
TXN_3025,4JORJG79,64.71,26820,2026-04-10 00:45:00
TXN_4599,80PI9V9I,71.65,29768,2026-01-07 12:23:00
TXN_745,EYTN5V4E,43.4,42516,2026-03-03 15:40:00
TXN_3257,46E1T2RJ,47.16,38778,2026-01-05 07:04:00
TXN_1336,RO5A0F7A,76.49,42939,2026-04-28 18:25:00
TXN_2476,5B98TPPJ,36.13,39179,2026-02-02 16:33:00
TXN_2916,9LWKGNFU,21.33,19857,2026-02-23 19:43:00
TXN_2611,YJLDXKW5,42.61,41729,2026-03-04 18:10:00
TXN_483,QX301U8P,81.91,16672,2026-01-07 09:15:00
TXN_1677,1WWG2HCM,24.97,38265,2026-02-24 04:29:00
TXN_1303,6V12O7NR,72.76,41551,2026-04-05 13:14:00
TXN_813,1N2G1DVN,112.25,37959,2026-02-14 01:57:00
TXN_2921,H7U6SHTX,42.25,47187,2026-03-14 22:21:00
TXN_1798,50Y9B6EI,81.17,13236,2026-04-03 12:58:00
TXN_4946,D2PV4ADD,37.52,48210,2026-04-12 18:59:00
TXN_1085,795VLLQV,40.32,16719,2026-02-28 07:58:00
TXN_4391,OG7B5IIS,59.33,25129,2026-04-07 11:07:00
TXN_543,GJD9J6FN,64.33,15382,2026-02-03 05:10:00
TXN_2897,ZO086QJR,65.08,47920,2026-04-14 00:25:00
TXN_1370,BZWC6LV9,30.83,34436,2026-03-12 16:53:00
TXN_4958,RKJG5CA4,23.06,41866,2026-04-08 08:52:00
TXN_1841,06FT55NM,26.43,35856,2026-03-26 00:34:00
TXN_333,ERW08Z1V,61.37,44764,2026-04-16 01:13:00
TXN_1865,UJM0EX1V,30.13,40899,2026-01-20 17:37:00
TXN_238,YSDEVHVP,22.5,40364,2026-03-24 09:27:00
TXN_686,5RDIZC0M,89.79,25065,2026-01-13 16:03:00
TXN_505,JEE0NBQN,37.12,24041,2026-03-14 19:20:00
TXN_3678,HT2AAJG6,48.78,36936,2026-03-19 08:16:00
TXN_4895,IGXH5JJQ,33.71,26625,2026-02-11 09:32:00
TXN_4492,4536PRM0,102.69,12252,2026-04-09 06:45:00
TXN_3980,EVVP43GN,61.53,17358,2026-02-28 05:23:00
TXN_2345,Z14ZCPNU,63.38,33313,2026-02-16 06:44:00
TXN_1020,6RT0E54E,30.64,21986,2026-04-21 03:27:00
TXN_1254,A9F1NJ3N,40.31,23107,2026-01-06 00:09:00
TXN_2213,3OX2YX5G,48.99,23417,2026-02-15 07:07:00
TXN_1918,6BFFUO2I,77.75,29966,2026-02-20 03:15:00
TXN_2042,TZNNB0ZM,93.06,28201,2026-01-30 18:50:00
TXN_2500,K64CYO29,31.63,35811,2026-04-17 04:17:00
TXN_2135,O0HX7DQN,99.88,38808,2026-03-18 03:08:00
TXN_3884,O7DZPOLI,32.47,38612,2026-02-18 22:05:00
TXN_2610,7UW5OKQP,73.08,23259,2026-02-26 14:57:00
TXN_4395,JSJQEM5T,72.98,41466,2026-01-10 18:03:00
TXN_3791,GPKNV7WT,43.07,24730,2026-01-12 04:40:00
TXN_4194,B18M3MEX,23.35,28970,2026-01-27 07:35:00
TXN_930,8LOH646U,51.56,45344,2026-04-06 04:56:00
TXN_701,RUX0LEJQ,18.49,41810,2026-04-24 03:05:00
TXN_595,6608YEMJ,15.18,46290,2026-03-16 04:26:00
TXN_545,CZV7W6JY,46.61,40729,2026-01-23 07:01:00
TXN_336,A99G5X2T,40.26,36696,2026-02-13 13:52:00
TXN_268,492K9PXR,35.43,31621,2026-02-07 06:34:00
TXN_1355,GBYDP5HW,48.21,10390,2026-03-06 15:33:00
TXN_3640,8NXXKECU,72.09,47660,2026-03-11 08:13:00
TXN_1884,S7UOH2OC,52.22,18563,2026-01-13 03:33:00
TXN_1024,U1UYUVTZ,45.18,30825,2026-03-28 18:47:00
TXN_2433,YDZOSXHE,79.27,19316,2026-02-24 23:36:00
TXN_2320,ITLL6U64,47.06,31983,2026-01-08 03:40:00
TXN_1459,8XYP6HWY,46.57,46073,2026-01-13 19:35:00
TXN_4647,9E5YSU9X,87.31,47944,2026-04-18 19:17:00
TXN_1599,1KSS4IH0,68.32,16369,2026-01-28 16:30:00
TXN_2467,1ZQCW8H4,62.63,23962,2026-04-24 14:29:00
TXN_3213,6VC7SR5U,39.08,19765,2026-03-10 01:13:00
TXN_996,9XT7HOSD,68.88,24188,2026-01-01 10:44:00
TXN_4165,C8PJPVZG,100.01,13119,2026-01-11 23:23:00
TXN_4070,TPE0EW3K,54.9,31283,2026-02-26 00:14:00
TXN_4547,KWR9FCBY,28.26,31217,2026-04-08 18:16:00
TXN_2076,VVGE0D9T,34.42,43914,2026-04-14 19:34:00
TXN_4295,N91WFC0M,35.82,24244,2026-03-27 16:03:00
TXN_1340,M252AN2K,25.37,38755,2026-02-03 15:04:00
TXN_2870,BVLXIPCA,64.17,14292,2026-04-13 13:00:00
TXN_3626,JVO8XCKC,76.28,42821,2026-03-07 18:34:00
TXN_959,NCORD3DN,62.01,20950,2026-04-02 18:11:00
TXN_4567,BE1P3CGZ,102.24,31132,2026-01-11 17:11:00
TXN_3589,LR0AMLJ2,56.83,34252,2026-04-15 20:37:00
TXN_4955,XPWCZ37G,44.28,21654,2026-03-14 12:03:00
TXN_3863,0HC3Y8HQ,14.73,20084,2026-03-11 15:10:00
TXN_3282,RNYDHB9G,55.64,28686,2026-03-06 09:20:00
TXN_1302,1RT2QFHX,77.81,37067,2026-02-03 10:15:00
TXN_3320,L8OJH0DL,33.5,45796,2026-04-16 02:20:00
TXN_3417,JREHYTVU,35.4,49633,2026-01-22 16:41:00
TXN_3769,4QFP5PI8,70.67,18793,2026-01-23 23:29:00
TXN_4528,80WTUCRC,17.99,32806,2026-01-21 14:19:00
TXN_2849,NIETJLW0,15.98,32107,2026-02-14 18:51:00
TXN_651,4S60TYSU,87.22,25780,2026-03-07 07:46:00
TXN_3719,6A2NERUQ,49.56,24984,2026-04-19 18:08:00
TXN_2016,N0LM8S84,60.99,14586,2026-02-19 16:12:00
TXN_1320,5UBS61BJ,28.42,23828,2026-02-05 15:38:00
TXN_55,EEXLAHET,58.14,13803,2026-04-05 10:37:00
TXN_3388,FXOJRUNI,58.91,43822,2026-01-08 08:27:00
TXN_1492,7MMPWBUY,71.39,15924,2026-03-20 10:56:00
TXN_2690,WWZUT61K,32.2,14739,2026-01-26 14:21:00
TXN_457,SSCSDEQ6,42.3,20363,2026-03-08 10:27:00
TXN_429,D4NJXNKR,75.88,44856,2026-02-15 07:26:00
TXN_3823,7L6H5ZIB,25.71,20232,2026-01-18 17:51:00
TXN_4501,UKZWR6FN,85.58,15419,2026-04-20 08:08:00
TXN_3932,2CLWXF6K,43.09,35178,2026-01-11 23:53:00
TXN_494,F7XLBGDW,78.09,35549,2026-03-10 18:01:00
TXN_3495,09KHZ9N7,34.02,28714,2026-03-11 13:31:00
TXN_934,8X8S4V01,58.21,28223,2026-01-16 19:58:00
TXN_2307,QXN7ZVAL,50.04,46911,2026-03-03 16:50:00
TXN_3376,045XZCFI,46.41,14347,2026-03-18 06:08:00
TXN_2976,SLB2TXTS,101.76,25788,2026-03-20 21:49:00
TXN_724,L91O1NTO,70.68,44176,2026-02-11 00:49:00
TXN_2219,LVXVJFAO,67.6,17455,2026-01-19 08:13:00
TXN_4002,XSV6S48Q,64.53,25303,2026-04-27 01:54:00
TXN_3846,1ODGRAYR,62.52,21530,2026-03-24 22:59:00
TXN_3358,F7W7AQNR,52.91,35459,2026-03-04 11:01:00
TXN_2624,25UN1WD0,104.07,49726,2026-03-19 23:59:00
TXN_4893,4GNEQGX9,59.46,26148,2026-03-31 20:14:00
TXN_2759,3MUM13Z3,17.29,40727,2026-02-12 23:39:00
TXN_4930,VAKHO308,18.27,35098,2026-04-12 12:54:00
TXN_2648,SWUUBIHN,50.3,38963,2026-02-14 23:43:00
TXN_1194,0R6JA4NZ,61.49,22017,2026-02-07 05:42:00
TXN_3129,H5CJCA8O,64.94,35378,2026-03-19 15:41:00
TXN_818,SFN5LHCC,92.16,47222,2026-01-12 09:33:00
TXN_1940,WB7SQ402,42.34,26056,2026-01-13 15:12:00
TXN_1687,ZC049S9Q,48.63,15656,2026-01-21 05:52:00
TXN_1333,UPHCVOQB,98.18,37890,2026-03-21 05:10:00
TXN_4102,F2QUBYED,64.93,20078,2026-04-23 06:49:00
TXN_4710,XP7D7GMK,97.02,17741,2026-03-02 05:16:00
TXN_751,EPGVVFYV,,39774,2026-01-15 11:55:00
TXN_2871,F7STMEH6,32.24,47965,2026-01-20 04:10:00
TXN_2526,YSG8FFSZ,22.29,47062,2026-01-25 03:41:00
TXN_2357,ZEC7ROVH,47.38,19096,2026-04-21 20:42:00
TXN_1592,OPW0OZZY,37.61,44342,2026-01-27 13:06:00
TXN_4450,IWQSQL6G,41.36,19669,2026-02-22 02:21:00
TXN_2851,SWZHY95E,68.47,36702,2026-04-03 23:37:00
TXN_2239,QOD99KZ5,105.83,33216,2026-02-18 10:57:00
TXN_3121,RTMDKCM1,21.14,20069,2026-01-18 22:10:00
TXN_4833,AK7SB52I,49.1,30542,2026-01-05 13:38:00
TXN_2990,1PRD93SK,73.68,34181,2026-04-18 04:16:00
TXN_2405,VPO04X3C,56.29,14873,2026-01-12 15:53:00
TXN_344,JYL0FY88,52.91,22447,2026-04-30 11:22:00
TXN_3982,YDQJB9DU,29.66,21279,2026-02-13 05:52:00
TXN_3220,GC4FOH1K,69.27,49251,2026-04-30 04:47:00
TXN_BAD_9350,INVALID_VIN,50,20000,2026-04-10 10:00:00
TXN_4158,74C5RTYY,43.34,26373,2026-03-29 13:00:00
TXN_2379,37DCCM6E,33.58,40541,2026-04-25 20:32:00
TXN_1689,E0FVRQBI,104.5,27508,2026-04-24 05:41:00
TXN_878,SDWAT39C,42.97,40477,2026-01-06 06:13:00
TXN_4481,TRLWE992,94.51,43749,2026-04-25 14:00:00
TXN_339,U4TGCJPQ,21.5,26232,2026-01-16 21:17:00
TXN_3647,5022DAD4,97.02,13345,2026-02-27 17:45:00
TXN_1840,AHLIYU7A,68.24,23287,2026-03-22 01:36:00
TXN_18,3USTRFTQ,74.46,21186,2026-04-01 11:12:00
TXN_1761,5RFPJPL8,47.35,42380,2026-02-25 13:03:00
TXN_2731,D9LVZ2CH,88.2,50099,2026-03-27 06:25:00
TXN_682,C7HD758X,97.68,36863,2026-03-28 04:59:00
TXN_3043,LB05V74T,32.64,45486,2026-01-18 16:01:00
TXN_4514,IAR897SV,80.48,45624,2026-02-15 04:26:00
TXN_2791,MBD4JWWG,98.33,30291,2026-03-21 15:24:00
TXN_2144,BEKQAWME,65.09,23373,2026-02-12 14:01:00
TXN_2071,7WYQMPH6,74.95,41217,2026-03-15 04:59:00
TXN_1076,WD932FEU,30.82,13936,2026-04-20 11:09:00
TXN_2462,T1TLCYVR,82.52,32443,2026-02-22 12:31:00
TXN_1484,IX4TI00P,34.16,35407,2026-03-20 09:11:00
TXN_4597,1NGQSZB5,64.71,47471,2026-04-19 00:29:00
TXN_2200,J5CWIFT0,87.14,19991,2026-02-04 21:40:00
TXN_2890,QK321QXR,55.95,48354,2026-03-23 18:21:00
TXN_3643,KJF4KWMK,50.15,47125,2026-01-25 00:30:00
TXN_1476,PV783KKX,74.28,39241,2026-03-13 17:38:00
TXN_2376,W7IER7FL,78.32,45000,2026-02-19 14:38:00
TXN_1511,8V0CNUA3,30.44,42483,2026-01-16 03:54:00
TXN_1446,VML77XME,76.97,27549,2026-02-24 03:37:00
TXN_3373,0GSJ5XO8,53.01,38866,2026-04-13 23:05:00
TXN_2841,POQDE8S3,80.79,41140,2026-02-22 23:51:00
TXN_776,ISZ93QUB,109.05,12027,2026-04-08 20:20:00
TXN_1976,D2M01G2E,49.1,25222,2026-01-19 13:21:00
TXN_4736,FERWQM78,47.92,36933,2026-02-07 14:18:00
TXN_3561,M2SISOLD,54.64,20212,2026-04-07 18:21:00
TXN_3117,418KJ8H8,27.43,31867,2026-01-01 20:51:00
TXN_1330,PK3R30X4,59.31,15377,2026-04-14 21:37:00
TXN_2834,YMEGXMPI,64.82,31888,2026-01-23 02:32:00
TXN_2532,5U1C2MLT,91.94,22293,2026-03-26 06:16:00
TXN_4772,4VLSW5LU,31.7,11498,2026-02-14 07:16:00
TXN_4928,2V1JIDOT,59.27,41304,2026-02-05 07:13:00
TXN_4261,NHH2CDXO,59.53,24612,2026-01-09 16:37:00
TXN_582,U71TP0Q6,79.56,11141,2026-02-25 21:29:00
TXN_1927,8RHQ8EMZ,13.33,14033,2026-02-05 22:21:00
TXN_4672,X1PJ6ZX3,36.33,38835,2026-04-24 20:54:00
TXN_4506,UTILE907,34.09,20535,2026-04-08 18:30:00
TXN_4969,0U8NVDJV,88.92,38384,2026-01-13 17:18:00
TXN_4271,SNS7M0GT,34.11,45551,2026-03-12 06:46:00
TXN_3276,6KFP3BB0,39.07,17380,2026-04-21 18:41:00
TXN_365,H54KIYUO,111.11,31307,2026-01-06 08:49:00
TXN_4488,7RRDAHH4,92.81,20777,2026-03-05 14:36:00
TXN_4328,R88RD4SV,44.02,42821,2026-01-09 08:23:00
TXN_4516,7XBXPIKL,71.75,34674,2026-03-29 01:44:00
TXN_1758,5FLZJXZM,92.64,47397,2026-01-03 21:39:00
TXN_3551,TD0WVOBV,67.44,31752,2026-04-27 10:20:00
TXN_3459,Y7ZXSNAH,90.46,30448,2026-02-07 04:12:00
TXN_2913,BX0K8YRI,19.97,38009,2026-04-08 16:39:00
TXN_4925,QEWC1OU0,54.76,35293,2026-04-29 15:55:00
TXN_2574,TR2OESPV,56.21,45965,2026-03-03 11:19:00
TXN_3256,M1ZU8E93,41.89,22228,2026-04-16 01:57:00
TXN_809,YF3RYXUT,44.16,12181,2026-02-20 21:46:00
TXN_3308,BOOYU4BN,27.36,35760,2026-01-06 02:45:00
TXN_754,CH6VGI0C,69.87,26145,2026-04-30 18:19:00
TXN_480,7AGI837K,127.06,47536,2026-03-10 08:57:00
TXN_896,IK6ZRAXN,56.83,19720,2026-02-28 07:37:00
TXN_1601,6EKTE4Z5,22.2,13938,2026-04-11 12:11:00
TXN_2157,XADMPDGO,39.29,32011,2026-01-30 17:59:00
TXN_2804,2O8D2S8T,37.99,42852,2026-04-23 09:10:00
TXN_2564,XDYEEPG1,63.79,31420,2026-02-20 14:01:00
TXN_3312,0PJ7MXUZ,72.26,27175,2026-01-30 05:15:00
TXN_4401,0HCLGCPL,60.06,36749,2026-01-01 17:18:00
TXN_1778,U4Z83MXQ,87.28,17296,2026-01-26 14:32:00
TXN_4317,0LM7M347,110.11,45018,2026-02-16 13:18:00
TXN_2463,T5PQYZQ9,30.87,16981,2026-01-18 05:29:00
TXN_1531,Q00TOBCB,36.48,23895,2026-03-12 21:10:00
TXN_769,OTVZRUX6,25.23,39181,2026-01-17 13:58:00
TXN_4552,RQDL6UU2,35.19,26098,2026-03-10 00:48:00
TXN_3335,C32KY839,23.09,31002,2026-02-13 02:55:00
TXN_4821,U9YZTDJN,55.38,49986,2026-05-01 11:04:00
TXN_3917,0EYTXGLM,52.09,33059,2026-03-02 14:12:00
TXN_536,9X7VX9ZS,17.37,12541,2026-04-12 18:31:00
TXN_1668,A3J7H0RL,15.86,39898,2026-01-12 21:04:00
TXN_4664,KF1CCUFJ,88.39,21219,2026-01-03 23:08:00
TXN_4384,OW0WX0J9,63.56,13149,2026-02-13 01:46:00
TXN_884,4B5OVVJH,47.7,28727,2026-03-30 14:12:00
TXN_2661,K0K42AR8,66.14,40894,2026-03-09 05:06:00
TXN_3333,0KLPQ6ND,35.69,37151,2026-03-16 06:20:00
TXN_4841,XEJX5BTW,58.05,30085,2026-04-09 12:23:00
TXN_1958,W7M82184,74.25,25681,2026-02-22 18:53:00
TXN_1889,5525XAY3,79.58,41168,2026-01-02 03:52:00
TXN_3821,UQGWL0K6,18.19,46266,2026-05-01 18:25:00
TXN_1554,WJYQUH64,58.15,20563,2026-01-11 09:18:00
TXN_3727,XO428F11,29.05,20617,2026-02-15 17:17:00
TXN_3702,7NZA8V3N,69.87,34926,2026-03-14 22:15:00
TXN_696,PP1TNE8T,65.06,24966,2026-01-03 15:32:00
TXN_3675,6I5L6YHG,95.06,12876,2026-01-07 20:46:00
TXN_3938,188W61NW,38.2,29701,2026-01-12 00:15:00
TXN_4676,83IT2ZSX,28.9,43760,2026-01-28 07:09:00
TXN_3490,SAE565MN,40.1,18008,2026-01-10 06:13:00
TXN_2708,TUQ3PXC5,63.79,20328,2026-03-12 05:50:00
TXN_4690,BJPRO4YF,73.47,22293,2026-02-25 21:11:00
TXN_1339,VARBBABC,57.83,21883,2026-03-26 02:41:00
TXN_3956,L7FNED7U,68.57,29865,2026-03-24 05:38:00
TXN_2578,DWZ0RDGW,31.62,13228,2026-01-29 17:12:00
TXN_4938,RMW7IIQU,32.31,25168,2026-03-15 23:25:00
TXN_1891,0CI5AQ01,27.99,34215,2026-02-19 11:59:00
TXN_720,1UB3MXNK,64.91,24555,2026-03-24 00:16:00
TXN_5,EY6CMF4W,72.95,14230,2026-02-02 13:22:00
TXN_4816,MST8QRIJ,95.61,36281,2026-03-17 07:52:00
TXN_3118,ZL2FOUFH,62.34,42694,2026-01-24 04:16:00
TXN_2985,11787YFU,55.25,34436,2026-03-01 18:11:00
TXN_4635,S7DI6BPP,20.05,40574,2026-01-18 06:19:00
TXN_2639,0CO1MZMB,37.55,36706,2026-03-26 15:01:00
TXN_4861,0UD9A1VC,48.7,36783,2026-02-03 21:46:00
TXN_1204,T282H4UO,87.21,39646,2026-02-13 10:34:00
TXN_1088,J2TMBLPP,53.36,19968,2026-03-21 04:20:00
TXN_703,HFY869P5,29.57,47247,2026-04-11 17:33:00
TXN_4741,URTW51IL,19.51,31069,2026-04-30 12:38:00
TXN_1637,LWJZTKXS,28.1,41793,2026-02-03 07:20:00
TXN_1493,50Y9B6EI,56.22,12786,2026-02-14 17:34:00
TXN_3266,7T96YZC0,43.23,35476,2026-04-22 19:38:00
TXN_445,5KP9QFZ6,41.56,30567,2026-01-26 10:45:00
TXN_3735,QFUZ0ZLU,86.49,37001,2026-01-27 18:43:00
TXN_963,BFHBNLAJ,46.79,28092,2026-04-12 18:12:00
TXN_4807,OY2L5TUZ,31.14,31038,2026-02-05 14:21:00
TXN_2264,CWHYLSHC,67.8,34893,2026-02-18 13:30:00
TXN_498,2H6D8387,82.45,48390,2026-01-16 02:22:00
TXN_943,6DD6NDXB,39.11,45925,2026-02-10 04:45:00
TXN_1237,32JWQPXL,44.03,40839,2026-04-26 13:08:00
TXN_4339,X9XBNA3D,59.87,31982,2026-02-07 15:42:00
TXN_772,812Q3PAN,27.27,46702,2026-01-20 06:36:00
TXN_4293,5FTOF0MK,73.8,47729,2026-01-06 08:29:00
TXN_560,UUP4GB0G,58.94,25527,2026-01-27 13:19:00
TXN_2350,WHIHWDHK,50.38,34197,2026-04-14 09:12:00
TXN_1067,6TWXRY7I,84.21,35306,2026-04-14 06:09:00
TXN_1558,VXNHM40E,43.65,31760,2026-02-11 02:45:00
TXN_280,Z6CYERTO,43.54,29618,2026-02-18 22:07:00
TXN_4310,HFF9OMF5,19.96,27722,2026-03-02 10:23:00
TXN_2311,33R4RV9M,54.06,45416,2026-01-10 23:22:00
TXN_2324,H75ZGZFL,88.73,29769,2026-04-03 03:51:00
TXN_4997,DQUZYIMU,72.23,38546,2026-01-20 20:23:00
TXN_1222,HRXY3NA1,51.74,47142,2026-03-07 20:08:00
TXN_1583,9KWMDGVU,93.6,50283,2026-04-21 21:53:00
TXN_4945,43TXMDLE,41.88,34268,2026-02-18 14:32:00
TXN_993,Y41ASADB,16.63,49987,2026-02-27 16:29:00
TXN_412,5HF2380F,71.67,29107,2026-02-09 06:43:00
TXN_2479,OESZYLPU,76.18,24037,2026-04-11 12:26:00
TXN_2664,CVPU1KJZ,29.97,45978,2026-03-09 12:28:00
TXN_3162,CO2APMWI,43.63,40390,2026-01-13 10:57:00
TXN_4812,3NH27UDN,54.04,25862,2026-02-07 01:59:00
TXN_3349,9PN419TY,90.06,13200,2026-03-06 14:25:00
TXN_3658,2YKX3AM1,55.53,48526,2026-01-16 20:13:00
TXN_4971,9HVCEC4H,28.71,49587,2026-02-24 00:46:00
TXN_3466,PZMF4GGE,97.37,37487,2026-04-07 00:09:00
TXN_392,IRGECI4I,97.37,47019,2026-03-19 11:18:00
TXN_2995,YW3S1TMI,56.85,20398,2026-01-16 23:09:00
TXN_2919,MEEF3EB0,16.72,31108,2026-03-22 00:35:00
TXN_4286,9Q6VIBXK,69.45,31968,2026-04-25 12:33:00
TXN_113,DQZPEN1S,74.51,45019,2026-03-06 08:23:00
TXN_588,0Q4FB69N,32.21,44143,2026-03-14 22:38:00
TXN_3095,QD5LB8OP,51.97,30632,2026-03-27 12:32:00
TXN_4208,L3HTLLGI,58.95,42155,2026-04-06 23:48:00
TXN_2773,NHGPN5XL,64.63,34996,2026-03-06 03:35:00
TXN_4217,HPJD234J,26.91,33194,2026-03-21 02:50:00
TXN_2190,C5D5JX4G,73.09,27083,2026-04-24 10:03:00
TXN_1612,S6JCMTTX,33.34,19929,2026-01-15 00:24:00
TXN_3677,7XQY4V89,41.83,22024,2026-02-09 00:51:00
TXN_3427,VPQUFWGH,68.72,45198,2026-03-03 12:56:00
TXN_4029,4NTJ9OM9,80.45,20689,2026-02-26 23:29:00
TXN_3318,7UJCDVY2,23.32,26368,2026-03-05 18:47:00
TXN_2537,ICLH3TWH,71.6,36887,2026-01-03 21:11:00
TXN_1435,YT2H7Y6C,50.93,36885,2026-01-18 05:46:00
TXN_1186,ABEMMJT9,78.98,21810,2026-03-16 14:04:00
TXN_1045,WVDQHN2V,44.68,41282,2026-03-16 00:40:00
TXN_1447,CYKSQZ07,49.24,12608,2026-01-24 16:02:00
TXN_2025,A7QAVW7X,37.62,39683,2026-02-01 23:22:00
TXN_3508,O7I3GAH1,46.14,13286,2026-04-25 06:11:00
TXN_3650,TKUOTMJI,26.97,19902,2026-03-08 12:59:00
TXN_4932,5V8DS12Y,38.09,22957,2026-02-21 02:30:00
TXN_4687,FZK1VXY2,36.98,16294,2026-04-01 04:14:00
TXN_4352,29IUX9KB,55.83,43949,2026-03-24 03:33:00
TXN_2384,JHI9OZB7,52.21,40184,2026-02-23 16:26:00
TXN_753,860PJSSP,61.22,31912,2026-01-23 10:55:00
TXN_2163,7CBY7WYX,41.59,35969,2026-01-06 01:36:00
TXN_4153,H8BOJ1T5,32.2,14737,2026-02-24 21:37:00
TXN_3599,Z2J3EKKE,43.72,21887,2026-02-07 08:57:00
TXN_237,FXVC76Z9,52.66,43783,2026-02-02 16:54:00
TXN_437,N03CN50W,127.32,32451,2026-03-18 23:22:00
TXN_4993,BEVW7BK5,24.26,18649,2026-03-05 18:00:00
TXN_3167,PZXW0Z9D,41.93,13011,2026-02-11 08:03:00
TXN_240,082FCVYX,38.08,14834,2026-03-06 11:53:00
TXN_2223,BY9A0RS3,35.91,12914,2026-03-10 05:51:00
TXN_3825,0F00Z2FB,107.38,17763,2026-04-24 15:30:00
TXN_2196,5E1DTSO0,76.81,37367,2026-02-23 22:48:00
TXN_2647,AVDT15WU,94.05,28507,2026-04-08 22:20:00
TXN_4531,FVYT0NJ7,37.48,15340,2026-04-25 15:05:00
TXN_1012,1ZHANE0A,37.7,34614,2026-01-24 08:01:00
TXN_4245,GPDQJJKH,27.26,36312,2026-01-06 11:39:00
TXN_2236,OOOWKB0D,63.28,47480,2026-04-04 01:12:00
TXN_2389,1J8D9F0T,29.44,41589,2026-01-09 16:29:00
TXN_2543,6EBXKX04,73.7,33572,2026-02-26 04:41:00
TXN_1110,ELH6GLCU,16.46,20013,2026-03-03 05:14:00
TXN_4848,3B91GCZG,15.68,31868,2026-03-24 07:58:00
TXN_1654,S2SJ363J,77.96,45459,2026-04-05 00:32:00
TXN_216,8ZQRQOHV,77.02,50275,2026-03-08 00:09:00
TXN_3759,PZTZUU69,34.17,14684,2026-02-12 02:41:00
TXN_4112,PC9W6LCX,92.55,13620,2026-04-07 14:41:00
TXN_1786,6X0HQPWT,30.41,37902,2026-03-29 23:25:00
TXN_2910,6PDXZJQK,23.79,29025,2026-02-01 19:21:00
TXN_1049,15ST0IBY,51.32,26457,2026-02-28 13:59:00
TXN_1727,6DUGR7KN,27.48,40323,2026-02-27 03:07:00
TXN_4915,DFZY9H7U,61.7,41706,2026-04-29 00:22:00
TXN_2481,GC8EWKQT,88.99,37538,2026-02-06 01:47:00
TXN_BAD_3551,INVALID_VIN,50,20000,2026-04-10 10:00:00
TXN_4016,HL08SIR4,28.85,22189,2026-03-18 07:05:00
TXN_4057,P589CKC1,100.75,26799,2026-02-11 10:56:00
TXN_361,EW9VJRLO,38.35,13691,2026-02-07 21:20:00
TXN_2677,13TA4JUV,90.38,20244,2026-03-26 03:36:00
TXN_303,O8W5SA70,41.98,49458,2026-03-25 14:18:00
TXN_2832,88LGW6AK,29.08,17413,2026-03-12 00:46:00
TXN_2803,WOUCQNFH,14.96,42742,2026-04-28 23:08:00
TXN_3907,PFOG0R1Q,61.58,13306,2026-03-10 11:27:00
TXN_1717,ZVQR0289,38.02,19085,2026-03-29 00:34:00
TXN_475,MCMMIMWE,104.59,18638,2026-04-20 12:54:00
TXN_157,WY1LBZ5W,29.84,33283,2026-03-31 18:21:00
TXN_633,VCHF1J8T,72.35,45817,2026-01-03 02:17:00
TXN_3202,PILQ41IA,75.03,49886,2026-04-27 23:45:00
TXN_142,JZHCT9QT,74.21,15009,2026-02-10 13:50:00
TXN_1425,KA7KOACQ,68.25,32489,2026-03-12 08:55:00
TXN_4465,UQ9VVQD1,99.48,15455,2026-04-09 06:12:00
TXN_1379,GNCGY0JU,23.75,46630,2026-04-06 01:41:00
TXN_4120,P8KK1LV1,55.78,47116,2026-01-25 05:38:00
TXN_3781,7GELGLK9,61.53,38759,2026-04-21 05:09:00
TXN_2809,4V9U8BFT,18.67,33573,2026-02-18 00:20:00
TXN_2008,6ZHXZJBW,47.54,21701,2026-02-14 21:28:00
TXN_2775,MSYOJW36,107.29,34866,2026-02-27 11:48:00
TXN_2755,O5L9ZNNI,14.78,27054,2026-01-29 12:48:00
TXN_379,XD091DGY,96.84,46487,2026-02-18 02:18:00
TXN_2407,SQSCBLKY,77.74,42369,2026-01-04 23:03:00
TXN_2429,PLUUYY93,31.9,31491,2026-04-17 17:49:00
TXN_1171,WNH423X5,78.63,12317,2026-01-19 06:57:00
TXN_4358,AXZNO4ZJ,16.33,26012,2026-01-01 13:22:00
TXN_1441,CTEF2C16,31.74,22990,2026-01-19 18:22:00
TXN_1455,LL6R3Q60,39.22,38755,2026-02-08 18:31:00
TXN_2562,CIKA3NPK,67.74,26600,2026-03-07 21:46:00
TXN_3294,KJO0BZ9I,46.21,41046,2026-03-19 05:34:00
TXN_2155,I5AXLJWF,38.64,17269,2026-05-01 19:13:00
TXN_3352,V1RIO6WD,41.92,46257,2026-02-03 15:38:00
TXN_4927,KUI5J5Z6,43.96,40492,2026-04-15 00:18:00
TXN_821,SB83ORLF,28.26,11094,2026-04-23 02:58:00
TXN_2346,A2ISANZM,20.29,47250,2026-01-31 04:57:00
TXN_623,73X1YJEQ,49.91,17920,2026-02-20 09:43:00
TXN_840,93E3DV5E,57.49,47391,2026-04-12 22:04:00
TXN_4571,1YJS2LWN,77.21,12565,2026-04-17 12:41:00
TXN_3119,IF49OA2N,53.4,11877,2026-03-05 14:56:00
TXN_4870,593BUKTD,23.58,38054,2026-01-05 21:39:00
TXN_417,X1BKO678,39.23,46962,2026-02-10 20:07:00
TXN_2716,1SRDLXC9,47.13,47223,2026-02-04 01:36:00
TXN_2306,WT72TSBW,89.63,30821,2026-04-21 03:22:00
TXN_1169,EUZHYXCB,59.85,30170,2026-02-09 03:56:00
TXN_4404,RN3TFECW,92.57,15678,2026-04-19 21:17:00
TXN_4908,EZ4WP12H,82.27,25893,2026-03-05 13:30:00
TXN_1385,ZR8DCM0O,81.34,23761,2026-01-03 09:42:00
TXN_2119,EQX6MB4C,52.59,17988,2026-02-01 10:32:00
TXN_1951,9WLDH89K,89.44,25472,2026-01-06 17:43:00
TXN_1363,7KM2OJQ2,48.18,23288,2026-02-22 01:06:00
TXN_3249,6M86T6TZ,54.79,48018,2026-03-14 10:38:00
TXN_2636,QBQYOSR5,59.81,25485,2026-01-26 08:10:00
TXN_2530,XE5W9ZPY,19.4,46075,2026-03-25 17:23:00
TXN_1209,L6NEL3D9,69.36,24011,2026-02-07 10:21:00
TXN_4776,EXYJGYC5,26.65,48170,2026-01-20 02:50:00
TXN_2776,GTNZVXUD,38.69,46535,2026-01-22 15:13:00
TXN_4371,88GH5GOT,66.82,34132,2026-03-24 00:56:00
TXN_3103,8I1LRFYI,45.73,42423,2026-02-25 09:49:00
TXN_4274,0PV6IGYV,59.29,25664,2026-03-19 02:09:00
TXN_3777,921TELMB,44.64,25469,2026-02-05 18:17:00
TXN_4539,6BR3YQ4S,44.02,17503,2026-01-26 13:23:00
TXN_4141,Y7SJMLNU,21.26,22204,2026-04-20 18:08:00
TXN_4524,K0FMS35L,64.31,11528,2026-04-22 14:07:00
TXN_3031,LMJ2DO8D,37.36,27949,2026-02-25 11:09:00
TXN_4669,8WBSG7CT,25.16,13305,2026-02-12 13:14:00
TXN_4532,KXWY3EW3,19.44,11405,2026-03-22 09:58:00
TXN_1151,IEY3X95J,29.04,26124,2026-03-11 04:40:00
TXN_4724,3M3WVAGG,52.49,39766,2026-04-02 07:26:00
TXN_4025,N6DMEMSW,51.42,36266,2026-03-08 04:22:00
TXN_3936,QL1NZX1S,51.25,24547,2026-04-09 00:48:00
TXN_1903,LXH6YTD4,42.19,34943,2026-03-30 04:18:00
TXN_1044,TW9LRBMV,34.7,26260,2026-01-15 18:01:00
TXN_2934,9FABWL8U,55.25,21191,2026-03-05 16:19:00
TXN_3536,TLT636CN,75.25,50183,2026-01-26 00:42:00
TXN_739,U14DNTLA,50.13,12859,2026-03-13 14:56:00
TXN_2468,4VRKWJGF,107.98,21269,2026-03-03 22:26:00
TXN_3472,5LSEY3SW,55.43,39237,2026-01-31 23:55:00
TXN_399,XVY5N2FQ,31.21,47248,2026-05-01 05:51:00
TXN_1608,59CIR2Q1,90.47,18759,2026-02-07 04:20:00
TXN_2746,MIEYWJ0N,54.94,21814,2026-01-24 07:13:00
TXN_2408,GH9S2EJD,69.27,31429,2026-04-17 15:56:00
TXN_305,LJAC704D,26.81,35284,2026-04-07 11:04:00
TXN_1080,70IIMZ0U,31.03,32497,2026-04-19 04:43:00
TXN_1472,KZ19I4W5,89.34,43063,2026-03-26 15:51:00
TXN_1555,W6K3AQO7,67.84,40183,2026-03-26 17:26:00
TXN_1091,325WV62M,31.42,20074,2026-01-12 08:54:00
TXN_3844,YIXTHK1N,45.16,37231,2026-02-23 01:55:00
TXN_4199,6WTIM2JT,46.07,11398,2026-03-30 03:41:00
TXN_2280,6BKPJ1DM,82.68,39157,2026-02-15 11:05:00
TXN_790,QFXRD4LN,28.68,33922,2026-03-27 23:42:00
TXN_3554,0X4BT5KQ,96.31,18145,2026-03-01 04:09:00
TXN_1106,WCM68XKO,34.91,17098,2026-04-23 12:14:00
TXN_557,7PLY20P1,59.36,14357,2026-02-27 02:58:00
TXN_581,QOMVSH3J,83.17,37777,2026-01-24 04:16:00
TXN_1405,BC15ZV1E,39.07,17301,2026-04-01 04:27:00
TXN_1819,33D86VWU,48.75,14766,2026-04-30 09:32:00
TXN_2698,NDZUYE6N,57.17,45058,2026-01-24 12:39:00
TXN_3067,4FVKIW66,80.44,15015,2026-02-20 19:00:00
TXN_3344,OYBMMTQR,13.52,48865,2026-01-01 22:39:00
TXN_733,EMX8MRXT,27.53,36260,2026-02-10 05:06:00
TXN_4815,DLDDSNQ5,86.51,49293,2026-02-17 18:10:00
TXN_1728,UO3Z42NB,18.35,17548,2026-03-27 01:29:00
TXN_4618,ZDP2NAXL,60.94,11441,2026-04-22 01:23:00
TXN_1524,QES95OTI,39.29,33474,2026-04-22 02:30:00
TXN_1725,YU6DEOQB,55.44,15654,2026-01-24 19:18:00
TXN_1289,7BSNJJ5N,27.27,28694,2026-04-30 05:54:00
TXN_2341,HKPDNFA2,61.95,37567,2026-02-04 03:18:00
TXN_468,WX5FYPB9,40.85,30263,2026-01-03 23:48:00
TXN_3928,8A2TGQZT,68.78,39402,2026-04-26 23:25:00
TXN_1738,V2BEXX8V,59.82,44581,2026-04-17 23:12:00
TXN_75,NB0OZ83J,78.62,25081,2026-04-21 14:04:00
TXN_1316,L9RRHCXU,23.32,46512,2026-03-05 17:14:00
TXN_3200,YEFOFISQ,65.74,12601,2026-04-21 19:04:00
TXN_198,H1TLEPZ8,105.42,37382,2026-01-24 07:14:00
TXN_2656,HPDGNCG8,25.61,14059,2026-02-18 12:51:00
TXN_3287,2QJAQFX4,40.99,26062,2026-04-16 00:16:00
TXN_3912,GYS71FH4,37.39,36067,2026-01-11 06:50:00
TXN_3861,3OTLV4B4,64.15,22714,2026-03-02 01:40:00
TXN_370,3IMYF2OY,53.82,22340,2026-01-26 03:27:00
TXN_3839,VWRZR1J7,39.97,36450,2026-01-18 02:33:00
TXN_3579,2BQ9FM0U,21.03,12349,2026-04-30 07:01:00
TXN_944,QN1CSS6N,84.78,10695,2026-01-12 12:11:00
TXN_2171,MTPP6UJ3,36.16,43094,2026-01-27 21:56:00
TXN_3841,9S2UFEZH,15.91,36272,2026-02-07 03:15:00
TXN_343,75RBE1LA,64.66,27818,2026-04-04 12:55:00
TXN_2524,4GSF7K0M,84.12,26602,2026-04-18 23:06:00
TXN_BAD_8832,INVALID_VIN,50,20000,2026-04-10 10:00:00
TXN_2972,AZZMB38D,46.88,47329,2026-01-24 06:43:00
TXN_4865,99M48UK4,60.41,15846,2026-03-22 23:01:00
TXN_2892,WG5RFASI,19.83,16376,2026-01-25 14:32:00
TXN_4654,8TT8BEL1,60.26,38381,2026-01-11 02:17:00
TXN_1697,J9YHYTX8,84.99,20240,2026-02-13 13:10:00
TXN_2822,B6IEDMNV,54.57,21458,2026-02-17 17:30:00
TXN_2107,KBQ300F5,57.11,33891,2026-03-21 05:29:00
TXN_3762,HYLALR5L,35.28,19858,2026-02-03 09:37:00
TXN_1695,Q4EBEMS6,55.98,11385,2026-03-22 21:05:00
TXN_814,AC7BP0X7,37.98,12420,2026-03-04 11:47:00
TXN_312,LTW7OXE5,40.66,23148,2026-02-22 10:32:00
TXN_3562,L0MKC5AH,44.79,14305,2026-02-01 21:56:00
TXN_2140,0273616D,0,31335,2026-03-11 02:06:00
TXN_4168,A5HGK1B4,37.23,44681,2026-01-17 13:38:00
TXN_2654,SU7FKKQ8,37.02,15022,2026-03-07 21:46:00
TXN_1805,YVR3B82W,96.95,48342,2026-02-15 20:03:00
TXN_3297,F9R40U9G,21.31,16291,2026-04-14 08:58:00
TXN_4463,O1D198TO,75.87,18322,2026-03-03 06:05:00
TXN_2125,O800T3L1,88.51,45922,2026-01-23 01:05:00
TXN_606,YMLOLP5M,43.93,25931,2026-04-09 08:49:00
TXN_2102,B581ECNU,34.03,23041,2026-04-21 15:10:00
TXN_4770,WBY5NL67,77.91,45015,2026-01-30 16:21:00
TXN_4265,ZEF5X6BM,83.75,45814,2026-03-22 01:09:00
TXN_406,0LU1NLPA,77.91,19257,2026-04-29 09:10:00
TXN_3170,YCSMLG81,81.42,43210,2026-04-01 01:06:00
TXN_2289,MYF2Y9U7,78.7,23477,2026-01-20 09:46:00
TXN_1313,WX50ZWHN,67.46,41012,2026-03-01 13:41:00
TXN_901,I4LU49M0,93.18,15004,2026-03-04 23:55:00
TXN_1210,DW3RMWTW,38.75,36477,2026-04-16 16:08:00
TXN_2066,U1VXJFAL,49.69,42074,2026-01-03 09:50:00
TXN_3905,E3D06UGV,79.66,50086,2026-03-03 19:41:00
TXN_3831,AIEUF740,76.14,41243,2026-01-21 21:25:00
TXN_590,ADXRHFCB,46.4,47073,2026-04-06 12:24:00
TXN_4381,KM1A1J21,31.06,13364,2026-01-20 23:20:00
TXN_368,IWE1HSQS,68.11,46117,2026-01-06 15:31:00
TXN_1658,NLXBC7BS,103.28,28998,2026-03-09 23:07:00
TXN_3096,F6CKD74A,22.7,24354,2026-02-22 23:00:00
TXN_4745,FB7NPUDN,39.6,18259,2026-04-02 13:23:00
TXN_2666,S2XBDHMR,22.3,46954,2026-04-18 00:08:00
TXN_3240,Z0K1RPKA,82.7,43990,2026-04-19 01:12:00
TXN_310,57EBI9X3,42.45,25646,2026-01-09 06:08:00
TXN_4491,AVTXXJGP,40.14,25831,2026-04-22 10:21:00
TXN_1603,KVE454WQ,45.42,22923,2026-03-29 10:49:00
TXN_1556,YE6J4KZN,47.73,30394,2026-04-05 16:45:00
TXN_2246,NPPZBX38,59.48,35759,2026-02-18 11:50:00
TXN_2214,RNP12K5D,56.96,49979,2026-01-02 19:13:00
TXN_1937,Y8B9X4PZ,50.53,45045,2026-03-04 18:12:00
TXN_4262,Q4L27N8F,49.14,24005,2026-02-27 18:07:00
TXN_4799,VARL4351,51.52,13139,2026-04-01 06:49:00
TXN_2064,BB3Q0M97,92.38,50100,2026-01-26 06:00:00
TXN_1343,0LIN2HOF,75.12,17284,2026-02-16 13:04:00
TXN_767,DVQ2IYE7,35.39,24975,2026-04-27 00:20:00
TXN_1787,5P0ETFP5,64.64,15356,2026-01-27 09:47:00
TXN_359,U7U425AX,94.54,32127,2026-03-11 17:10:00
TXN_4394,9NM9WW3B,20.35,47427,2026-04-28 14:12:00
TXN_4073,3N86IP2H,38.85,34910,2026-04-22 20:24:00
TXN_4761,9RQIOOUS,48.72,29538,2026-03-08 08:42:00
TXN_744,X28092B2,77.18,42634,2026-03-04 05:25:00
TXN_3670,N23NS27S,76.98,20541,2026-02-05 07:29:00
TXN_2351,FESO83CF,78.84,24900,2026-01-12 16:24:00
TXN_1069,BBZCXKLX,62.42,10682,2026-01-12 22:54:00
TXN_4926,BYM0LWNV,,27265,2026-01-15 20:45:00
TXN_1282,F23J24XX,102.94,31676,2026-02-04 12:12:00
TXN_2649,ICL8P3SR,58.0,14518,2026-03-14 20:34:00
TXN_553,DIYJ9Q66,50.52,40996,2026-03-06 03:34:00
TXN_38,M5A51ITW,14.36,42578,2026-03-28 23:17:00
TXN_3744,DBWLJZMQ,33.39,18679,2026-01-06 14:04:00
TXN_685,PZX8C8KJ,84.49,14194,2026-03-09 15:06:00
TXN_3470,OXNYUA9N,73.74,19013,2026-01-09 06:11:00
TXN_4423,OHFDMU8I,34.37,45382,2026-03-09 09:15:00
TXN_81,KC8H4Y30,39.0,17684,2026-01-30 07:52:00
TXN_2640,XIEAG1MO,79.46,39736,2026-04-11 14:14:00
TXN_2922,XHEE6EIX,71.63,50320,2026-02-09 01:47:00
TXN_1322,M89I5H1L,41.71,50214,2026-01-28 03:45:00
TXN_4278,X7Y4MAJ0,40.87,41333,2026-04-02 02:10:00
TXN_785,9PABY0Y7,28.58,25538,2026-03-08 11:42:00
TXN_2445,T3C8HGYT,53.88,19052,2026-01-29 13:57:00
TXN_203,ORV8DOWE,58.71,20932,2026-03-25 23:45:00
TXN_3223,XK7M2H0U,80.26,27780,2026-04-29 14:22:00
TXN_3105,ISU0W0T3,91.19,48568,2026-04-22 02:36:00
TXN_250,Q2B1LEV6,71.23,46037,2026-01-12 09:13:00
TXN_4421,1RXEAMCG,17.2,10781,2026-04-04 14:05:00
TXN_2105,LNF9NSZG,58.11,15159,2026-03-05 23:11:00
TXN_1346,TPMM9MQO,41.86,20668,2026-03-12 16:25:00
TXN_4854,65C6OZNM,84.6,27173,2026-04-04 09:19:00
TXN_16,K2KCO023,68.78,46266,2026-03-28 19:11:00
TXN_4499,2HG1FUTH,72.35,18161,2026-03-18 03:53:00
TXN_1031,HCS3XUZK,48.57,46204,2026-01-13 05:58:00
TXN_1491,5FK7UUNN,75.06,34864,2026-03-01 01:15:00
TXN_4533,CNUBF6FX,81.18,30237,2026-02-21 03:28:00
TXN_4375,PD77FSFP,58.35,22324,2026-04-27 16:29:00
TXN_3653,DDEFL6OZ,72.91,43931,2026-04-12 06:09:00
TXN_4331,L1R717PC,29.1,44322,2026-02-23 00:25:00
TXN_2328,70O99BIK,71.9,38902,2026-04-24 22:11:00
TXN_3786,99O4N4IF,23.86,14769,2026-03-04 00:03:00
TXN_980,PMYX524G,77.86,46801,2026-02-09 03:18:00
TXN_291,H3EXX9J6,91.95,36759,2026-01-12 14:34:00
TXN_3330,VMJSBBKN,41.1,36400,2026-03-06 00:36:00
TXN_3740,H5OXU4YZ,23.92,34034,2026-01-24 19:52:00
TXN_2300,3CDJHU9L,37.62,12673,2026-04-17 22:06:00
TXN_4402,7PY0B99G,47.33,28218,2026-01-25 12:04:00
TXN_815,05FW0Y3Z,33.6,27964,2026-01-04 19:11:00
TXN_502,A11AEO2U,52.2,37127,2026-04-05 21:47:00
TXN_4538,BPJ8NMAK,75.47,25074,2026-01-03 19:25:00
TXN_4212,RMGNIAKY,84.29,41549,2026-01-15 05:45:00
TXN_2304,96HDSHO2,73.16,24151,2026-03-22 02:02:00
TXN_3088,M7DM8T7Q,31.21,45514,2026-04-27 12:46:00
TXN_1480,HDMC5ALU,49.8,44906,2026-03-19 14:27:00
TXN_3519,T4MNFK2R,39.1,31938,2026-02-11 21:25:00
TXN_2653,2RLTD6VW,40.9,25227,2026-02-14 17:33:00
TXN_2406,OO8WSEU3,31.81,40486,2026-03-11 01:32:00
TXN_2978,H61KMXMF,40.42,14187,2026-04-18 18:04:00
TXN_4279,J4CQ4E2T,26.76,26603,2026-03-14 17:58:00
TXN_2924,61AXGX2Q,86.83,13371,2026-04-30 00:59:00
TXN_4579,6AL400LS,20.65,34881,2026-02-14 21:55:00
TXN_2201,HWOK7B0F,84.05,48056,2026-02-20 09:10:00
TXN_4744,UK8KKUCD,63.78,14701,2026-01-30 06:06:00
TXN_2283,ETVFNGK7,41.57,20773,2026-02-28 11:47:00
TXN_2140,0273616D,59.13,31335,2026-03-11 02:06:00
TXN_1128,VJYE72QI,40.81,18344,2026-01-04 03:46:00
TXN_2447,05K7NWNH,41.97,22723,2026-01-22 06:24:00
TXN_1090,ZQRXZMHZ,22.17,24596,2026-04-26 07:58:00
TXN_235,E6DJ1P29,76.42,19381,2026-03-18 05:32:00
TXN_1184,XHC6A9OF,67.96,44580,2026-02-22 08:52:00
TXN_183,50U4QXMI,32.77,20155,2026-03-07 06:15:00
TXN_1505,19IEFHQZ,55.83,10385,2026-02-19 20:42:00
TXN_8,PTO8U2VV,31.38,18034,2026-03-09 05:18:00
TXN_3016,RHEXVGE2,35.08,16275,2026-01-31 09:16:00
TXN_3765,76Z0CAZA,26.31,29855,2026-04-15 05:00:00
TXN_768,Y2FTTSO9,69.94,34697,2026-02-20 19:22:00
TXN_1299,ZELO8DT4,35.79,25111,2026-04-28 19:05:00
TXN_3546,RHDGUINJ,55.19,35796,2026-04-10 22:02:00
TXN_2083,DI8VY8IJ,66.74,21136,2026-04-27 23:33:00
TXN_629,FVLAO2UO,80.61,11568,2026-03-03 12:38:00
TXN_3915,JEKRNMHQ,31.58,29424,2026-01-22 13:42:00
TXN_1570,K1TSQ6D6,60.0,16044,2026-04-29 23:34:00
TXN_2811,Y5208GQS,61.76,41248,2026-02-17 02:26:00
TXN_4759,1299KX56,44.73,31471,2026-02-22 05:21:00
TXN_988,UUZHMCCG,66.27,20905,2026-01-12 02:24:00
TXN_4777,OKHGYUAS,55.52,48539,2026-03-23 09:39:00
TXN_337,87KB4JU1,24.78,43085,2026-01-26 19:34:00
TXN_4053,HIHYUKSO,31.28,24765,2026-02-03 12:55:00
TXN_2602,572WDGCM,38.57,36493,2026-03-29 05:22:00
TXN_1906,BWZFQ5NG,32.53,49115,2026-04-01 14:41:00
TXN_4196,EUVYOKF5,103.76,16395,2026-01-31 20:52:00
TXN_3411,JQY5XMA3,64.78,17351,2026-04-06 13:05:00
TXN_699,7HVL5NX3,44.79,22656,2026-01-30 10:20:00
TXN_2319,6CUTKR3L,57.34,28498,2026-03-12 22:04:00
TXN_867,PHCRO712,37.4,18577,2026-02-18 20:53:00
TXN_4768,QBYOMVNL,68.75,47859,2026-01-23 16:13:00
TXN_352,BDWJOAGZ,47.46,25162,2026-01-06 17:40:00
TXN_3236,Z7KY2RKH,66.39,48414,2026-02-06 10:09:00
TXN_4869,RJ53MXMW,58.54,39949,2026-01-31 09:07:00
TXN_4345,RRR36I98,55.98,33226,2026-03-13 22:20:00
TXN_3045,0B9QS9SS,77.18,22906,2026-02-06 08:33:00
TXN_2958,05N7OI6E,45.64,28434,2026-04-10 05:38:00
TXN_3621,HMZD4DQ9,95.0,44368,2026-02-23 04:23:00
TXN_1586,13EMJMMA,65.4,49190,2026-04-24 10:46:00
TXN_864,GHGVMP17,60.58,42674,2026-02-12 01:58:00
TXN_189,83Z4MYZ0,72.25,50054,2026-04-30 04:52:00
TXN_2786,3CP2LJZV,41.64,22498,2026-01-03 20:16:00
TXN_4990,REK527S8,59.61,13665,2026-01-21 13:36:00
TXN_3597,VGDOUSAW,68.38,28670,2026-01-26 11:54:00
TXN_4037,HED1FW7M,56.74,32484,2026-03-25 16:46:00
TXN_1488,CIPQS70J,53.64,43462,2026-01-31 08:18:00
TXN_4468,EXQ4VWNL,34.12,14716,2026-04-30 08:02:00
TXN_306,Z8BL3RQH,52.33,42078,2026-03-29 11:08:00
TXN_3329,KT9B079J,69.66,22749,2026-03-24 16:18:00
TXN_568,Z50RPLOK,32.94,23964,2026-01-08 00:12:00
TXN_2216,N3YEKON9,66.42,23755,2026-05-01 12:15:00
TXN_2081,R8QZJVCE,107.21,21742,2026-02-17 07:44:00
TXN_2729,9UWYB6GJ,59.17,26174,2026-04-15 07:21:00
TXN_4372,9G0JZFP7,50.33,33246,2026-01-06 13:06:00
TXN_1267,26LW50F0,52.99,20677,2026-04-20 17:56:00
TXN_3556,8VNDHPFB,49.03,34417,2026-01-21 02:51:00
TXN_4944,Y2U135B3,43.35,48315,2026-04-18 12:22:00
TXN_1982,SNJ34Z58,68.66,21757,2026-02-07 01:38:00
TXN_4067,N92CQ7JZ,90.53,10461,2026-02-17 20:12:00
TXN_4525,R6OVQGD9,85.1,49414,2026-02-06 10:17:00
TXN_2977,3FLTFUM2,59.67,37215,2026-02-01 14:22:00
TXN_3850,QZVUXQCN,32.74,30092,2026-03-18 16:52:00
TXN_3473,I4W90TC9,24.63,48055,2026-02-19 02:47:00
TXN_1755,USAYFCPI,62.74,35349,2026-04-04 14:12:00
TXN_2774,3WRZ7O68,50.58,23606,2026-01-13 10:15:00
TXN_3557,IXMXP7BS,100.3,25165,2026-04-01 00:09:00
TXN_687,FYF7V1XV,37.03,30285,2026-02-02 16:00:00
TXN_2024,6OWFACBY,87.98,30740,2026-04-28 20:12:00
TXN_2322,CO7L7U8K,54.62,40398,2026-03-31 01:53:00
TXN_4207,N9NL7GFQ,103.47,49552,2026-02-07 16:12:00
TXN_2704,K5LZ87KX,37.13,18713,2026-03-09 08:22:00
TXN_4017,DTUWUFAN,60.6,42077,2026-01-09 20:37:00
TXN_1713,TA5XT9JK,36.88,34916,2026-04-11 12:22:00
TXN_384,XL3BLKQJ,41.96,40698,2026-02-04 15:31:00
TXN_2109,MTHPL6KJ,42.28,18471,2026-02-11 07:20:00
TXN_3951,1MI9R9XG,44.31,23538,2026-04-18 01:01:00
TXN_509,T7EYNC79,48.79,23338,2026-02-10 20:47:00
TXN_3097,5X36A4SQ,74.12,33296,2026-04-12 00:46:00
TXN_3532,RBZHNCAZ,78.21,22368,2026-03-29 22:25:00
TXN_3041,PS1PUKCW,34.29,30891,2026-04-27 08:16:00
TXN_4467,81IKJM3E,83.94,31787,2026-01-05 01:39:00
TXN_90,SOTC4VHN,52.92,34247,2026-04-01 00:58:00
TXN_881,SHLOZNH9,39.55,31291,2026-01-29 09:11:00
TXN_4496,NNHS5SY0,32.27,23804,2026-01-20 12:26:00
TXN_2506,6GJCFT4D,30.36,38310,2026-01-01 10:14:00
TXN_2927,OGR7NJ6A,33.84,21772,2026-03-18 13:59:00
TXN_2739,6F6OUQEG,25.04,14521,2026-02-12 17:48:00
TXN_1113,V2CYDO8I,52.72,49120,2026-01-20 15:36:00
TXN_4079,FGGQD0RB,36.86,24566,2026-03-06 04:20:00
TXN_1380,P2ENM2EP,89.29,31801,2026-01-20 18:30:00
TXN_435,QEVGJ53B,73.4,19424,2026-04-20 21:36:00
TXN_4398,SF3FOBZO,55.43,48179,2026-04-10 19:19:00
TXN_2830,R74TL7Q0,109.25,20960,2026-01-09 11:26:00
TXN_3965,4LQR3DPF,82.33,43563,2026-04-24 12:13:00
TXN_931,A1PGKA8E,72.39,12140,2026-03-02 13:23:00
TXN_1520,OVANBJUG,81.1,25952,2026-03-13 17:25:00
TXN_4074,5T4IQAZ3,43.12,30448,2026-01-14 00:29:00
TXN_3055,TUCICHWB,22.35,37542,2026-03-07 18:32:00
TXN_3173,2VXGR2D6,38.21,16913,2026-01-18 14:43:00
TXN_554,03V1SLWD,86.67,13618,2026-03-06 02:54:00
TXN_3952,CPX5KUKF,49.18,39470,2026-01-30 05:29:00
TXN_2443,Z8GADU16,30.86,13368,2026-03-22 06:12:00
TXN_3873,UPBS4BVD,58.5,14556,2026-04-13 09:48:00
TXN_2753,K2LPFJ5V,26.46,25331,2026-04-01 09:00:00
TXN_4302,EW5ETGZB,17.74,19702,2026-04-01 02:59:00
TXN_4046,0KA5G5N9,55.37,22951,2026-03-20 13:07:00
TXN_4651,JB0MPX5M,49.11,49311,2026-03-06 18:33:00
TXN_1660,EYRPEKFA,58.46,11590,2026-01-11 21:28:00
TXN_2522,WAM7OTZG,32.77,13731,2026-04-28 19:42:00
TXN_669,B2QSZLQ2,26.74,40862,2026-03-31 06:43:00
TXN_3355,L3HTLLGI,73.17,41868,2026-02-26 02:01:00
TXN_4839,CZEUI79H,54.92,20732,2026-02-12 04:22:00
TXN_4178,CLWDN1KZ,65.33,29452,2026-03-19 16:21:00
TXN_3701,JIIX64DJ,64.94,25459,2026-03-31 19:53:00
TXN_1305,6A3VETEA,39.79,40563,2026-03-28 02:38:00
TXN_3717,QAP7OEVX,41.45,10519,2026-04-26 10:09:00
TXN_3322,TX10CUP3,20.36,31708,2026-03-19 07:50:00
TXN_3736,5IN3PDME,26.75,15195,2026-03-16 03:27:00
TXN_3399,5CLUNYEK,24.41,27608,2026-01-19 10:31:00
TXN_3588,35AIT87Q,67.84,20659,2026-01-26 18:31:00
TXN_1471,JL5HMI0U,26.78,22822,2026-03-15 22:18:00
TXN_202,KN0I66VF,69.08,37082,2026-03-23 05:47:00
TXN_3830,UWTM77BE,87.14,22135,2026-04-16 11:59:00
TXN_4862,K868N5FG,59.84,11725,2026-02-07 12:27:00
TXN_3168,P20P9FSI,47.96,25974,2026-04-21 08:58:00
TXN_2366,9U4960QQ,49.98,26483,2026-01-28 13:43:00
TXN_232,HHGHQJ18,47.55,27410,2026-01-31 14:42:00
TXN_3738,YG7VXXWS,49.38,29830,2026-03-27 07:53:00
TXN_34,9ZO63HPZ,78.22,38388,2026-02-15 11:43:00
TXN_3816,QWK1PKHK,29.85,27815,2026-03-02 18:59:00
TXN_160,675HTZO4,23.76,39649,2026-05-01 15:23:00
TXN_4877,RG1RB79Z,93.33,38747,2026-03-04 09:45:00
TXN_2273,TI9OUIPN,36.5,29999,2026-02-14 21:00:00
TXN_231,PH24ZVPY,80.19,46308,2026-04-26 18:47:00
TXN_3169,ZXNDJ0K7,82.65,33139,2026-01-30 22:16:00
TXN_481,SSH8M74V,34.0,37496,2026-04-05 15:23:00
TXN_1893,5RMARO8D,37.6,35190,2026-01-12 06:09:00
TXN_956,TEMNMEGH,14.01,23650,2026-01-26 10:07:00
TXN_1942,FQTMWA9A,66.64,46056,2026-01-01 16:52:00
TXN_1503,TCERR5JM,16.62,31797,2026-02-26 07:01:00
TXN_4211,T37VPTF8,63.59,11231,2026-04-26 17:21:00
TXN_4742,01V9YPP7,109.48,16442,2026-03-19 06:13:00
TXN_1864,R56Z5UWY,90.43,39381,2026-04-18 14:29:00
TXN_1028,SP0M6XZN,38.01,39479,2026-01-26 15:31:00
TXN_1145,1NO2SJEZ,21.93,20591,2026-03-17 17:16:00
TXN_4163,6KT3NHCH,82.09,29877,2026-04-15 13:56:00
TXN_4784,CQSW9URD,52.24,43890,2026-04-02 14:35:00
TXN_3400,YY0EYCV5,20.21,15473,2026-01-11 05:02:00
TXN_2672,1MAMZSM5,63.99,29808,2026-04-10 23:27:00
TXN_875,GSUUJAYX,32.48,39610,2026-04-23 00:35:00
TXN_3029,VMPIFMW9,62.08,16548,2026-02-04 23:11:00
TXN_1611,BM78WAPS,91.08,36155,2026-04-11 01:05:00
TXN_4509,ALB9A0B6,69.01,25907,2026-04-26 06:35:00
TXN_1042,N9KULUD8,72.56,24205,2026-02-02 20:20:00
TXN_4161,XRAIQ8AN,85.09,46161,2026-02-18 21:50:00
TXN_3299,2PNYLM9J,39.14,49443,2026-04-07 17:13:00
TXN_4995,FEJYIN0G,64.52,24761,2026-01-28 22:31:00
TXN_4503,V5CFUY1W,69.53,25546,2026-04-26 23:48:00
TXN_2359,9035X6XW,15.97,32167,2026-03-26 20:17:00
TXN_575,PH4GZFIB,52.39,37119,2026-01-15 17:36:00
TXN_1283,AN4SVQE4,58.49,39050,2026-01-05 16:12:00
TXN_430,8FZX8G0Q,94.71,30001,2026-03-12 13:00:00
TXN_3026,BX6JMZ58,55.32,21122,2026-01-31 04:35:00
TXN_2607,RAL52J8G,73.54,48619,2026-02-09 21:14:00
TXN_674,YSSXPT2U,26.5,11084,2026-04-04 22:14:00
TXN_2846,IAIIASFK,17.96,22177,2026-01-11 13:55:00
TXN_4430,JOVIUU4Q,74.89,48790,2026-03-01 20:04:00
TXN_4935,TKFAOJZH,26.54,21000,2026-03-14 04:03:00
TXN_1933,ZNAUWN44,39.03,45291,2026-01-16 11:28:00
TXN_3595,K4YISIQ5,63.8,34892,2026-03-30 18:39:00
TXN_4086,J6INOSX7,20.01,15206,2026-01-17 23:23:00
TXN_4596,SSDHYFJV,61.41,49913,2026-04-15 06:43:00
TXN_4379,U2M3PKDA,77.37,16155,2026-01-18 21:46:00
TXN_3754,899XLYOV,39.83,21825,2026-02-14 13:13:00
TXN_4256,YQMJA6DK,86.69,26136,2026-03-11 01:34:00
TXN_459,PO5Y0VZH,22.94,34955,2026-03-03 02:54:00
TXN_1900,5UG6U9QX,75.47,41638,2026-02-23 06:06:00
TXN_3700,CKCDUMUZ,22.88,43049,2026-01-11 08:57:00
TXN_1566,CHY59UPJ,79.54,44539,2026-04-27 11:48:00
TXN_3463,GZP48BLS,74.17,39319,2026-03-17 23:30:00
TXN_2880,YRA0870T,19.2,12861,2026-02-04 21:07:00
TXN_3888,VDXL60U4,43.01,24165,2026-03-26 07:45:00
TXN_1436,0Q4ZG5SU,44.98,13272,2026-04-10 03:43:00
TXN_1195,7HZGYGK1,67.64,27744,2026-01-17 20:29:00
TXN_697,XW0O0LM5,61.89,49354,2026-04-26 11:30:00
TXN_4588,IHZOY9AB,82.99,26130,2026-02-19 03:37:00
TXN_2947,ZVZ0K8ZZ,78.74,14241,2026-03-13 13:07:00
TXN_1381,0IGID4WO,48.11,41257,2026-04-07 14:17:00
TXN_2365,XR0PYVMU,23.77,19840,2026-03-23 12:59:00
TXN_1298,HYU71XOH,35.64,49063,2026-01-31 18:35:00
TXN_2424,MO87ZZB2,24.03,47434,2026-03-22 06:05:00
TXN_3040,INN4ONR3,39.94,35853,2026-04-04 02:24:00
TXN_1410,K0GYRWVZ,21.91,50008,2026-02-28 11:17:00
TXN_474,EZHSE6GW,63.34,14109,2026-02-23 03:01:00
TXN_3022,W5TY34FV,50.37,46616,2026-01-27 03:32:00
TXN_3770,EHQ1CCRF,54.28,11778,2026-01-01 23:24:00
TXN_4124,UHVNGGVC,21.16,48274,2026-02-23 10:36:00
TXN_346,22D2RWZX,70.44,23277,2026-02-19 01:57:00
TXN_947,CF7I3KWY,56.31,49959,2026-04-16 07:19:00
TXN_3008,9LWLSRXK,87.41,37582,2026-01-22 22:49:00
TXN_3523,X4MUX02O,65.92,22965,2026-04-03 03:40:00
TXN_4992,LEILNCLR,60.44,13205,2026-01-30 23:30:00
TXN_208,F7RVPMTV,85.48,28621,2026-01-01 07:45:00
TXN_2546,GYMVQ7OK,49.89,20037,2026-01-13 20:15:00
TXN_3475,T2L8ISJY,42.2,21442,2026-01-01 01:04:00
TXN_2705,FFC88AKF,96.64,27622,2026-01-22 20:00:00
TXN_1685,01Q5FCV2,-10,47319,2026-02-01 17:40:00
TXN_2563,0SWXNLN2,37.23,31261,2026-04-16 12:16:00
TXN_4537,4465KCMB,41.15,50176,2026-03-07 13:51:00
TXN_4620,5GLN40CG,57.35,35875,2026-01-30 06:00:00
TXN_2701,KV3DE4PO,73.79,44425,2026-04-15 01:50:00
TXN_4459,0BB2XNE2,27.62,28639,2026-03-19 10:30:00
TXN_1977,SDVZ8KHZ,50.8,15329,2026-03-27 00:53:00
TXN_661,Y4HDRX91,46.15,11346,2026-02-17 09:13:00
TXN_909,XBYU6DAT,24.57,36030,2026-04-14 06:18:00
TXN_964,EGUTGUDL,20.44,38935,2026-04-20 10:32:00
TXN_2124,IA2K1NCN,61.92,20788,2026-04-04 01:30:00
TXN_569,T0Q5AQEB,65.06,30963,2026-02-22 18:40:00
TXN_4406,FH7Q6PWO,12.02,43948,2026-04-30 00:37:00
TXN_4470,907D6RV2,61.34,47874,2026-02-25 06:20:00
TXN_1572,RRE01MMU,66.5,19772,2026-04-13 20:28:00
TXN_1916,D4QQ4H9B,25.67,27797,2026-04-12 13:27:00
TXN_2752,5ETVHG2G,61.63,23001,2026-01-27 14:36:00
TXN_2940,V1WFJGKA,72.71,18146,2026-03-25 03:31:00
TXN_3563,TY68S6OK,17.57,21743,2026-04-02 13:43:00
TXN_3558,NSWO3KNI,110.74,49292,2026-03-27 08:11:00
TXN_4142,P5PXNP1M,24.5,42590,2026-02-26 21:25:00
TXN_4994,G46K7IIB,,23256,2026-03-19 18:52:00
TXN_1084,KKFQ6FXI,20.55,41261,2026-02-13 05:38:00
TXN_3617,OJWV60NZ,74.13,44126,2026-03-08 11:51:00
TXN_4565,DQOO48RV,56.52,44239,2026-01-18 06:29:00
TXN_632,ANUV3MHE,75.43,24750,2026-02-27 11:36:00
TXN_741,E8BP9W53,27.26,34396,2026-04-13 07:04:00
TXN_2240,AAKLYH2Q,24.2,23475,2026-04-21 18:09:00
TXN_364,4ZNO551U,94.35,10791,2026-01-10 11:12:00
TXN_862,E07GUXCI,28.53,28117,2026-02-06 21:13:00
TXN_22,TXEX0I50,50.04,31747,2026-02-02 05:23:00
TXN_1277,V150DL31,37.96,42901,2026-03-06 18:21:00
TXN_4330,I181FZQC,88.3,17789,2026-01-22 07:18:00
TXN_1609,4GBUG7QN,19.59,35984,2026-04-11 08:39:00
TXN_2145,NHW0U9PM,37.78,18571,2026-02-20 16:32:00
TXN_3135,1BQ0OV38,31.66,43479,2026-04-21 10:45:00
TXN_2250,7OKEYWVM,27.83,49810,2026-04-05 16:41:00
TXN_1735,XPQ3T1IT,97.05,29833,2026-03-27 09:07:00
TXN_1955,MC0RWCYQ,104.05,24354,2026-02-28 05:42:00
TXN_4665,SA12DZHN,60.32,11661,2026-03-07 21:27:00
TXN_4953,CZWXLO9I,25.25,38657,2026-01-21 08:53:00
TXN_110,TBFXWMMF,31.12,38633,2026-04-06 14:30:00
TXN_214,AEAFU3JZ,50.82,21362,2026-04-25 14:35:00
TXN_3972,5ZY87WN7,60.35,24157,2026-01-26 05:07:00
TXN_533,4CA3AYUX,13.65,26614,2026-03-24 12:56:00
TXN_997,IZD50XFN,65.15,14710,2026-02-13 18:26:00
TXN_148,VO45PWPB,54.03,41677,2026-03-22 15:50:00
TXN_4185,EY41U06D,56.36,45923,2026-04-19 12:03:00
TXN_94,1IKQDQY1,90.9,19262,2026-01-11 22:15:00
TXN_4667,67TO7H5N,19.94,24053,2026-02-18 11:33:00
TXN_1647,8AYRJY91,66.79,14593,2026-04-17 23:29:00
TXN_4732,49WT0CQQ,19.44,44198,2026-02-11 08:10:00
TXN_2336,MV3G1MST,41.85,16105,2026-04-24 19:08:00
TXN_1867,0ODJ0XGT,28.07,15809,2026-04-09 02:48:00
TXN_4519,N31F4HEH,19.15,47064,2026-01-21 21:53:00
TXN_4846,4VPSY3T7,44.01,19778,2026-03-24 23:56:00
TXN_742,0NF85SFO,45.43,20126,2026-03-16 09:49:00
TXN_921,TLMF3ZAP,46.23,12803,2026-02-08 22:03:00
TXN_4039,QMX1UNP6,20.46,33892,2026-03-30 11:36:00
TXN_922,BWO87Y5R,23.2,29497,2026-01-25 14:01:00
TXN_4728,J7H8QXEO,64.2,32293,2026-04-01 02:57:00
TXN_1117,HW64750I,48.08,37779,2026-04-01 08:17:00
TXN_4671,TOVYASGC,59.82,22966,2026-02-05 15:34:00
TXN_1401,8TI5RLZS,53.02,33250,2026-01-15 02:57:00
TXN_1883,UD4D0NYY,87.88,30896,2026-02-16 17:06:00
TXN_3331,II2LHGRM,47.55,42483,2026-04-18 05:03:00
TXN_4691,7F2DHHNK,60.08,20081,2026-02-23 05:28:00
TXN_2727,QC0JVT7J,24.41,21248,2026-04-26 23:09:00
TXN_2981,75LLWLTE,31.48,41377,2026-04-04 12:45:00
TXN_3488,JUQI7OYQ,24.07,23107,2026-02-11 19:45:00
TXN_1801,NHE9NLCD,100.09,47467,2026-01-30 05:52:00
TXN_2862,DEBWPZUX,72.0,25979,2026-04-08 00:43:00
TXN_4250,7KS0R039,54.43,48613,2026-02-28 05:49:00
TXN_4577,TY9CETFZ,68.06,19090,2026-04-27 10:01:00
TXN_1523,JLDLA8E9,71.07,16836,2026-03-22 16:18:00
TXN_531,GJOR6UWN,33.51,36931,2026-01-28 09:33:00
TXN_1631,RVXD4PFF,76.97,37553,2026-04-09 22:06:00
TXN_BAD_4030,INVALID_VIN,50,20000,2026-04-10 10:00:00
TXN_4735,2E2X5K5Y,65.45,24833,2026-02-14 08:58:00
TXN_1639,WATS5PPN,36.27,13837,2026-01-15 17:34:00
TXN_407,1VULZFIQ,43.98,36057,2026-03-20 10:55:00
TXN_1892,JR6HIORL,64.07,10749,2026-02-14 10:15:00
TXN_288,SM084GAP,55.77,16981,2026-02-22 12:33:00
TXN_4871,P9EUM3DW,57.5,17554,2026-04-17 06:32:00
TXN_1116,77BR5WXQ,52.49,14715,2026-02-26 16:57:00
TXN_4110,87406AWU,66.38,37268,2026-03-28 12:00:00
TXN_3378,X70EN415,83.99,48271,2026-01-18 17:51:00
TXN_2103,7OXSXG0P,107.28,35296,2026-03-02 06:16:00
TXN_1348,RVPQU6JQ,40.71,21494,2026-02-02 19:49:00
TXN_2823,8GNE9J78,79.63,13496,2026-04-23 11:56:00
TXN_4368,48KF1Q4S,30.6,17263,2026-01-28 21:27:00
TXN_3098,8MYID13I,57.09,29650,2026-02-04 14:19:00
TXN_1251,0VQK8TQ0,57.21,31356,2026-03-11 18:18:00
TXN_2098,RW93B2UV,20.71,46851,2026-02-25 03:41:00
TXN_1967,93DZ1MX3,80.89,18414,2026-01-31 13:04:00
TXN_2507,FF24R1RP,18.18,40229,2026-01-05 03:25:00
TXN_4617,V9PMDVMS,61.73,41812,2026-02-27 18:40:00
TXN_1679,MJAVKLYM,28.01,33618,2026-03-08 04:11:00
TXN_1205,LRLWNS46,28.62,49045,2026-03-18 02:00:00
TXN_1180,0UL8CO2N,47.57,45850,2026-04-06 22:30:00
TXN_1550,IR37JE2S,24.23,41696,2026-03-11 06:48:00
TXN_894,48HRT9D7,70.97,35573,2026-03-06 10:37:00
TXN_3646,424KYHT2,86.23,15728,2026-04-23 23:55:00
TXN_4434,S6YLDKM3,36.38,31441,2026-01-21 11:18:00
TXN_2444,BGO9RESZ,38.76,12892,2026-02-07 19:48:00
TXN_1394,OAW5Z2S5,79.13,35896,2026-01-11 23:30:00
TXN_4260,QRRVNUUV,44.95,23748,2026-01-09 07:39:00
TXN_1702,LPMEG1GU,42.01,42167,2026-01-12 04:43:00
TXN_831,ZC8WDJVX,107.58,27095,2026-03-08 16:43:00
TXN_2279,S1OUJLIO,49.89,11102,2026-04-06 00:23:00
TXN_281,FCNAAVP5,17.37,36463,2026-02-04 18:08:00
TXN_1730,7ONZMFO4,37.26,27556,2026-01-16 13:06:00
TXN_1109,JAPK6TFQ,70.71,12419,2026-04-20 09:41:00
TXN_1393,0UN4D0MU,20.34,28599,2026-02-26 07:59:00
TXN_2374,CFD1LRDP,30.75,40115,2026-04-30 03:13:00
TXN_455,D7APUD4B,48.71,10783,2026-04-03 06:46:00
TXN_3618,GY3IDNYS,46.48,14368,2026-04-09 08:20:00
TXN_3439,E85RHPCQ,59.46,13330,2026-02-03 16:56:00
TXN_866,JAGPHXTS,55.04,27661,2026-03-12 03:23:00
TXN_723,3YNFNN6L,54.62,29486,2026-01-25 13:28:00
TXN_466,JOS76MM7,27.48,13084,2026-02-16 12:54:00
TXN_398,JUSO9CBE,47.52,47482,2026-04-25 09:54:00
TXN_3865,PX2U2T6O,42.4,33446,2026-05-01 14:24:00
TXN_2854,15KDGSZN,75.71,46229,2026-04-22 12:09:00
TXN_1812,KD2UWL64,44.26,48959,2026-02-04 12:40:00
TXN_3796,5WC6HVN6,54.49,24450,2026-04-08 16:21:00
TXN_4114,H77EQ0KN,75.53,11359,2026-02-17 11:56:00
TXN_817,QNRKMGWK,51.83,43264,2026-02-13 05:11:00
TXN_991,3UOSF76I,81.31,44433,2026-02-18 13:45:00
TXN_4852,TCMM4HUY,65.23,39493,2026-02-01 22:17:00
TXN_3545,O4J3TPDJ,84.26,23687,2026-04-05 10:23:00
TXN_4653,KXS96L9S,54.34,15130,2026-04-04 06:53:00
TXN_1224,Y61M5KUH,26.41,48709,2026-01-20 12:02:00
TXN_4081,190F8V7H,25.68,19555,2026-02-27 21:28:00
TXN_1011,DNZNG5X2,91.08,11881,2026-04-13 11:40:00
TXN_4128,IYRKPOED,36.83,24578,2026-01-28 04:20:00
TXN_1398,QDVM84SM,83.75,40323,2026-03-05 19:47:00
TXN_3394,M5EW29E1,68.38,22003,2026-01-31 11:33:00
TXN_76,3YQW4VLR,87.2,35143,2026-03-07 04:13:00
TXN_1374,EUHLZKWE,74.86,30759,2026-03-16 04:57:00
TXN_1698,SUC75OK6,50.12,48398,2026-02-17 17:46:00
TXN_677,YHKAKRKO,41.77,19955,2026-02-24 06:04:00
TXN_3705,FDJJCSJW,76.66,48224,2026-04-13 02:29:00
TXN_3050,NY26UM7M,31.8,49176,2026-02-11 17:50:00
TXN_4611,34PW7SOB,25.59,40312,2026-03-10 08:13:00
TXN_194,2IWF4LN2,40.79,31095,2026-03-04 19:20:00
TXN_1444,7MVH6C5V,17.16,14061,2026-04-14 23:28:00
TXN_2904,XUMUBRHG,17.38,22741,2026-03-06 20:18:00
TXN_1813,KWN7WMAO,30.28,13462,2026-03-12 14:12:00
TXN_2676,QDGCZR87,44.18,19694,2026-02-19 20:48:00
TXN_3686,S3E04S03,73.87,30629,2026-02-20 21:29:00
TXN_3929,9SXA8QI7,93.64,25652,2026-01-19 11:27:00
TXN_1950,VA4GVQ3A,48.71,49286,2026-04-22 09:46:00
TXN_1741,SHDMA75T,65.88,22686,2026-04-02 23:04:00
TXN_2094,HKJ9QQZW,80.45,11133,2026-03-18 20:05:00
TXN_82,ZV498IBO,35.57,24311,2026-02-14 08:30:00
TXN_4173,GAO8H6OL,75.71,17222,2026-03-06 07:23:00
TXN_1753,1KDOLITM,40.07,24708,2026-04-09 11:29:00
TXN_3219,8267OUVN,77.64,10915,2026-01-19 04:19:00
TXN_4673,L9D7KBCH,55.2,50124,2026-03-14 17:22:00
TXN_3978,XYSA24HV,47.69,48329,2026-01-09 10:18:00
TXN_1439,A14D4UXL,66.32,17135,2026-02-04 18:16:00
TXN_3822,CTAYWVJB,52.21,49472,2026-02-04 10:43:00
TXN_168,2W5V3OWF,82.74,43910,2026-03-24 09:17:00
TXN_1420,2FYVGKYN,34.7,38410,2026-01-23 08:19:00
TXN_1307,IG706C9S,67.88,34485,2026-03-30 00:08:00
TXN_2044,KCA0ZDQZ,77.86,34882,2026-02-15 07:54:00
TXN_2168,EQAO8HN9,46.11,44268,2026-04-16 18:40:00
TXN_945,R9D0SP2F,58.14,15532,2026-03-22 12:28:00
TXN_441,91VSO4W6,28.63,30245,2026-04-25 18:52:00
TXN_3086,5MOBAT0B,47.54,33531,2026-02-12 07:23:00
TXN_96,YHJI07WP,96.36,27053,2026-04-25 03:38:00
TXN_1442,CUMB8113,53.64,24973,2026-03-14 13:13:00
TXN_2140,0273616D,59.13,31335,2026-03-11 02:06:00
TXN_4451,0QNT99O5,73.85,28186,2026-03-02 07:15:00
TXN_4607,7K4RD6MD,23.01,47435,2026-03-15 18:41:00
TXN_4009,PAMR12U7,16.12,27860,2026-02-23 06:27:00
TXN_1662,3RRY82PA,62.45,22573,2026-04-03 11:48:00
TXN_120,D32GX8A1,48.99,36618,2026-04-06 21:04:00
TXN_721,2SCV7DA4,69.25,47896,2026-04-10 12:34:00
TXN_1165,24CKJWTT,42.93,20759,2026-04-10 18:51:00
TXN_4725,DQOX272M,33.16,23739,2026-02-23 23:05:00
TXN_3085,082FCVYX,52.37,15253,2026-01-29 02:22:00
TXN_3851,78RA7DRQ,72.78,19708,2026-03-19 08:23:00
TXN_3156,6DSXWBUP,49.22,37536,2026-04-22 14:39:00
TXN_3639,B1SCLEK7,39.74,19480,2026-01-09 11:27:00
TXN_3517,WXQMO4NK,103.09,42371,2026-02-04 08:58:00
TXN_4721,HJ2ASSGZ,36.2,44159,2026-03-18 02:16:00
TXN_970,NU6LBRSK,110.95,40503,2026-02-07 10:52:00
TXN_1025,DSZH3EUK,48.6,37800,2026-02-16 09:53:00
TXN_1563,5K57XPIE,61.48,27721,2026-01-24 15:31:00
TXN_2152,Z6M48L5X,94.22,46156,2026-02-18 16:19:00
TXN_3036,VRAP0XIW,23.93,33636,2026-04-17 13:46:00
TXN_1542,A0X0MRTO,83.07,35316,2026-02-26 18:25:00
TXN_3316,OS123X6O,84.38,15221,2026-01-14 06:49:00
TXN_4027,C9HSPBR4,46.27,19683,2026-02-27 12:13:00
TXN_3389,F15VNHAA,99.35,16136,2026-01-23 11:18:00
TXN_444,7F5RH2W7,38.19,46916,2026-03-25 08:00:00
TXN_4455,6XNL1SR2,51.0,10418,2026-03-03 20:20:00
TXN_2297,DVFS71E9,26.17,37709,2026-02-19 11:55:00
TXN_1208,FFTC6HS1,37.3,18978,2026-02-08 02:50:00
TXN_4269,RB4KOGJ7,64.8,20840,2026-05-01 20:55:00
TXN_4049,8DM7HE3C,62.36,30068,2026-03-13 16:48:00
TXN_460,H0YGEV8G,76.22,17703,2026-01-26 08:40:00
TXN_1252,QAN5Z3BE,60.95,15933,2026-01-24 15:11:00
TXN_1190,GZQYFWSZ,95.49,48435,2026-02-17 04:03:00
TXN_197,XPOVWID3,35.93,16768,2026-03-28 06:47:00
TXN_2778,O58BZNYJ,48.63,14037,2026-01-18 17:26:00
TXN_1987,Z19YATXI,37.49,18967,2026-02-12 12:07:00
TXN_4166,YCGU4YZE,50.48,13509,2026-02-01 00:14:00
TXN_4573,A39IAOJS,75.89,20389,2026-03-28 21:13:00
TXN_3517,WXQMO4NK,0,42371,2026-02-04 08:58:00
TXN_3406,81DHZAJL,60.33,35164,2026-02-11 03:33:00
TXN_1529,XO3026YE,52.37,30881,2026-04-05 21:39:00
TXN_2212,3I9F6CTN,23.88,48521,2026-04-05 09:17:00
TXN_1910,8UIJJFEO,55.44,49219,2026-03-04 14:42:00
TXN_4059,U1NJKDGB,34.34,10472,2026-04-01 06:22:00
TXN_1567,BENZDZS8,90.91,22930,2026-02-03 02:17:00
TXN_2561,OIEDR09A,34.68,20213,2026-03-04 19:36:00
TXN_4234,B4XWEHT1,89.33,43468,2026-04-23 19:28:00
TXN_88,A82FFLP5,28.75,12520,2026-04-11 00:19:00
TXN_2428,GRSU9RZO,40.42,25284,2026-04-20 11:20:00
TXN_1534,UUT1CYM8,97.93,23098,2026-03-07 20:03:00
TXN_966,VD5WPKW9,88.93,20779,2026-04-08 01:24:00
TXN_1588,TX05WB9T,68.27,13887,2026-02-09 01:43:00
TXN_118,6UFM4JR6,66.69,24669,2026-02-19 13:59:00
TXN_69,NPHJ8LZI,18.9,42087,2026-04-21 09:56:00
TXN_965,13GTKHZ4,81.78,19320,2026-02-22 20:55:00
TXN_3960,20X7WNOW,47.3,39552,2026-04-26 20:42:00
TXN_2635,O8NL0TP9,72.27,50215,2026-03-08 23:05:00
TXN_4132,QFCRN4HV,19.48,35160,2026-04-06 17:11:00
TXN_3598,PPK34EVI,28.95,11797,2026-01-22 08:34:00
TXN_2570,Q9Q96SXE,59.28,26757,2026-04-19 03:15:00
TXN_1671,PUB2U7FQ,24.39,41429,2026-01-07 02:49:00
TXN_3569,HS9NCEUF,45.38,29710,2026-02-21 08:11:00
TXN_2788,AM6VUC1Q,40.81,12034,2026-03-03 18:59:00
TXN_3583,BPI5HM48,80.31,13833,2026-01-31 21:55:00
TXN_7,9P8ELW89,78.29,47043,2026-03-09 09:06:00
TXN_1726,7K30HXWW,47.55,44007,2026-04-29 17:39:00
TXN_244,SBR4SF0T,32.89,12020,2026-01-16 08:10:00
TXN_1376,MK0CQBST,71.68,21485,2026-02-11 19:34:00
TXN_1287,HUVFNJKQ,90.75,24819,2026-03-22 21:18:00
TXN_3652,BQQDR2LA,47.31,18285,2026-04-15 17:51:00
TXN_1153,B617NS8K,74.79,19550,2026-04-23 00:26:00
TXN_1347,QYL0CZQ7,59.29,42269,2026-04-07 22:19:00
TXN_4868,AZ9CI3ZC,36.47,13402,2026-04-19 19:00:00
TXN_4437,RDPS380C,64.43,36054,2026-03-20 23:15:00
TXN_678,AA2TYGCA,26.59,35624,2026-02-17 06:06:00
TXN_4543,MOEGOIF3,80.73,14285,2026-03-10 09:13:00
TXN_2396,8V9707XC,23.21,18013,2026-01-12 17:53:00
TXN_2331,3D4ML3K6,29.0,40688,2026-03-31 18:35:00
TXN_1816,0PTYEA58,48.87,49666,2026-03-15 04:51:00
TXN_2342,PMYMGFC2,75.63,22850,2026-04-25 03:46:00
TXN_625,RSOX8QGQ,108.85,47126,2026-02-27 20:33:00
TXN_938,2EFAW6CJ,38.37,28331,2026-04-04 21:59:00
TXN_1431,PT8S5B3U,58.55,40532,2026-02-03 21:17:00
TXN_279,GXS3QDAC,34.42,11696,2026-04-11 06:52:00
TXN_191,U8JP3RGG,87.58,42068,2026-01-04 16:44:00
TXN_2580,P7MXM6G2,31.25,32825,2026-01-03 18:30:00
TXN_434,I2FMDR25,85.43,29590,2026-03-14 14:43:00
TXN_527,IHNQPNAW,18.12,26567,2026-01-24 19:42:00
TXN_4282,1OLBG0OU,57.79,42532,2026-03-12 16:54:00
TXN_1176,W8BYEWA9,52.13,17726,2026-01-27 11:09:00
TXN_3172,NVOKRLI5,106.21,17623,2026-04-23 01:29:00
TXN_3365,SBYXVYGO,60.04,17729,2026-04-24 16:48:00
TXN_3504,JRZD2PXR,114.25,11496,2026-04-30 07:11:00
TXN_1191,BJVHOKSB,47.1,37006,2026-01-02 18:18:00
TXN_1635,NQ9N8V81,42.2,40083,2026-03-18 20:37:00
TXN_748,ONC15ME3,33.91,16090,2026-03-07 01:24:00
TXN_3969,3HBDAY5X,48.45,40486,2026-02-24 12:16:00
TXN_1881,OQZZXJWL,49.86,40367,2026-04-16 16:20:00
TXN_4818,BO9AIA7G,71.76,28908,2026-04-21 05:32:00
TXN_221,LUQGOUWP,80.73,27315,2026-04-05 19:00:00
TXN_1155,32AP9867,31.51,20973,2026-01-02 00:25:00
TXN_1157,QDULQK0R,13.82,35337,2026-01-03 15:29:00
TXN_2404,GC8X9I8B,67.44,27352,2026-04-29 23:57:00
TXN_1788,FSVLBNGP,47.89,38205,2026-03-14 13:06:00
TXN_2377,9SMX1W1E,78.91,46898,2026-01-09 06:51:00
TXN_1597,A7XJT1V9,58.1,28382,2026-04-05 01:25:00
TXN_1890,R9Y1W7LL,36.98,31466,2026-03-22 07:43:00
TXN_1201,B8EWA8F1,34.42,35873,2026-03-17 04:27:00
TXN_2879,ZQT8U6JG,48.18,24795,2026-03-25 08:35:00
TXN_2531,WXZOZPMZ,66.18,14542,2026-02-25 03:42:00
TXN_3069,2WR63TMC,81.27,48460,2026-03-23 15:40:00
TXN_2634,MIWXQ0EB,60.28,13348,2026-02-05 20:49:00
TXN_4160,LDGBE67Y,81.87,48086,2026-03-08 02:02:00
TXN_3636,RR4AE5PU,97.73,30280,2026-02-06 23:05:00
TXN_4783,D2Q0W3GB,36.13,27916,2026-01-27 07:05:00
TXN_967,4GMUX9JO,23.34,31621,2026-03-07 14:37:00
TXN_3336,JDIVOV9R,49.41,27842,2026-03-09 18:14:00
TXN_2451,COFDR4AN,29.72,19639,2026-01-20 15:38:00
TXN_1628,2T5YOZSS,48.34,16356,2026-01-02 11:52:00
TXN_3042,IAYYN1XS,51.91,35497,2026-01-22 11:57:00
TXN_3992,1GHAMNFX,,20717,2026-03-25 19:04:00
TXN_1278,9S8TPMCD,92.71,21809,2026-01-01 10:12:00
TXN_377,R646H2XL,,40846,2026-02-01 06:17:00
TXN_30,Q54UITRS,38.97,48303,2026-02-27 14:19:00
TXN_3778,94LD84YT,,45863,2026-01-16 16:06:00
TXN_2723,LLKZ5EK8,85.48,45924,2026-04-07 12:23:00
TXN_4907,QELX1S44,27.89,39497,2026-01-19 04:23:00
TXN_150,Q1G4EUI6,77.06,17660,2026-01-22 01:54:00
TXN_1443,KVSC339N,24.44,34282,2026-04-14 12:25:00
TXN_1894,DERSTXW2,21.37,18077,2026-02-02 13:51:00
TXN_1389,XW1JIJA7,72.68,24606,2026-03-31 19:31:00
TXN_3746,IFOUJJHK,102.24,33665,2026-02-11 15:13:00
TXN_2187,PDO0UA2J,53.19,45893,2026-04-25 22:45:00
TXN_555,Z8ZDG3VE,88.26,43917,2026-04-09 23:15:00
TXN_666,O7ZJ2QEO,65.13,25967,2026-04-08 06:25:00
TXN_1606,W1WT2BW6,56.91,32914,2026-02-10 19:00:00
TXN_829,34Y6XO3F,34.32,47524,2026-04-07 04:25:00
TXN_1602,XNCHOKHQ,13.47,16681,2026-01-04 06:07:00
TXN_1359,MKZWJE8K,52.66,16590,2026-02-09 10:45:00
TXN_321,AFATWMD6,16.82,28358,2026-04-20 07:37:00
TXN_158,LYYOLAL5,35.37,25273,2026-02-10 10:40:00
TXN_274,9TBFW2EH,86.01,36682,2026-01-12 10:40:00
TXN_1291,47UOBYCY,49.53,22061,2026-04-01 18:21:00
TXN_1629,LU3PNMDM,30.42,30822,2026-04-23 18:21:00
TXN_1449,N8Q226UD,34.35,38136,2026-03-01 18:18:00
TXN_3564,1QO16D55,40.81,37011,2026-02-06 08:59:00
TXN_3350,MKZRVCZF,18.31,30440,2026-04-21 20:46:00
TXN_2496,C7I9LKH7,68.16,25888,2026-04-10 09:10:00
TXN_3575,59U040YJ,75.19,17559,2026-04-25 16:03:00
TXN_2765,GBSTG7ED,77.27,23208,2026-03-21 07:30:00
TXN_1535,RJIW1AUI,21.42,47241,2026-03-15 23:12:00
TXN_377,R646H2XL,70.52,40846,2026-02-01 06:17:00
TXN_404,XDHENPFD,63.2,27738,2026-01-22 13:52:00
TXN_913,NWCW7DVU,55.46,22256,2026-02-21 04:48:00
TXN_3443,1YYOB49S,65.13,50106,2026-03-01 13:36:00
TXN_4980,2UZUMAX0,74.37,34016,2026-04-07 08:27:00
TXN_4353,LETI0P5Y,38.79,41608,2026-04-03 12:59:00
TXN_4389,WCD8TYZ4,31.21,11326,2026-02-25 12:55:00
TXN_1793,Q4G890HE,49.09,11676,2026-01-30 05:30:00
TXN_1616,IZJG3A5W,26.92,23440,2026-01-04 00:59:00
TXN_224,FKIJX68H,69.54,46395,2026-03-18 14:25:00
TXN_295,RW3H2O3G,44.71,15039,2026-02-22 08:06:00
TXN_4798,2ZAMXB5O,40.58,47584,2026-03-28 00:12:00
TXN_2761,QCT7V0FS,39.76,33464,2026-03-09 18:02:00
TXN_234,IDUDWOYT,23.63,26106,2026-03-02 05:28:00
TXN_BAD_2936,INVALID_VIN,50,20000,2026-04-10 10:00:00
TXN_2193,8P97SMCW,55.77,23249,2026-04-18 11:44:00
TXN_1437,H87XS94P,59.67,31391,2026-03-13 16:03:00
TXN_257,S101DRX9,44.87,42875,2026-01-15 22:42:00
TXN_4702,NBXNJFI3,25.19,13753,2026-04-12 03:24:00
TXN_3935,YKVAYLNM,61.91,46739,2026-04-26 22:24:00
TXN_2961,2MHO6SA9,51.85,41926,2026-03-15 09:25:00
TXN_1673,38A0V8Y9,29.06,35729,2026-03-11 14:59:00
TXN_1502,HSHQPOXI,31.42,42276,2026-04-29 02:15:00
TXN_2392,8R1IF61M,77.58,16322,2026-02-15 20:59:00
TXN_131,3LJRXPM9,26.37,46323,2026-03-26 03:58:00
TXN_1790,SKTRO7FB,67.94,31706,2026-01-30 11:24:00
TXN_4362,FLZQMY6Q,46.5,44280,2026-01-30 20:51:00
TXN_2549,3XYHPETK,40.1,26841,2026-01-13 21:01:00
TXN_3074,UATD5CA3,77.21,27595,2026-04-02 17:28:00
TXN_2969,2VLKOYZ9,35.21,14551,2026-01-25 11:10:00
TXN_2618,D7LMZW9M,73.46,37080,2026-04-09 15:52:00
TXN_4385,KSMJ8SHE,,25673,2026-01-19 23:31:00
TXN_4134,Q8EGV4Y5,39.62,44983,2026-03-07 05:44:00
TXN_1539,E2924DNL,41.44,48477,2026-02-11 03:45:00
TXN_2072,4V3383CE,53.78,17054,2026-01-18 20:45:00
TXN_3918,GEXPSYCQ,42.46,42946,2026-02-12 21:41:00
TXN_2164,B3YSMVC0,75.85,35213,2026-04-23 16:00:00
TXN_1723,XLBKQEYN,94.85,42954,2026-04-03 14:31:00
TXN_2259,FJKZ4MI5,97.32,23604,2026-02-06 23:38:00
TXN_3553,9BR8WTZ7,35.58,48101,2026-04-03 06:36:00
TXN_3338,FE4Z8WAK,32.96,48004,2026-01-20 11:05:00
TXN_4147,FF7P1RD9,102.62,39019,2026-02-04 01:09:00
TXN_285,XOP305ZC,56.08,43330,2026-02-15 18:17:00
TXN_4034,1B8OJ59A,77.86,36331,2026-02-27 20:19:00
TXN_1244,KL55Y268,87.26,33883,2026-01-28 17:19:00
TXN_4167,TQ3IH9BR,69.9,41443,2026-04-28 11:30:00
TXN_2022,9NO3B23Y,92.29,30301,2026-01-01 06:23:00
TXN_3253,AFLDA7YL,70.82,28059,2026-01-05 14:39:00
TXN_580,K0PZQGD8,24.27,39265,2026-02-07 04:19:00
TXN_990,BF78JAHA,89.75,19291,2026-04-16 16:51:00
TXN_4162,2PBXO714,40.63,41386,2026-02-28 20:57:00
TXN_3671,KD43X16X,12.32,11889,2026-03-28 07:42:00
TXN_4103,8ZSKPXD9,76.23,25053,2026-02-14 10:57:00
TXN_3109,OUFZB36G,33.96,36531,2026-03-01 14:58:00
TXN_2049,YOSGIROT,40.53,23691,2026-04-19 16:48:00
TXN_4968,MEGHTKYC,79.03,34799,2026-01-19 12:45:00
TXN_1874,5172320H,32.72,27699,2026-01-14 10:06:00
TXN_3064,3VJEZJCZ,39.75,40950,2026-04-25 21:00:00
TXN_1168,6MYGTFCN,68.33,33435,2026-02-09 02:43:00
TXN_2979,FF1MPY7Q,63.95,28324,2026-02-19 04:43:00
TXN_1633,X2NR5CM1,28.36,48046,2026-02-01 01:45:00
TXN_3578,Z0W01UGM,41.79,50123,2026-01-17 20:03:00
TXN_351,TUOW1XT5,23.04,13538,2026-04-29 23:35:00
TXN_2660,Y4BDW66W,12.65,34963,2026-02-16 12:40:00
TXN_3656,VQM2JTTV,18.87,21773,2026-01-28 00:41:00
TXN_1551,PIPZ8I6Q,28.74,20964,2026-03-31 08:55:00
TXN_4564,J2FEE2T7,52.69,26185,2026-03-22 04:19:00
TXN_2146,4WKZG4ES,41.78,11338,2026-03-08 04:44:00
TXN_4480,E7ODOBE2,34.08,34337,2026-03-01 14:54:00
TXN_4633,ZHGPTU52,82.03,27506,2026-03-19 19:21:00
TXN_1899,YA9AZC6K,65.91,24539,2026-03-23 06:27:00
TXN_1943,TQJSWR9M,69.92,20590,2026-01-06 16:25:00
TXN_2069,T8S4QCW9,52.64,14814,2026-01-27 13:53:00
TXN_1300,CG381IXS,25.8,46020,2026-01-28 16:25:00
TXN_1033,5REMRZUW,84.31,14057,2026-04-11 09:40:00
TXN_2762,T7Z4QFP4,25.93,47760,2026-02-27 09:22:00
TXN_266,6G01NHEQ,44.16,36732,2026-02-07 02:05:00
TXN_4003,GG4N1JSP,83.9,39037,2026-03-16 14:25:00
TXN_1877,ESYSG9TW,73.43,23057,2026-04-21 16:14:00
TXN_4806,ZJAQY0UL,26.33,39592,2026-02-03 10:50:00
TXN_3204,HFHMTF6M,40.49,16506,2026-04-17 20:58:00
TXN_4793,D5TA6DSR,36.88,39950,2026-03-17 14:32:00
TXN_236,59WHZNI1,0,30185,2026-03-17 14:07:00
TXN_832,8DD5L9MW,63.82,21793,2026-02-03 22:13:00
TXN_1188,VSTH57S9,26.72,47430,2026-04-07 00:12:00
TXN_239,CET5MAZF,36.31,48880,2026-04-07 23:29:00
TXN_2861,WGYTRAQ2,83.51,14489,2026-03-29 22:15:00
TXN_1797,NCR7JG63,18.85,16694,2026-04-09 05:58:00
TXN_3663,YC6FHNFD,102.57,40234,2026-03-11 21:31:00
TXN_390,Y62OIY1N,38.76,19990,2026-02-16 15:02:00
TXN_497,K5BGKOBU,35.57,49406,2026-02-08 10:40:00
TXN_2683,SMKFHQ3O,39.22,30856,2026-04-14 20:39:00
TXN_3136,NKT8Q7ST,25.19,36717,2026-03-13 12:58:00
TXN_2780,15NRXJ7V,39.47,34501,2026-01-25 18:33:00
TXN_1233,QAW0BTGB,24.43,45794,2026-04-21 23:07:00
TXN_1768,IA1M7RBF,78.48,48072,2026-02-19 00:28:00
TXN_811,39TM2JR7,23.8,23399,2026-03-12 12:01:00
TXN_1470,VL3MJMC2,14.3,16635,2026-03-01 10:59:00
TXN_2808,O7Z4YMU0,21.44,30412,2026-04-15 01:55:00
TXN_451,OCRJJ19X,73.16,18620,2026-04-11 02:40:00
TXN_1914,9UU0PHZK,102.78,16145,2026-02-02 15:54:00
TXN_1625,1MT2JPA8,109.12,21777,2026-01-12 21:21:00
TXN_1682,ZWFLSWJW,34.41,14251,2026-02-18 18:21:00
TXN_3315,CT54MLE1,17.94,47699,2026-04-05 03:55:00
TXN_2638,6QBP1DOB,31.18,33983,2026-01-16 23:53:00
TXN_2887,RAYL0FSO,17.86,35889,2026-04-02 03:34:00
TXN_594,IMHM9TIJ,79.47,30734,2026-01-23 12:45:00
TXN_2012,GAN2KI4O,67.77,40343,2026-01-07 03:09:00
TXN_3792,JYRV25CI,89.13,34416,2026-03-15 03:20:00
TXN_4075,X1V8DMWY,19.9,34915,2026-01-17 08:14:00
TXN_3603,MK7S3B7G,60.16,12860,2026-03-16 05:21:00
TXN_2230,G07GDQ6U,31.76,18820,2026-04-13 04:34:00
TXN_534,WKNUNG5N,79.67,32228,2026-03-18 14:59:00
TXN_2341,HKPDNFA2,61.95,37567,2026-02-04 03:18:00
TXN_872,PE40S8LY,99.07,34457,2026-03-16 23:03:00
TXN_2122,JHDJ6QH7,109.65,12340,2026-01-13 21:16:00
TXN_4445,18K69OED,16.83,31919,2026-03-28 17:37:00
TXN_2769,TL6TV7O8,87.91,16179,2026-03-22 05:20:00
TXN_4061,BPHH0NMH,82.44,18150,2026-01-04 04:41:00
TXN_1885,MYMV9IZE,62.88,23122,2026-03-26 08:58:00
TXN_3288,I9MYZZDS,26.11,33037,2026-01-08 14:43:00
TXN_2270,HY0EQ9N1,38.65,45635,2026-01-24 04:55:00
TXN_4409,JNJ06IGO,17.14,36289,2026-03-22 15:37:00
TXN_296,1JN9SX9Q,29.69,40371,2026-02-27 17:03:00
TXN_4800,R5ZHXVNL,74.38,15836,2026-02-10 01:01:00
TXN_2030,RQ84DBJI,51.75,36928,2026-01-15 10:14:00
TXN_508,KMS877Z5,42.77,25490,2026-01-18 06:41:00
TXN_2657,HFIWXOOR,60.28,22266,2026-04-14 11:35:00
TXN_563,AVOJKRJM,76.48,24175,2026-04-30 17:27:00
TXN_2930,IIF53W06,93.66,17832,2026-04-24 07:11:00
TXN_1129,MAO9040Y,37.73,48648,2026-02-20 13:10:00
TXN_1057,VRGZVMEG,58.14,33519,2026-04-21 00:07:00
TXN_1649,6N7EBI7L,52.43,25266,2026-03-02 05:27:00
TXN_1716,WVZMR8DK,81.41,30842,2026-02-27 19:58:00
TXN_389,RBBP35HT,78.48,13692,2026-04-26 03:13:00
TXN_2996,DEN1BC5H,0,25521,2026-03-23 00:08:00
TXN_262,VXYTDAPC,38.26,15230,2026-03-29 03:04:00
TXN_1197,GKMKOXH6,76.81,34661,2026-03-18 16:36:00
TXN_4780,XPTONCYY,40.91,25273,2026-01-19 17:20:00
TXN_4243,GQW3YREO,51.74,41558,2026-02-11 15:05:00
TXN_BAD_2736,INVALID_VIN,50,20000,2026-04-10 10:00:00
TXN_26,SRSQRN5B,53.96,22793,2026-04-19 23:01:00
TXN_1239,TYTKGBGX,17.57,29455,2026-01-06 02:06:00
TXN_1187,JNEYRZU5,96.9,20459,2026-02-08 19:17:00
TXN_446,QFH0GD1W,23.33,40674,2026-01-06 06:28:00
TXN_874,PKMENUJ8,71.84,19908,2026-02-12 05:30:00
TXN_4826,HHE2HQG0,80.5,18851,2026-03-17 09:34:00
TXN_1760,3759DVEA,54.55,15122,2026-01-01 02:08:00
TXN_1826,LXPL1S59,56.96,32545,2026-03-24 20:17:00
TXN_4051,CDEUXLYG,20.48,30397,2026-04-13 05:42:00
TXN_1040,47VVLMAK,72.56,49860,2026-01-22 07:58:00
TXN_3291,UMT59QRI,22.36,11036,2026-04-23 19:41:00
TXN_1952,6OK9GAB1,43.16,29966,2026-03-02 10:33:00
TXN_3729,F36H0CYM,45.25,30726,2026-03-18 02:06:00
TXN_1189,RUBPR22U,60.59,38554,2026-04-13 22:00:00
TXN_3423,GDH4FF1S,14.35,38562,2026-02-01 15:50:00
TXN_2591,72JUQCTO,45.86,23344,2026-01-27 04:44:00
TXN_1860,BPG5K4DZ,32.14,24787,2026-01-12 21:18:00
TXN_3212,33HDB9NX,83.72,43595,2026-02-12 07:24:00
TXN_3683,IJQ9ZV7W,50.21,26101,2026-03-08 09:29:00
TXN_593,6RMXMWQQ,29.47,32871,2026-01-21 22:01:00
TXN_3555,45FB9HPC,36.38,24123,2026-05-01 15:21:00
TXN_2489,1WSQGXOE,24.24,15503,2026-03-03 18:23:00
TXN_1712,E3SEYBPS,53.05,50241,2026-01-18 04:22:00
TXN_1478,9B8ONQ1H,23.11,48313,2026-03-30 08:33:00
TXN_284,5VIKVPUO,19.38,46089,2026-04-01 03:08:00
TXN_1772,K5KJ3C71,37.62,14359,2026-04-17 20:47:00
TXN_4754,AD74ZV2Q,58.09,27943,2026-01-12 02:14:00
TXN_4500,BUGPNO3Y,51.26,15198,2026-04-07 11:42:00
TXN_2494,CHELHXVL,106.71,13125,2026-03-20 03:42:00
TXN_737,P0BAVL9Q,43.34,26861,2026-04-25 20:23:00
TXN_2059,H92NKPSL,106.92,50206,2026-01-06 23:05:00
TXN_2241,0TNY4XN3,43.69,44621,2026-01-30 02:40:00
TXN_904,CXRCGV5V,39.69,48424,2026-01-11 15:08:00
TXN_2487,1YTCEZYC,45.75,24600,2026-04-06 08:02:00
TXN_1421,DMHRM7X5,24.35,20346,2026-01-01 10:13:00
TXN_773,PMTLCV8R,50.35,28646,2026-03-11 18:35:00
TXN_3883,61G4O17M,47.07,33526,2026-03-13 06:18:00
TXN_4668,4W83KA0Q,,46652,2026-04-20 16:13:00
TXN_2754,1TBXBBBQ,60.68,37672,2026-02-27 03:21:00
TXN_4137,CNQ1FGWF,62.41,46273,2026-04-21 05:53:00
TXN_2313,9GF6Z5XS,52.49,48833,2026-04-28 17:00:00
TXN_282,LKJSQ7RF,27.87,30011,2026-04-23 23:25:00
TXN_4433,53H62MTN,27.54,37603,2026-03-22 00:18:00
TXN_283,B3I8DHPP,31.72,40326,2026-02-03 05:05:00
TXN_961,D4YJMVX1,39.51,17184,2026-04-11 23:00:00
TXN_BAD_1460,INVALID_VIN,50,20000,2026-04-10 10:00:00
TXN_4259,PUL4TZJ4,105.87,37772,2026-04-22 05:36:00
TXN_2028,PI4M7FEG,69.7,11181,2026-01-17 12:49:00
TXN_4193,OSOCI8TY,44.24,42477,2026-03-01 13:28:00
TXN_3867,IO8ZCLM7,104.17,34500,2026-04-30 03:40:00
TXN_3560,N47ACQMC,100.97,18205,2026-03-10 13:53:00
TXN_345,XW9EXZDK,48.53,12540,2026-02-17 13:09:00
TXN_4432,Y8126GXJ,45.73,42749,2026-01-12 21:40:00
TXN_4734,7VP1Q7OF,40.98,43296,2026-04-05 09:40:00
TXN_4999,B0NCC25R,53.44,34663,2026-02-23 13:24:00
TXN_139,R1LZMJRJ,-10,17503,2026-03-24 09:39:00
TXN_3880,HI9H5MCU,43.22,43960,2026-01-30 23:29:00
TXN_708,V66WG9LF,36.72,39417,2026-04-03 14:36:00
TXN_2509,ISBT4ODZ,81.59,30586,2026-01-18 15:32:00
TXN_2662,XVS9Z7OZ,65.49,45539,2026-02-04 01:28:00
TXN_2989,Q5KNBBAA,94.74,50161,2026-01-21 21:25:00
TXN_2271,LGQV8R9M,15.65,43659,2026-01-13 04:27:00
TXN_610,STYU9JN5,80.54,16144,2026-04-03 08:22:00
TXN_1061,9NJTBH5F,63.06,41519,2026-03-15 01:56:00
TXN_3108,OQSL4ZSH,75.24,30988,2026-04-18 23:37:00
TXN_3339,20C54FW6,107.92,24032,2026-03-29 16:26:00
TXN_1125,MZ3VX6E3,68.87,13531,2026-03-27 19:20:00
TXN_138,VBCIBACY,47.84,17065,2026-02-06 02:26:00
TXN_263,1GGPPDH4,73.19,19605,2026-01-25 20:04:00
TXN_1099,D6LC8N0O,54.33,40438,2026-02-22 06:07:00
TXN_4604,N6RW8JV9,57.54,13072,2026-01-28 23:42:00
TXN_795,PAAE90X1,54.1,15946,2026-01-04 00:12:00
TXN_2554,KHVYB0MS,28.39,27934,2026-01-29 19:46:00
TXN_3724,194CP92R,40.97,40497,2026-02-17 12:37:00
TXN_3011,GO80ZO7I,66.34,40684,2026-01-19 07:19:00
TXN_27,MC1Z2PMH,49.42,42244,2026-01-15 21:21:00
TXN_3058,QQRJH4RI,91.46,22649,2026-03-18 19:34:00
TXN_2180,GV3BS8GX,43.36,21842,2026-02-10 14:37:00
TXN_2310,PVD7T573,59.64,41240,2026-04-10 10:18:00
TXN_1021,3JZA2VZW,72.43,14629,2026-04-10 20:41:00
TXN_1978,VWL32WS1,26.69,26321,2026-01-29 00:17:00
TXN_2101,RNC3PKIF,63.89,40807,2026-02-19 01:46:00
TXN_421,7B0PWVKZ,20.36,43296,2026-02-11 04:03:00
TXN_424,WG4S0DNW,95.73,23802,2026-03-28 23:48:00
TXN_3672,8VQNFWWW,54.33,42820,2026-04-02 00:51:00
TXN_4880,YQHUO76R,28.16,42164,2026-02-25 20:17:00
TXN_1051,HEWOXZRB,69.71,15338,2026-01-30 05:08:00
TXN_2702,V31KJDV0,25.08,22115,2026-04-06 09:33:00
TXN_4422,QIOSAV9F,15.68,31766,2026-04-26 00:02:00
TXN_1953,LD85JWDS,35.58,12870,2026-01-12 23:28:00
TXN_3874,GGSX1WEQ,56.68,42902,2026-01-23 22:04:00
TXN_3233,FCD00NSJ,90.74,48828,2026-02-24 14:06:00
TXN_4204,CSHO7TS1,48.82,19549,2026-01-16 18:52:00
TXN_4698,8I7EKNC6,77.23,28985,2026-02-19 23:45:00
TXN_546,9B1L2J67,54.6,18601,2026-03-27 16:01:00
TXN_2757,XCZXDUUW,81.47,41301,2026-04-10 10:00:00
TXN_3238,5K8JCGGD,34.37,36804,2026-01-27 01:33:00
TXN_2040,Y8R63QPC,86.72,28379,2026-02-06 23:10:00
TXN_3179,APY9FLUU,107.02,48355,2026-01-12 19:12:00
TXN_24,XKSEZNJF,68.27,37912,2026-02-25 10:17:00
TXN_2954,782NWUCR,33.71,38388,2026-02-19 01:13:00
TXN_1820,5ZAE2TE8,34.28,49592,2026-01-02 22:09:00
TXN_1630,IB7MNMW5,28.06,49196,2026-03-07 13:14:00
TXN_4696,GX0KCRJL,30.36,37905,2026-01-23 16:12:00
TXN_BAD_4768,INVALID_VIN,50,20000,2026-04-10 10:00:00
TXN_3756,79BOFR4H,59.12,27698,2026-01-02 20:32:00
TXN_1255,8OHRPLYW,54.41,14186,2026-01-10 13:40:00
TXN_1096,1QTS9J36,70.21,42871,2026-02-08 15:37:00
TXN_1565,X6UMTOXJ,65.87,33522,2026-02-05 22:13:00
TXN_4013,C7YN18U4,66.46,20755,2026-03-06 19:24:00
TXN_4600,C4OUR4X6,72.85,15827,2026-03-18 16:40:00
TXN_4443,UNFPX0V8,37.55,11912,2026-04-30 13:05:00
TXN_2368,WKMYIJIS,42.38,29554,2026-01-02 09:51:00
TXN_1996,IGA5F7TU,55.06,38122,2026-01-15 02:01:00
TXN_1309,LNCJKNXV,31.55,22189,2026-02-20 02:55:00
TXN_1684,DU888SB8,18.9,16895,2026-02-10 12:35:00
TXN_396,J2FLB5XI,23.47,46671,2026-03-08 13:42:00
TXN_3773,PZA4X9K5,52.8,49518,2026-03-04 03:39:00
TXN_2055,9VAYESD2,32.57,50171,2026-03-08 19:51:00
TXN_3573,C6DF3XJI,79.95,14894,2026-04-29 15:26:00
TXN_1636,4Y26VXAD,17.65,21343,2026-01-05 11:24:00
TXN_728,N2IPW6T9,92.96,22238,2026-04-29 15:02:00
TXN_54,4T715JZJ,18.66,25863,2026-01-14 16:50:00
TXN_1018,S9G5D81M,36.87,40286,2026-01-26 11:43:00
TXN_3529,X6HBRJ02,14.64,28408,2026-03-24 03:27:00
TXN_2427,SKZOY0P0,32.26,36476,2026-03-31 09:14:00
TXN_1317,ADUAJW66,43.33,24436,2026-01-26 05:32:00
TXN_1615,EMZJQXCA,28.97,37073,2026-03-15 18:45:00
TXN_995,Z7EMT42O,71.31,27599,2026-03-26 10:10:00
TXN_3693,63XOMPU3,67.05,44761,2026-02-16 14:41:00
TXN_4359,AKIE3LXE,59.62,42937,2026-04-01 19:06:00
TXN_4891,B6II6SBD,41.61,48637,2026-01-14 18:41:00
TXN_4747,TA1DPPGZ,51.35,33229,2026-02-27 12:49:00
TXN_3228,MOEGOIF3,33.69,13845,2026-02-16 15:34:00
TXN_4941,ECO03SWO,60.4,42684,2026-01-24 05:39:00
TXN_86,KF6WBGX9,81.26,25600,2026-03-06 06:38:00
TXN_277,STBH0NMA,20.85,31705,2026-04-01 18:05:00
TXN_2696,UPELBLAX,29.88,45348,2026-01-21 15:19:00
TXN_1375,8UPMO4PH,73.06,16228,2026-04-04 18:09:00
TXN_39,HFRG15FU,58.85,47902,2026-01-12 11:42:00
TXN_2828,AFERNDYX,86.35,49452,2026-04-07 02:56:00
TXN_3242,UMQHZ3JZ,21.83,24905,2026-04-06 04:42:00
TXN_1041,UH13NNZ4,74.63,11843,2026-02-03 04:41:00
TXN_2292,AJHSC9RE,65.65,28285,2026-04-16 18:25:00
TXN_2581,4M1UR3TC,30.25,42936,2026-01-24 05:48:00
TXN_1182,K1X1N7MC,115.15,37504,2026-04-27 15:19:00
TXN_486,83Z4MYZ0,94.68,50478,2026-02-23 09:36:00
TXN_4785,GH5SHID1,28.85,14703,2026-01-07 05:17:00
TXN_4827,0YZNU9H5,68.44,31844,2026-02-11 02:48:00
TXN_1211,3ITUTALN,70.54,40491,2026-04-24 10:17:00
TXN_2505,B5RH09ZN,38.04,16627,2026-01-31 12:32:00
TXN_1781,C2BKZ366,60.09,15398,2026-03-24 22:33:00
TXN_3720,21RL3H0A,85.52,47610,2026-01-20 14:43:00
TXN_609,NJG8Y1SK,19.42,37227,2026-04-27 07:55:00
TXN_3904,5KLVU0MM,29.38,15244,2026-02-06 10:21:00
TXN_3824,1M0IC4WO,26.97,32269,2026-03-21 16:30:00
TXN_3538,AFK8AG4N,64.47,19332,2026-01-16 13:25:00
TXN_511,11QA8YAD,65.56,11909,2026-03-09 05:23:00
TXN_3044,ONU62EOZ,22.89,16608,2026-04-23 01:20:00
TXN_873,TBYOGPSF,53.19,24126,2026-01-03 10:10:00
TXN_BAD_4544,INVALID_VIN,50,20000,2026-04-10 10:00:00
TXN_4237,8SR8Y1ZP,40.37,13265,2026-01-09 22:22:00
TXN_2061,RNE0MOI3,35.37,10923,2026-04-12 06:06:00
TXN_4623,GD9Z5MG6,23.08,26029,2026-02-02 03:22:00
TXN_2184,QV829SGJ,21.7,15923,2026-01-14 08:22:00
TXN_2129,W5DXVAHS,59.92,40756,2026-03-19 13:14:00
TXN_292,1AHCRQ8Y,59.63,14170,2026-04-05 07:39:00
TXN_1808,5LK1R8MV,35.03,44122,2026-03-30 18:32:00
TXN_3140,3IHSZKE5,22.0,36304,2026-02-28 19:29:00
TXN_3461,TE287JL2,49.62,26062,2026-04-17 16:21:00
TXN_2734,7YGQZ00B,21.02,17527,2026-01-25 18:49:00
TXN_1235,0CYS2124,49.07,45609,2026-03-26 20:01:00
TXN_114,678673DF,81.39,18183,2026-02-13 21:47:00
TXN_1386,X5ND98YV,62.28,47167,2026-04-23 13:26:00
TXN_3131,CY5Q9OBL,74.26,33254,2026-03-09 10:35:00
TXN_3068,98U1TNFC,60.4,23104,2026-01-18 09:33:00
TXN_4774,G097QT97,76.75,26976,2026-03-22 17:18:00
TXN_4789,3MDAP8MH,55.39,21435,2026-04-18 07:29:00
TXN_2535,ZGA92GGH,48.2,44421,2026-03-01 19:48:00
TXN_3633,D8V3P34Q,46.2,13764,2026-01-28 20:42:00
TXN_756,7DSITQBR,26.53,14198,2026-03-05 03:35:00
TXN_879,7L3EBNQS,55.23,13505,2026-02-10 00:26:00
TXN_3192,JSRG5A3U,25.78,48431,2026-02-10 02:51:00
TXN_838,3ASX9JS8,23.1,25704,2026-01-02 03:17:00
TXN_2095,KKBF9SK6,14.5,12362,2026-04-25 11:20:00
TXN_4548,FAN4ZFHF,73.98,45421,2026-04-30 08:48:00
TXN_2374,CFD1LRDP,30.75,40575,2026-04-30 03:13:00
TXN_1474,77LFRO3I,69.99,42264,2026-01-30 18:34:00
TXN_1138,1Z1AJ4A0,68.82,19695,2026-01-17 22:23:00
TXN_4169,H5BKN0D5,104.24,50277,2026-04-11 01:45:00
TXN_4610,YGCKVE47,70.62,35184,2026-03-02 12:01:00
TXN_4040,QIUAEO74,40.43,36269,2026-02-07 12:35:00
TXN_1214,RHW13CWA,23.32,17461,2026-01-04 13:44:00
TXN_1779,MGLK15FP,49.23,37024,2026-01-22 22:49:00
TXN_4823,IKFOYFKY,25.12,31471,2026-02-01 16:01:00
TXN_3341,PZWTJG9X,63.53,47592,2026-01-03 23:41:00
TXN_3080,ZVBCRT03,76.58,15520,2026-04-16 22:10:00
TXN_4961,ZP6G3DDK,31.37,38924,2026-01-25 05:42:00
TXN_747,8S5X8P67,23.34,10143,2026-02-21 17:51:00
TXN_1261,JYSEX94V,44.91,23281,2026-03-04 01:50:00
TXN_4811,17GZV65Z,45.14,48053,2026-04-17 05:59:00
TXN_4180,30D62VCP,51.77,16017,2026-01-15 06:58:00
TXN_982,W5SE22OR,53.66,14522,2026-04-06 19:33:00
TXN_2078,6TBFPUR7,72.72,45729,2026-03-16 16:16:00
TXN_3056,VXM8RCUH,84.74,35716,2026-01-05 22:13:00
TXN_562,SKH23NGD,66.77,27593,2026-01-20 04:10:00
TXN_4960,J9G4ATNE,82.09,18284,2026-01-26 19:31:00
TXN_4305,8DLIBQB1,34.01,41724,2026-03-23 02:38:00
TXN_4062,GIXFPBF1,30.56,12149,2026-02-14 14:41:00
TXN_2490,H92YJPOV,45.94,37242,2026-02-25 21:57:00
TXN_3844,YIXTHK1N,,37231,2026-02-23 01:55:00
TXN_2440,UBH2EE44,87.52,32620,2026-01-09 08:50:00
TXN_1568,659ZTWK2,27.39,33802,2026-02-12 10:47:00
TXN_350,ROV3PI77,109.96,45845,2026-01-06 11:37:00
TXN_2477,1D33D311,39.5,16475,2026-03-07 19:02:00
TXN_2079,1384MG9T,43.28,42546,2026-04-16 10:01:00
TXN_4341,Z1VEH7QD,117.41,42307,2026-04-13 17:19:00
TXN_1804,KJF4KWMK,55.28,46726,2026-01-11 04:42:00
TXN_3836,W1IXE7VP,26.01,44112,2026-03-20 00:29:00
TXN_3828,N1B5BCRN,77.7,33688,2026-01-23 21:57:00
TXN_1912,R2IMBUDQ,62.2,27683,2026-02-24 05:38:00
TXN_3900,EFL287IK,75.79,23758,2026-04-15 00:50:00
TXN_4340,30TXZJFU,27.81,31473,2026-02-12 23:39:00
TXN_1845,5ZSOZCNW,28.07,21639,2026-03-30 13:51:00
TXN_1973,18DO04I5,64.9,25457,2026-01-11 20:32:00
TXN_4045,7RL8GZRF,81.12,15929,2026-02-17 22:30:00
TXN_3187,IZ1JKSIF,50.66,37293,2026-02-04 22:55:00
TXN_1494,0UUFCIQ9,81.51,22140,2026-01-05 01:36:00
TXN_2603,BINH42QK,23.29,20829,2026-03-10 13:03:00
TXN_3343,I16NG4Z6,52.23,40425,2026-05-01 00:38:00
TXN_1349,MNFY17O4,26.23,15414,2026-01-18 16:40:00
TXN_948,TYGRAOU7,96.33,43196,2026-01-28 15:45:00
TXN_17,2QHXJJKY,30.77,36869,2026-04-05 14:42:00
TXN_252,D8P136HF,72.19,25130,2026-02-06 11:20:00
TXN_2678,D2HY3UNE,19.34,44715,2026-02-13 13:52:00
TXN_2348,M3X0VWLI,44.26,27344,2026-01-08 17:32:00
TXN_4288,IVMB4G98,56.36,42774,2026-03-03 02:27:00
TXN_3586,OG4JXFXY,19.69,13419,2026-04-08 17:58:00
TXN_880,MZV3GKHB,33.62,22909,2026-04-03 14:18:00
TXN_4462,3WDFK7E8,39.41,38261,2026-01-25 11:52:00
TXN_3967,FNC5U5GR,53.65,45566,2026-04-29 10:53:00
TXN_279,GXS3QDAC,34.42,12040,2026-04-11 06:52:00
TXN_1236,HNRVMGCZ,76.95,26747,2026-01-30 17:01:00
TXN_1528,KNJJMMR5,17.34,27325,2026-02-04 12:11:00
TXN_2868,K4FETYWB,67.44,15070,2026-03-10 13:45:00
TXN_1966,67KUB9QN,22.67,49961,2026-04-30 10:49:00
TXN_93,FNB9Q7LG,59.63,14108,2026-01-11 09:32:00
TXN_9,XWV830H9,33.09,38599,2026-04-23 06:42:00
TXN_2583,22UJGCB7,53.47,24690,2026-01-25 23:47:00
TXN_3985,DDI67UE2,32.66,24564,2026-01-31 00:09:00
TXN_845,J8466WL4,41.14,38104,2026-04-15 06:52:00
TXN_3441,1DT16NVM,23.37,25421,2026-01-20 02:03:00
TXN_2267,N88BNSPD,39.89,31807,2026-02-25 04:44:00
TXN_2410,XB9FQGDI,64.51,26803,2026-04-04 17:25:00
TXN_3230,QPGUDA8Y,67.15,12614,2026-02-15 20:05:00
TXN_53,LGF1VY7Q,99.68,47835,2026-03-31 01:12:00
TXN_432,CCONK8SV,47.02,40499,2026-03-15 22:53:00
TXN_3749,LL15A12X,23.38,37508,2026-03-09 16:05:00
TXN_488,GNXV9CBS,73.07,20484,2026-02-13 23:06:00
TXN_4819,QMCTUYJW,38.94,32663,2026-04-21 10:50:00
TXN_3284,HI2CW3MR,59.5,29714,2026-02-11 19:16:00
TXN_821,SB83ORLF,28.26,11094,2026-04-23 02:58:00
TXN_107,9SWYTXHL,98.23,24694,2026-04-20 07:08:00
TXN_4903,CLDWDCVZ,21.69,34365,2026-01-27 05:29:00
TXN_1843,TAT7680Y,27.0,47375,2026-02-13 12:01:00
TXN_641,FWCV7E8V,53.86,46274,2026-01-19 19:24:00
TXN_3838,0U6R0C5S,48.17,21080,2026-04-03 00:57:00
TXN_2987,RYAGA9M1,24.73,20441,2026-03-21 12:37:00
TXN_2285,X6M23DMR,37.51,32894,2026-04-19 21:26:00
TXN_4300,YZ802U0P,29.51,40622,2026-01-22 14:06:00
TXN_4176,H8DMRZTR,30.73,24434,2026-01-27 02:07:00
TXN_600,07FOIELP,91.55,11348,2026-02-12 18:09:00
TXN_1331,ICR4RS5O,56.26,20251,2026-03-01 07:53:00
TXN_4087,W7LJTLH1,25.14,19376,2026-02-25 09:31:00
TXN_4407,L7I383BS,31.6,11988,2026-01-03 08:05:00
TXN_2413,IISD9S3S,47.41,48286,2026-04-11 04:37:00
TXN_3196,NJP5U9W4,90.82,22327,2026-04-26 22:27:00
TXN_537,W6W4AY5Y,39.52,41371,2026-02-03 16:38:00
TXN_4788,XP4G2RQF,41.48,23864,2026-03-26 13:22:00
TXN_2089,MIPJHDGK,37.6,29979,2026-02-07 02:21:00
TXN_1388,31O98ZCB,57.71,12717,2026-01-28 04:59:00
TXN_1832,YT0912YV,62.27,47214,2026-04-13 03:33:00
TXN_2597,FSRG7KME,38.3,48955,2026-01-28 18:35:00
TXN_4108,NN8QXG3X,98.45,35597,2026-03-10 20:53:00
TXN_2326,V8P24GV6,88.74,49509,2026-02-01 02:10:00
TXN_849,IFBP9GHJ,80.61,29809,2026-01-28 06:19:00
TXN_2262,OANFGNVV,40.64,11481,2026-03-20 12:50:00
TXN_1249,9W0B75X3,98.65,27868,2026-01-11 20:53:00
TXN_4695,CZV75ZQL,94.06,19318,2026-04-10 03:59:00
TXN_4348,CEC07ZH8,27.48,12308,2026-02-26 17:50:00
TXN_2566,6BPSRNRW,60.59,12372,2026-04-16 18:36:00
TXN_2284,VKTGOBDC,39.3,23009,2026-01-08 06:01:00
TXN_BAD_4060,INVALID_VIN,50,20000,2026-04-10 10:00:00
TXN_2099,WAOBZWZO,47.02,40959,2026-01-20 02:27:00
TXN_3704,ZL7ZD1ZN,96.28,26085,2026-03-06 11:55:00
TXN_3501,CR1YNGGX,46.98,30462,2026-01-09 14:31:00
TXN_2192,3G06P4K7,46.95,34965,2026-03-23 20:39:00
TXN_4637,8655OV3A,60.54,43026,2026-02-25 09:30:00
TXN_2141,KMPS63JT,61.13,44681,2026-03-28 02:26:00
TXN_422,V3XZABWF,77.78,43617,2026-04-12 02:07:00
TXN_4337,01DND5I1,112.25,14828,2026-01-25 19:39:00
TXN_2248,PLMU4AJ9,25.38,27418,2026-04-01 10:01:00
TXN_3264,ZU0DISAX,84.79,31008,2026-01-15 16:21:00
TXN_4226,3QBYUSLM,103.36,24892,2026-03-08 16:42:00
TXN_3157,SX0V4NEQ,19.14,46940,2026-04-21 09:27:00
TXN_1288,0UCBACNT,38.63,20819,2026-02-07 07:24:00
TXN_3565,2CSR6Z27,76.04,24703,2026-04-10 06:20:00
TXN_2579,OTHO4GAY,86.35,37619,2026-04-04 02:22:00
TXN_165,CM4XXL7O,38.26,35436,2026-02-20 20:13:00
TXN_1177,VP12IL55,32.23,35746,2026-03-16 04:11:00
TXN_91,UJ9AH22V,50.54,32882,2026-01-06 21:41:00
TXN_248,NP23MS6S,85.04,27831,2026-01-20 03:16:00
TXN_3959,22VGZCMF,31.22,42944,2026-04-14 12:45:00
TXN_1136,XYSCSVZO,54.35,28879,2026-02-24 09:35:00
TXN_2420,T4ZK0LE5,21.79,11640,2026-04-07 18:59:00
TXN_2908,B3YKG3NQ,89.26,49385,2026-03-28 15:07:00
TXN_4872,T2TTKU90,45.92,29237,2026-01-29 20:11:00
TXN_504,VOU57I7U,65.84,26159,2026-04-14 09:04:00
TXN_1580,UF0AR14Q,54.58,25680,2026-02-18 02:31:00
TXN_3990,9IO0MUX0,28.82,18076,2026-01-01 23:05:00
TXN_1944,93TBGFMY,30.1,42479,2026-01-20 05:43:00
TXN_653,PTJOXXBW,50.24,18306,2026-03-19 23:48:00
TXN_4822,0NBWAOR2,88.64,14003,2026-02-05 04:35:00
TXN_3207,GDUUR1CM,53.9,42058,2026-02-03 19:47:00
TXN_3896,R07NMLPH,53.34,35803,2026-04-08 13:27:00
TXN_2598,OUTGV3E5,48.51,46498,2026-02-22 03:44:00
TXN_1923,ME15R0LP,66.69,25150,2026-03-11 02:06:00
TXN_759,I1LJ4E72,47.23,16444,2026-04-03 04:53:00
TXN_2023,3PAAZ2YN,68.81,48408,2026-01-20 01:22:00
TXN_662,R91FCFAH,34.13,15443,2026-03-09 06:00:00
TXN_3799,BW56CXJ7,38.44,15984,2026-04-11 17:09:00
TXN_3644,0A9L7XRN,20.02,13522,2026-01-23 18:04:00
TXN_3680,X79X4DZ5,,46013,2026-03-09 06:11:00
TXN_4019,VT8PVQ0U,45.6,11620,2026-04-02 03:41:00
TXN_3716,EQIQHKD7,97.05,12198,2026-03-22 13:47:00
TXN_3503,GRSINDEA,69.44,14104,2026-04-05 06:26:00
TXN_3433,RX0T3HI0,81.37,16985,2026-04-27 13:42:00
TXN_3604,LPCFNEE1,33.27,25402,2026-01-25 07:15:00
TXN_1092,DG2RY3ME,77.18,50065,2026-01-26 22:39:00
TXN_2768,31KZOFTY,59.35,33015,2026-04-08 02:29:00
TXN_2824,BV63FI5J,48.95,10341,2026-03-22 18:46:00
TXN_863,XG84I48O,53.01,13327,2026-03-13 19:36:00
TXN_4413,WX6XWI63,80.03,37117,2026-01-06 17:30:00
TXN_2548,FXL1XK2H,77.15,18966,2026-01-18 06:21:00
TXN_3375,YE5M0H3V,44.5,22868,2026-02-05 11:59:00
TXN_2764,66W7F3PL,36.86,32949,2026-03-21 13:19:00
TXN_3218,M7UIA36Z,87.57,23518,2026-01-14 15:50:00
TXN_4453,5GNFCAP0,38.85,49314,2026-03-09 19:01:00
TXN_1613,ZZ4QBJDP,44.2,18123,2026-03-22 19:59:00
TXN_4183,Y0KVB5VH,53.52,19169,2026-03-17 05:12:00
TXN_975,YB3WKD2N,54.83,32299,2026-02-26 05:46:00
TXN_4140,VU654CVT,57.88,49489,2026-04-10 20:20:00
TXN_2457,U9FKXAWT,81.87,36970,2026-03-14 02:41:00
TXN_4762,FXVV0CD0,78.89,42443,2026-03-07 07:13:00
TXN_2771,6ABSJM3G,57.37,16641,2026-04-28 05:07:00
TXN_3629,TFMHAWB6,48.08,16622,2026-04-06 05:08:00
TXN_3163,7PS39U6A,51.18,42578,2026-03-12 18:54:00
TXN_1739,BQOD7TLS,34.94,32678,2026-04-29 03:18:00
TXN_2616,0JRF9MWT,73.62,46944,2026-01-13 11:49:00
TXN_3687,NZ67JS61,68.31,11507,2026-04-09 16:09:00
TXN_4561,VVQ4945N,54.66,37911,2026-01-26 16:53:00
TXN_4001,32ABHIDX,48.09,18374,2026-04-21 12:22:00
TXN_4756,1EYRB38V,56.47,18645,2026-01-10 15:44:00
TXN_309,XMKUJ7LL,30.6,11039,2026-05-01 01:40:00
TXN_1667,5ELXCW46,69.05,45601,2026-02-01 18:03:00
TXN_2131,GSQCYP5U,25.14,41860,2026-01-16 01:29:00
TXN_2442,O54WZW1T,62.68,15216,2026-02-12 05:19:00
TXN_761,HCV7NTQX,25.85,31007,2026-03-31 00:57:00
TXN_4576,790OK13T,43.24,49750,2026-03-23 05:22:00
TXN_2328,70O99BIK,71.9,38902,2026-04-24 22:11:00
TXN_4521,Q0AQ2CSG,28.87,14061,2026-04-01 09:46:00
TXN_1829,TXGR4IZ7,50.51,34988,2026-03-16 02:18:00
TXN_2836,3X039QLN,80.29,26826,2026-02-24 16:08:00
TXN_1037,TP3E8U05,44.43,21570,2026-01-15 12:35:00
TXN_2185,8S1W0TLN,24.25,38891,2026-04-06 09:06:00
TXN_115,KMVB3GNN,97.28,17965,2026-03-22 14:57:00
TXN_1396,9ZZKR4LP,30.17,28737,2026-04-08 21:54:00
TXN_630,BZX6YXN7,44.09,13720,2026-01-25 13:58:00
TXN_1131,1QTVTW8G,69.65,13654,2026-02-10 11:22:00
TXN_4693,TBOBQUAZ,68.49,43038,2026-03-08 09:44:00
TXN_4077,6MPXW5A8,86.63,16803,2026-04-09 18:30:00
TXN_108,UGKUC43N,67.13,31580,2026-02-27 14:17:00
TXN_233,4ZGJPQ3W,19.06,30834,2026-02-16 21:47:00
TXN_2713,MJD2I8JO,79.4,40867,2026-01-03 00:54:00
TXN_4923,K1MW9HVH,33.69,30305,2026-01-21 05:55:00
TXN_1610,TEVNE8MB,54.09,18810,2026-01-18 21:09:00
TXN_1234,6FP2HUTP,51.29,24854,2026-04-10 13:29:00
TXN_3895,B25B4EDS,57.57,42442,2026-01-24 07:17:00
TXN_1504,8BZM4PON,36.53,24772,2026-01-28 12:18:00
TXN_4296,PQGCFNL6,70.98,37224,2026-01-15 19:11:00
TXN_711,4M31HA0I,31.12,35066,2026-04-17 08:25:00
TXN_1868,87JJYS4H,44.68,22883,2026-01-14 17:51:00
TXN_839,9TROI6I2,40.7,15216,2026-01-30 03:09:00
TXN_4071,5SXKPKBY,56.47,21321,2026-01-01 16:58:00
TXN_2210,RNYZYVB5,61.98,10417,2026-02-26 21:49:00
TXN_264,I70F19MY,70.98,12268,2026-03-30 18:17:00
TXN_4287,0AOOHHJK,26.67,33406,2026-03-15 08:11:00
TXN_3444,UP11MNU9,28.57,39143,2026-01-14 16:11:00
TXN_2459,IN7LAJ8Y,97.29,23038,2026-02-08 19:42:00
TXN_2628,7XYLR9J0,80.03,31204,2026-04-24 20:09:00
TXN_3487,T8KEHLFP,23.92,45570,2026-04-28 22:35:00
TXN_1093,1RGQ2LC2,25.52,38861,2026-01-31 09:16:00
TXN_4714,5GROEH17,95.51,45417,2026-03-31 12:15:00
TXN_188,T637A95A,37.94,22311,2026-01-30 23:02:00
TXN_1411,VZOAWWKE,51.12,33809,2026-04-02 07:47:00
TXN_1774,0MDFPDVM,22.65,24508,2026-01-05 03:04:00
TXN_4657,CLVNC7OI,85.4,33256,2026-04-19 04:53:00
TXN_2858,IEDEHXX7,76.38,44130,2026-02-02 05:13:00
TXN_808,W3D7WGKZ,72.55,18002,2026-05-01 00:12:00
TXN_1104,XFMD0UA1,77.07,27205,2026-02-07 08:18:00
TXN_1148,EFKKXHGH,101.09,45964,2026-03-27 02:42:00
TXN_3718,5163SMI0,20.59,47279,2026-01-23 12:46:00
TXN_3709,PJUCSRQW,22.54,35236,2026-04-14 04:43:00
TXN_2850,8J365OGF,75.51,24410,2026-04-06 15:34:00
TXN_1640,LGXRRVBC,72.13,46182,2026-04-22 21:30:00
TXN_801,B8XGJ0VK,44.61,49651,2026-04-09 19:53:00
TXN_1575,457L8HHF,31.57,48150,2026-01-20 19:02:00
TXN_859,AAER4C9U,55.19,21324,2026-01-02 18:00:00
TXN_1448,MITVJ9GG,73.46,25916,2026-03-13 03:47:00
TXN_3962,LXMHXQ1I,20.0,18280,2026-01-05 22:19:00
TXN_4646,1ETEA7KC,65.83,30331,2026-03-01 09:25:00
TXN_137,02EHGEZ8,35.28,47341,2026-02-02 15:46:00
TXN_1564,XH72PCHT,37.65,40407,2026-03-26 06:36:00
TXN_4844,39XK0EXZ,21.41,39647,2026-03-13 23:51:00
TXN_523,HM7QO9RM,44.02,10497,2026-03-27 04:29:00
TXN_4778,ZT4SCYI9,54.77,29598,2026-01-13 15:22:00
TXN_3637,4QAM2L9A,62.93,35193,2026-04-02 11:03:00
TXN_4425,5IILQDJ3,35.47,37290,2026-03-11 01:15:00
TXN_3842,J9BVBTVZ,84.3,17434,2026-02-03 00:57:00
TXN_2000,LMN73GLV,21.74,34000,2026-03-01 14:31:00
TXN_256,UE1VOVLC,18.93,41663,2026-01-28 19:55:00
TXN_1685,01Q5FCV2,111.46,47319,2026-02-01 17:40:00
TXN_1026,VXJ3CYXE,36.78,28921,2026-02-10 11:45:00
TXN_4824,F596HJMX,76.45,47649,2026-02-19 23:40:00
TXN_4335,Z91WTS91,21.61,29276,2026-02-27 12:16:00
TXN_1821,O5LREQVQ,85.49,32911,2026-02-08 04:38:00
TXN_2798,1JCLGDKK,67.03,39463,2026-04-20 04:02:00
TXN_4994,G46K7IIB,74.82,23256,2026-03-19 18:52:00
TXN_924,3K30OZDJ,109.63,15621,2026-02-26 02:58:00
TXN_695,A6W0W046,52.01,13095,2026-01-10 16:42:00
TXN_3418,FDGHWT6P,97.77,16708,2026-01-15 04:41:00
TXN_4366,OGKYOBZ2,48.24,30142,2026-01-16 14:57:00
TXN_2138,BXOLR0ZQ,57.31,38083,2026-04-17 22:20:00
TXN_4266,I3V23B87,36.53,21647,2026-04-21 02:20:00
TXN_4473,R2P00S42,19.18,10448,2026-03-25 08:36:00
TXN_478,MFDR5P7M,27.66,31554,2026-03-24 15:21:00
TXN_2179,BLPNZ4OW,63.21,27446,2026-03-17 00:58:00
TXN_170,H8U0CXL4,19.24,40752,2026-01-31 11:07:00
TXN_1468,FDS1YEOW,50.62,49183,2026-01-18 05:00:00
TXN_489,TCWCLZAD,26.65,16889,2026-01-29 06:09:00
TXN_603,FCJPAUW7,80.73,49334,2026-02-14 22:38:00
TXN_452,G4TUVJYN,29.07,11929,2026-02-02 10:50:00
TXN_978,5VYIS07P,42.8,22045,2026-01-16 22:51:00
TXN_4605,08Z6PRK9,78.19,26964,2026-04-27 02:00:00
TXN_3035,QZV5RZU1,21.6,21281,2026-03-05 03:33:00
TXN_2513,GA6A0DX0,45.99,13659,2026-03-05 22:11:00
TXN_1179,GEWLV9Q3,20.21,18888,2026-01-10 00:14:00
TXN_1886,VGEV1P0F,17.95,40966,2026-03-25 06:26:00
TXN_4268,VCS3WLXT,70.35,10522,2026-03-19 01:57:00
TXN_1213,89MIT45M,53.59,46176,2026-02-10 07:50:00
TXN_1936,ISFMZDA8,42.26,25894,2026-04-07 14:39:00
TXN_340,58KC5TQB,83.71,20867,2026-02-06 01:24:00
TXN_1230,5015J24Q,47.41,32889,2026-04-08 01:50:00
TXN_2431,9H15J5JA,23.5,41190,2026-01-25 09:47:00
TXN_1473,ZOAWVDF5,34.8,35320,2026-04-18 15:59:00
TXN_3605,5H7LJ75P,104.84,11928,2026-02-24 19:07:00
TXN_558,VJTZPTO1,114.82,25822,2026-01-25 17:35:00
TXN_139,R1LZMJRJ,49.69,17503,2026-03-24 09:39:00
TXN_2422,PW5ZP59U,45.29,46416,2026-01-15 17:38:00
TXN_4387,02MLXF9M,14.03,17232,2026-03-26 21:08:00
TXN_2120,0XUTKFOP,72.97,33209,2026-01-10 20:06:00
TXN_4246,C8D8M542,106.4,35353,2026-03-20 12:44:00
TXN_1811,K1HM5BY0,72.1,44175,2026-03-04 05:19:00
TXN_2533,2B77TCSR,74.28,17746,2026-02-02 00:44:00
TXN_2151,44AAL65V,65.66,15113,2026-02-04 17:49:00
TXN_834,L86YQCOI,37.53,44104,2026-03-19 16:38:00
TXN_4641,7HDQF7AN,97.76,17359,2026-03-12 03:28:00
TXN_2865,37GXW6XO,24.13,18809,2026-02-08 23:14:00
TXN_1552,VQNZVCL9,23.35,36773,2026-03-03 06:43:00
TXN_4831,IYKSWXUT,73.58,33442,2026-01-23 20:28:00
TXN_1296,XDTWZDGQ,29.72,23523,2026-04-14 09:14:00
TXN_886,BR0FMGR1,98.51,29088,2026-02-04 16:33:00
TXN_2446,J5CVI964,30.91,18002,2026-04-13 03:13:00
TXN_941,KS4Z5THS,17.36,28133,2026-03-01 16:58:00
TXN_3864,UD2A0MM9,65.29,11430,2026-02-28 15:56:00
TXN_1849,PUJ1ULI5,20.4,20980,2026-04-18 17:04:00
TXN_2915,FJ8MKKZY,31.32,15310,2026-01-25 23:27:00
TXN_3481,I50OIXCP,59.94,37001,2026-01-23 21:31:00
TXN_4986,CUS6CS8M,46.5,47557,2026-02-14 23:43:00
TXN_4536,LATEOFMA,75.45,11702,2026-02-27 02:27:00
TXN_3317,71R9Y2ER,68.77,27497,2026-01-15 03:10:00
TXN_3999,O2I71V0U,35.8,28641,2026-04-12 12:49:00
TXN_4805,E0BEQDTJ,52.45,29520,2026-01-20 21:09:00
TXN_3645,10POSAIO,88.48,34783,2026-01-03 23:16:00
TXN_700,BV8DJY1H,57.37,13794,2026-04-12 00:51:00
TXN_2724,Q07GBFEY,87.08,23596,2026-02-23 03:09:00
TXN_1858,LUYW2INC,13.34,11706,2026-01-28 21:53:00
TXN_2014,1VL1KXIH,68.63,41809,2026-03-24 21:38:00
TXN_4205,8342BU02,28.44,28594,2026-01-14 19:11:00
TXN_3991,1PAZJJFO,80.03,16680,2026-05-01 06:02:00
TXN_2685,O5G3PVSE,98.97,39204,2026-01-11 12:14:00
TXN_4644,S1VTOFNR,76.97,49846,2026-03-14 20:46:00
TXN_4510,FFUBH8XD,48.79,14249,2026-01-26 11:42:00
TXN_4486,ZVRGQ0NA,87.7,22193,2026-03-23 12:18:00
TXN_942,WEA4XQ05,117.91,48234,2026-04-16 01:39:00
TXN_4636,P4AJPY37,27.11,42468,2026-03-20 18:00:00
TXN_2337,UOHAV5KZ,96.67,40284,2026-02-16 11:24:00
TXN_2430,HMXEUKVA,51.3,30898,2026-03-15 21:23:00
TXN_1866,V7TEYIED,48.59,11508,2026-04-30 01:24:00
TXN_3814,QQU7Y0TE,73.58,41578,2026-01-09 02:24:00
TXN_3930,NSAEEHG0,78.11,28084,2026-04-09 09:05:00
TXN_2267,N88BNSPD,39.89,31807,2026-02-25 04:44:00
TXN_2121,K5LIX6OT,47.09,44328,2026-01-11 04:27:00
TXN_349,MN862YL4,64.77,18906,2026-02-23 22:47:00
TXN_3567,ORPUOCIP,32.1,45964,2026-03-24 15:13:00
TXN_1876,EKMAUYAK,67.3,18293,2026-03-10 22:19:00
TXN_461,P6NYH5FA,51.44,48106,2026-04-06 22:40:00
TXN_1452,2PIUQO34,35.42,27428,2026-04-13 14:29:00
TXN_2877,X3BXN2VG,55.93,33230,2026-02-21 02:26:00
TXN_3614,CL1N5I30,84.85,16988,2026-04-25 10:46:00
TXN_4658,OR37TKJP,72.11,16778,2026-04-14 23:57:00
TXN_3542,VHJQOWPS,86.37,48067,2026-03-08 18:05:00
TXN_4026,PH8DCOGG,17.89,37439,2026-02-28 16:06:00
TXN_3665,TUA45V8B,65.35,18425,2026-03-15 12:46:00
TXN_149,3Y3H4H5E,21.39,18789,2026-04-08 19:19:00
TXN_3049,YR2A5FDD,20.7,20464,2026-03-27 12:10:00
TXN_1907,3HBDAY5X,35.17,40208,2026-01-24 11:33:00
TXN_2195,FFE0CKL3,40.28,11667,2026-02-23 19:14:00
TXN_3283,JQQA20F8,48.97,31244,2026-04-08 10:11:00
TXN_3698,JDCSALPA,80.91,41675,2026-03-11 05:56:00
TXN_3431,6CXPO1ZT,40.18,50191,2026-04-30 08:17:00
TXN_2092,Q28UY6DQ,59.52,40017,2026-02-16 01:29:00
TXN_3090,IOCK51QG,104.8,45579,2026-03-04 04:29:00
TXN_3430,XP7CSWK5,40.88,12532,2026-03-13 08:52:00
TXN_2621,F9PKTO3M,51.26,24939,2026-02-18 20:25:00
TXN_2736,B2328HDM,44.78,42520,2026-03-24 16:36:00
TXN_3402,EX5QXJNN,57.11,48707,2026-02-26 01:08:00
TXN_1032,9TE95AXI,100.48,12765,2026-04-18 19:55:00
TXN_1627,CYCNCO5D,37.88,41106,2026-01-30 09:31:00
TXN_1939,TQNGLLGC,12.21,14874,2026-02-06 11:26:00
TXN_1799,3FCRLXY2,93.21,41676,2026-03-09 08:41:00
TXN_1710,3MDGVP7T,56.63,31646,2026-03-25 16:18:00
TXN_4941,ECO03SWO,60.4,42848,2026-01-24 05:39:00
TXN_2742,CB3DIT9P,91.76,38139,2026-02-27 19:33:00
TXN_3359,602N8G99,63.78,39076,2026-03-19 12:45:00
TXN_1111,DWQ3OJVK,90.26,13772,2026-04-26 07:26:00
TXN_2317,9J38AQAU,0,46563,2026-02-26 18:03:00
TXN_3482,XMU70W4G,50.86,37985,2026-03-13 09:37:00
TXN_3948,JEQXO2UK,88.48,13485,2026-03-19 01:13:00
TXN_616,5IPHC7YH,27.88,19815,2026-01-15 18:59:00
TXN_1030,BH8OQ6I8,106.67,16593,2026-04-26 07:29:00
TXN_3485,EE2LQNHF,48.35,33608,2026-03-23 19:47:00
TXN_3239,QYLS3FUC,90.75,47725,2026-04-05 02:31:00
TXN_518,DXU90FXH,38.57,39759,2026-01-02 02:43:00
TXN_4988,NS1JGDIF,100.83,12976,2026-03-28 20:48:00
TXN_144,1ZAQMP98,50.07,20416,2026-02-24 00:20:00
TXN_4011,AZKMS1OP,93.46,25872,2026-03-04 16:37:00
TXN_1089,XAUJRJ7C,94.12,40396,2026-04-16 14:23:00
TXN_4220,8QDO2Y2O,16.5,21644,2026-03-05 22:01:00
TXN_4064,SEZR3MY6,45.13,23058,2026-04-23 03:28:00
TXN_3875,BC4Z3KGA,107.49,39801,2026-02-25 05:36:00
TXN_4195,J1HOJ177,59.09,38616,2026-02-08 14:51:00
TXN_2760,AT6KBCKR,42.84,33719,2026-02-27 03:22:00
TXN_4911,UCJYLQVZ,55.25,38400,2026-01-18 09:36:00
TXN_3104,31RWRQC0,43.2,24097,2026-04-11 04:35:00
TXN_4813,E1VIX426,37.15,16963,2026-03-09 06:18:00
TXN_4595,8QMB2V0F,61.4,11868,2026-03-01 07:10:00
TXN_619,TAHVV23W,93.79,34342,2026-03-24 21:55:00
TXN_3552,BA8J2SSB,22.74,47319,2026-04-11 19:14:00
TXN_426,GNV39GCU,69.28,32138,2026-03-03 10:40:00
TXN_163,86PGH5XR,49.5,14496,2026-01-07 15:42:00
TXN_4920,86ZKJP5W,24.2,11325,2026-03-16 11:55:00
TXN_2740,YXMQWEG7,71.92,29061,2026-01-24 09:30:00
TXN_448,5212EHNK,49.72,43710,2026-01-07 23:10:00
TXN_4706,V1N5VO3U,57.06,33489,2026-01-19 21:39:00
TXN_1763,V6UT1BTP,49.86,35220,2026-02-17 09:35:00
TXN_3943,ULK9VLE8,24.89,21604,2026-01-29 08:20:00
TXN_1596,D1TI7K2L,23.01,36736,2026-02-16 13:53:00
TXN_45,89EYSJF9,30.07,37025,2026-03-17 23:49:00
TXN_4171,FJE8EZDC,64.39,17295,2026-02-16 14:39:00
TXN_2202,WFHXEQ3F,50.49,13337,2026-02-08 03:35:00
TXN_2029,KMVCTRNK,84.13,42685,2026-04-03 08:24:00
TXN_3165,K130B231,50.96,37585,2026-03-13 10:39:00
TXN_4712,6EWIJ69V,61.75,44202,2026-03-02 18:55:00
TXN_2493,FECGIHDW,52.57,24795,2026-01-20 12:59:00
TXN_1263,9E3WCDJA,35.09,49923,2026-01-19 01:50:00
TXN_62,L4L8PYQ3,57.77,29936,2026-02-06 16:51:00
TXN_267,4RPW4GPW,41.18,25421,2026-01-02 17:41:00
TXN_BAD_7067,INVALID_VIN,50,20000,2026-04-10 10:00:00
TXN_585,KV6KD72T,28.01,40245,2026-02-04 15:08:00
TXN_3966,9V3CM7PG,56.11,42076,2026-03-07 02:18:00
TXN_4323,A7F9R3ON,29.75,41177,2026-04-06 03:37:00
TXN_1861,P2TV6KHL,74.48,29143,2026-02-15 12:38:00
TXN_4082,PKG282YG,27.66,21605,2026-01-01 20:24:00
TXN_3194,77X5VHLG,25.76,27769,2026-03-13 06:50:00
TXN_4906,6EI7PAHP,77.74,39664,2026-05-01 12:14:00
TXN_2996,DEN1BC5H,108.22,25521,2026-03-23 00:08:00
TXN_793,A4EUJANK,55.1,17794,2026-03-19 16:56:00
TXN_2290,PJCZVRGI,77.16,31842,2026-04-30 21:16:00
TXN_4090,96EOKH5R,72.94,15380,2026-04-20 09:50:00
TXN_3037,ZLA1VPXM,48.37,37957,2026-01-28 16:46:00
TXN_4277,2FXNTVLK,55.8,34112,2026-04-06 22:02:00
TXN_145,7YLT0GX1,21.31,44546,2026-01-18 23:01:00
TXN_1656,2I8G074X,92.36,15164,2026-03-01 02:54:00
TXN_3123,UJFJBOF0,12.41,23467,2026-04-26 04:34:00
TXN_4289,LZLGNK3V,77.07,26177,2026-03-18 17:19:00
TXN_414,4QMZIERN,63.89,26502,2026-03-18 11:38:00
TXN_4570,Z9EVUXB3,63.63,11000,2026-01-24 06:46:00
TXN_1638,FHE6UQNE,25.81,10998,2026-02-10 07:55:00
TXN_3107,XFXY8C8Q,44.37,13296,2026-01-16 18:46:00
TXN_841,JCYEX6PI,57.35,38087,2026-02-26 00:55:00
TXN_3975,8BYSK8M0,98.35,28231,2026-03-14 00:29:00
TXN_411,946J2YX8,101.76,16799,2026-03-30 06:30:00
TXN_692,Z6PQS6WZ,26.01,16481,2026-01-06 07:52:00
TXN_2075,1WBA47CH,85.78,18943,2026-04-01 03:25:00
TXN_803,WSMKG2WF,86.74,47572,2026-02-28 06:02:00
TXN_1327,RSIN5U2Q,62.21,19977,2026-04-17 11:11:00
TXN_3489,P65NJ8V3,54.33,13686,2026-01-09 20:04:00
TXN_3458,IHVEF4EQ,25.61,13037,2026-04-06 18:51:00
TXN_4541,SBH03R3L,30.43,26705,2026-02-12 23:46:00
TXN_4306,DCJ5ZEQU,20.0,40308,2026-02-22 17:23:00
TXN_2215,SBHEFX1D,18.55,40057,2026-01-24 09:03:00
TXN_3039,WJY5ERM0,33.3,41262,2026-01-10 10:07:00
TXN_1634,EDXDAL9D,99.02,42447,2026-03-22 15:46:00
TXN_659,OI3S1PME,85.62,26234,2026-02-14 05:52:00
TXN_4187,G3YTRX9H,35.37,39071,2026-01-14 07:25:00
TXN_4684,NWL07YKR,32.5,20691,2026-02-10 04:26:00
TXN_652,0R7Y08H1,74.99,50233,2026-01-24 03:01:00
TXN_4249,UOABFUFU,19.61,15886,2026-04-16 17:22:00
TXN_4005,QBV1YTCI,75.19,21929,2026-01-30 17:47:00
TXN_946,XM78G1LD,82.4,26187,2026-02-15 14:41:00
TXN_4585,06R7AVTR,27.57,37436,2026-05-01 12:48:00
TXN_3731,N9VFG4D7,16.28,23737,2026-03-09 01:41:00
TXN_372,9WRFMO06,56.82,21980,2026-01-03 22:44:00
TXN_2096,HO1OTA3F,60.03,24980,2026-01-01 23:21:00
TXN_2333,ZMQJKVC4,85.01,40366,2026-01-28 16:35:00
TXN_2247,21R1AJK9,94.25,49570,2026-01-13 10:24:00
TXN_1998,QZDWFCAR,72.14,31858,2026-05-01 07:10:00
TXN_3357,4BB7D4J7,95.19,43525,2026-04-11 20:14:00
TXN_2790,GFPXYD56,75.32,13554,2026-04-02 19:27:00
TXN_1390,Z1MHW3GU,,50123,2026-04-15 08:58:00
TXN_4947,N9CW0YRQ,82.88,26442,2026-03-17 07:15:00
TXN_729,DLOFNFGY,52.7,28933,2026-03-10 21:33:00
TXN_464,O56CDSFE,56.41,33646,2026-03-16 03:49:00
TXN_622,AXD7D7CP,99.47,16066,2026-02-01 02:08:00
TXN_1097,P7Z3PYOA,25.51,40793,2026-01-30 22:27:00
TXN_2726,CKZVAQAI,41.32,39114,2026-02-10 18:46:00
TXN_1297,W9T20D6F,53.11,49240,2026-02-07 01:57:00
TXN_3878,F1FJN8KA,34.78,38892,2026-03-24 09:08:00
TXN_2229,YQ34323T,38.84,24127,2026-03-08 11:13:00
TXN_1434,41BJ54T7,47.84,45342,2026-02-15 16:36:00
TXN_2616,0JRF9MWT,73.62,47205,2026-01-13 11:49:00
TXN_4412,0U7G1DJH,40.4,13710,2026-04-04 20:18:00
TXN_3366,OZN5PBOK,24.13,19820,2026-04-02 23:58:00
TXN_1192,2MEVQY2B,71.61,25583,2026-04-10 17:43:00
TXN_206,5HWGPEDA,67.53,37767,2026-04-19 08:10:00
TXN_1919,BP8OSFHW,54.8,22533,2026-04-25 16:44:00
TXN_3817,9AJ80DJ2,39.65,20181,2026-01-26 15:41:00
TXN_3676,VJWPMBJU,53.77,13362,2026-02-27 05:53:00
TXN_2816,8YGXZL9Y,25.66,10503,2026-04-04 07:15:00
TXN_3010,OM343ONQ,73.8,13213,2026-02-22 01:14:00
TXN_2194,7QJGVZYA,54.98,16375,2026-04-22 06:28:00
TXN_3153,V7T93M5E,46.23,28578,2026-03-01 01:30:00
TXN_172,UEODJYPC,69.76,36429,2026-02-16 05:36:00
TXN_1818,6WBDX7VX,0,33671,2026-02-04 14:09:00
TXN_2556,QP2FZM7I,104.31,46915,2026-02-15 20:02:00
TXN_1661,D6OPE99U,13.34,12206,2026-02-19 20:58:00
TXN_2387,CH1QOXXA,39.37,22596,2026-04-21 02:00:00
TXN_522,RECFJG7Z,65.52,27258,2026-03-07 18:26:00
TXN_1853,WIGTCN44,85.24,32072,2026-01-07 06:36:00
TXN_3114,CRFT24UX,57.3,33045,2026-03-07 13:44:00
TXN_3453,BK63N18J,47.84,10581,2026-04-04 21:14:00
TXN_3014,7THY5NVG,60.94,32497,2026-03-02 07:07:00
TXN_4553,ETV51HEP,52.47,40022,2026-04-28 18:09:00
TXN_3728,OXMSAAP6,23.63,34218,2026-01-18 20:49:00
TXN_2338,3RXMACJ8,54.81,21742,2026-01-29 14:00:00
TXN_4242,YRCW9LEA,72.5,49900,2026-03-21 22:09:00
TXN_2321,MZZZDLCH,60.76,29251,2026-01-04 21:51:00
TXN_4748,I8VPY8DD,,42138,2026-04-17 00:20:00
TXN_671,THC3OQYJ,89.61,39082,2026-03-20 22:36:00
TXN_1217,NMOW0AJ6,28.94,32261,2026-02-15 10:04:00
TXN_4283,O5A0P1KM,12.53,14119,2026-02-12 01:45:00
TXN_4191,O479F978,72.47,38484,2026-04-11 17:47:00
TXN_2222,QFC3DSIK,63.73,26835,2026-03-09 17:07:00
TXN_3267,H2URAA8I,63.28,11903,2026-02-14 01:02:00
TXN_3862,6H8JGORM,44.11,47307,2026-04-05 02:23:00
TXN_3585,M8VYCD4B,36.45,14280,2026-03-08 22:57:00
TXN_3286,037368PR,29.71,34067,2026-02-04 10:38:00
TXN_4405,Y5YZT90Q,94.71,25756,2026-04-10 23:22:00
TXN_2974,HOVKI9CI,27.95,37304,2026-03-06 16:20:00
TXN_1646,DDEFL6OZ,40.92,43551,2026-02-21 13:00:00
TXN_335,TNYCZ8SL,48.41,26280,2026-02-09 21:38:00
TXN_1308,DTK41NBF,22.68,20576,2026-02-04 03:32:00
TXN_2104,2S6RWCJG,55.9,29185,2026-02-14 05:27:00
TXN_2517,4WJ90HIN,20.69,24756,2026-02-02 23:55:00
TXN_1070,NS7W02L9,54.24,20104,2026-04-06 15:25:00
TXN_3321,YU3UMPCY,62.48,39838,2026-04-06 07:00:00
TXN_2944,QPQ8NCDN,89.84,40494,2026-03-04 03:47:00
TXN_3689,4FAHRI5S,37.15,39211,2026-04-04 10:54:00
TXN_1516,D983KCGO,38.84,43137,2026-01-25 07:59:00
TXN_4416,PNLYXVKE,39.81,27810,2026-04-05 21:33:00
TXN_4686,DXYIKQJP,29.41,11955,2026-02-04 09:07:00
TXN_4048,92143U8H,55.99,21709,2026-02-04 13:04:00
TXN_4613,UM7QNY8X,90.78,48678,2026-01-07 10:38:00
TXN_2238,5ZQHKTRJ,24.77,37474,2026-02-13 19:42:00
TXN_210,Y6QN8TG5,51.32,32535,2026-02-24 07:12:00
TXN_63,3Y4RVU9Q,23.45,12637,2026-01-19 13:43:00
TXN_1607,AXKHD9Z3,34.25,41169,2026-04-02 05:11:00
TXN_3396,6O8GZWCJ,50.81,39796,2026-02-12 20:55:00
TXN_4151,J4O7ESSY,25.35,15202,2026-01-22 04:41:00
TXN_3009,PGRTCRDS,72.2,22380,2026-02-25 18:53:00
TXN_4225,HMY4KZDZ,70.24,14855,2026-02-18 03:37:00
TXN_3866,A1FSQ6AY,55.0,23870,2026-04-29 00:57:00
TXN_3332,8QUNE0TS,29.84,13423,2026-04-10 08:53:00
TXN_2511,X4OLE6UY,68.86,41394,2026-04-25 18:06:00
TXN_2398,L3S8XMEN,97.67,31377,2026-01-18 14:18:00
TXN_576,TY2QBLXE,31.22,36182,2026-01-16 09:39:00
TXN_4190,N9XYIMJL,49.38,14340,2026-04-17 17:00:00
TXN_3351,BLRL6THL,97.45,21937,2026-03-30 06:37:00
TXN_4006,VQ7EJS9P,28.79,27569,2026-03-05 19:07:00
TXN_4860,RUN47VGL,78.27,35921,2026-03-11 10:54:00
TXN_1160,GL3MSDUI,39.88,13070,2026-04-17 22:59:00
TXN_4007,L0Z6KDMJ,20.24,45253,2026-01-19 19:00:00
TXN_4354,CXXYGS7T,54.98,12163,2026-04-07 22:47:00
TXN_2763,9NLOQVKE,75.9,18905,2026-04-17 01:10:00
TXN_2889,JKJ0KMZ2,86.09,44422,2026-02-04 08:21:00
TXN_1648,4QZS0VPA,27.95,33383,2026-04-27 18:01:00
TXN_3955,DF9YEFK0,82.35,40101,2026-03-11 23:43:00
TXN_738,AFP9A3K2,30.75,26481,2026-01-07 20:15:00
TXN_1341,NN886A5D,58.03,22051,2026-03-04 19:44:00
TXN_2710,4OCLFPNV,88.45,13454,2026-03-03 11:20:00
TXN_861,6HJZX58N,63.56,47076,2026-03-24 04:55:00
TXN_2856,IUB73XUA,96.02,12657,2026-02-13 10:26:00
TXN_2588,6ERCU72C,30.26,18041,2026-01-05 04:12:00
TXN_1352,EYWGHUNY,51.19,35339,2026-04-20 14:47:00
TXN_1027,NF4KDEIU,68.72,44949,2026-04-29 16:01:00
TXN_1258,P6KQ3AQE,83.28,39737,2026-04-11 08:47:00
TXN_3685,7BME2Q2L,21.4,21596,2026-03-17 13:03:00
TXN_3403,DPDC0TBU,46.02,40391,2026-04-26 22:52:00
TXN_3903,CU07GOJL,17.36,12991,2026-01-12 11:49:00
TXN_4666,ECFGIO8I,93.97,16493,2026-02-23 23:35:00
TXN_3587,KM6WE9HJ,49.2,47436,2026-03-03 00:48:00
TXN_2080,J1WGME0Z,15.46,41901,2026-01-22 02:26:00
TXN_788,I0KB7UKE,74.65,11108,2026-01-23 05:19:00
TXN_1306,KHYAQCEO,55.27,24753,2026-04-06 19:28:00
TXN_2165,KVIQ218E,86.76,20620,2026-04-07 13:12:00
TXN_3897,AAOHQ9B9,58.82,49692,2026-03-02 01:07:00
TXN_4444,XR58GVMK,68.3,38715,2026-02-17 08:47:00
TXN_3973,ADNFWQW6,28.52,31132,2026-01-04 17:36:00
TXN_4555,YLAWLWZ7,19.8,34046,2026-03-02 23:17:00
TXN_4950,OXOW3OUE,37.15,17829,2026-02-02 14:21:00
TXN_4318,EVV3P2N5,72.39,47118,2026-01-26 11:18:00
TXN_1618,RVBC5CKR,47.54,13595,2026-03-27 18:34:00
TXN_4977,M8SROCYW,39.4,49151,2026-02-04 07:22:00
TXN_4181,99WLGTW3,28.85,40616,2026-03-20 10:36:00
TXN_4174,KPOF8JBN,24.54,32449,2026-03-07 10:37:00
TXN_3052,F27LYG17,41.6,24777,2026-01-16 22:29:00
TXN_367,FP1IAG17,64.02,16054,2026-02-09 12:39:00
TXN_565,09ZSZZT7,28.39,31780,2026-02-17 22:01:00
TXN_3307,SQVWJ1OY,37.23,49166,2026-02-17 19:39:00
TXN_2255,JILU66GU,49.99,31766,2026-01-09 07:36:00
TXN_246,670BKCXG,66.41,48413,2026-03-26 17:48:00
TXN_304,S7PG8SHZ,44.09,33149,2026-03-02 03:42:00
TXN_3251,A2ECS5KF,54.4,40410,2026-01-25 07:40:00
TXN_3180,9AAGKKR2,31.07,16337,2026-05-01 16:43:00
TXN_968,23I60D7F,20.48,37196,2026-02-01 14:03:00
TXN_1450,IJFLQ0X6,70.44,49334,2026-01-15 12:49:00
TXN_4049,8DM7HE3C,62.36,30068,2026-03-13 16:48:00
TXN_4355,YTREN2ZD,38.76,17661,2026-03-16 03:15:00
TXN_2593,C5DPZFSV,72.51,44111,2026-03-24 23:20:00
TXN_3590,S37PAH3Y,72.55,34315,2026-03-23 23:34:00
TXN_2568,HJGSEEVW,47.45,46029,2026-01-05 21:18:00
TXN_2951,WAZLDZRV,84.5,41860,2026-01-22 20:25:00
TXN_825,FAYL92AR,91.56,36248,2026-04-14 03:49:00
TXN_4117,OBLSM1SA,30.41,21736,2026-02-09 01:09:00
TXN_2254,653ZY26P,49.91,39928,2026-01-20 00:37:00
TXN_4731,5YQSEH54,82.35,18185,2026-03-07 06:36:00
TXN_4936,1QUBL15A,94.43,22477,2026-04-01 18:07:00
TXN_125,E33PMTQ8,54.9,25008,2026-02-03 16:20:00
TXN_3868,1WUSQBCF,93.21,19739,2026-04-03 02:50:00
TXN_2010,E1876MUL,80.71,43404,2026-04-28 12:08:00
TXN_275,OH4TNKDN,25.91,13900,2026-04-21 00:31:00
TXN_4494,G2YTFMQG,66.46,27572,2026-01-12 23:34:00
TXN_4556,628RLT1T,15.69,27657,2026-02-24 08:27:00
TXN_4700,8PJCT8FR,71.74,25589,2026-04-19 07:36:00
TXN_1641,RGUQKT64,58.53,32741,2026-03-20 15:19:00
TXN_860,XUMUBRHG,27.86,22596,2026-02-12 02:56:00
TXN_395,DMDD84QE,60.52,17863,2026-01-31 04:54:00
TXN_2831,TKZPTM5K,75.08,16073,2026-02-16 08:18:00
TXN_233,4ZGJPQ3W,19.06,30834,2026-02-16 21:47:00
TXN_2741,HYQRR8L7,34.06,17869,2026-04-29 04:31:00
TXN_1699,0TZM6JU5,22.0,43873,2026-01-13 04:52:00
TXN_2395,UG977CCR,17.11,38818,2026-02-06 17:59:00
TXN_135,71UDVVYC,23.54,10759,2026-01-06 14:56:00
TXN_3141,FHAYXBHG,13.43,40365,2026-03-10 18:05:00
TXN_1776,76Z1J9XD,36.38,36463,2026-03-19 07:33:00
TXN_2652,LXZ4AMMS,69.59,49160,2026-03-16 10:37:00
TXN_2483,WG57QFZU,68.82,44568,2026-04-23 17:33:00
TXN_1372,9YCCQ4P8,47.73,17908,2026-04-07 06:40:00
TXN_3961,J6DSSOYV,43.51,29906,2026-02-28 04:46:00
TXN_668,HOETZNFF,41.48,32227,2026-04-16 01:04:00
TXN_408,AQ8G6IUV,53.04,29642,2026-01-06 22:32:00
TXN_2386,QQEJXPMW,51.66,19415,2026-02-17 00:53:00
TXN_260,G441KV4S,105.48,43544,2026-04-09 18:27:00
TXN_3515,LAH6P6J8,22.71,28184,2026-05-01 08:18:00
TXN_450,1NISGSBF,26.71,29903,2026-02-27 17:27:00
TXN_4996,1N2G1DVN,123.66,38432,2026-04-21 05:13:00
TXN_649,IPU0GXWA,23.29,23349,2026-02-10 07:03:00
TXN_2747,7N44OBDA,30.98,25316,2026-03-23 19:35:00
TXN_2011,9BR1OEWO,62.35,28585,2026-02-13 08:19:00
TXN_1888,G8HJSWAK,58.89,36285,2026-04-14 11:17:00
TXN_2340,SVEEZUYD,46.13,44013,2026-04-30 03:32:00
TXN_3260,LLU4120F,35.92,19555,2026-03-25 00:32:00
TXN_2455,R7C7KMCY,26.08,15886,2026-02-16 13:59:00
TXN_1731,MQT3JMGI,58.21,23039,2026-02-03 19:01:00
TXN_35,TWP38XGH,45.52,32515,2026-04-06 17:42:00
TXN_2268,JUPHN01Y,66.33,39855,2026-01-26 01:21:00
TXN_1913,IWJYHX5S,69.66,17532,2026-02-12 19:00:00
TXN_1506,7DFC1I9B,80.86,44299,2026-01-30 21:32:00
TXN_3013,E1J112HX,89.71,35155,2026-04-15 05:27:00
TXN_507,99F8L7CR,20.21,41700,2026-04-19 05:50:00
TXN_4849,SWKEJBKZ,48.88,34261,2026-02-15 14:08:00
TXN_354,4F36VCW0,23.93,48656,2026-02-23 03:52:00
TXN_643,JIDWO3G1,18.34,17092,2026-01-17 05:59:00
TXN_3748,JE9RMXMN,44.42,38033,2026-04-02 20:17:00
TXN_4825,6ZXU9Y5R,36.33,31571,2026-01-21 02:28:00
TXN_4601,4L1TQC9K,33.54,50125,2026-04-07 06:59:00
TXN_713,HZE8WCD9,94.83,16978,2026-03-17 05:58:00
TXN_4769,DUHHKIWR,18.07,44000,2026-03-28 08:03:00
TXN_855,DI1R7FMJ,43.9,22348,2026-01-29 06:15:00
TXN_2692,RJOUFZGC,97.84,40866,2026-01-25 20:45:00
TXN_1512,DCPD5W3C,23.33,32581,2026-01-16 18:43:00
TXN_3840,PEUW057Q,40.36,15194,2026-03-06 18:42:00
TXN_2794,WEMRRPHN,76.89,24039,2026-03-29 13:39:00
TXN_3808,LLGASGEC,47.8,26477,2026-01-28 05:33:00
TXN_2749,Y7K58TPQ,20.95,46843,2026-02-07 02:11:00
TXN_3766,YABDQP45,19.73,13710,2026-04-17 22:58:00
TXN_2789,D01S2X3R,63.09,33524,2026-01-03 10:25:00
TXN_2697,CEM5KOXJ,31.44,40429,2026-02-12 18:35:00
TXN_3372,XYUFC408,75.46,41779,2026-01-25 13:10:00
TXN_4239,4NMOHH2X,32.76,35407,2026-02-18 22:58:00
TXN_2569,E0ZFZ9AF,88.2,37817,2026-04-07 00:14:00
TXN_3954,PFUNQRA9,22.17,38856,2026-04-01 19:44:00
TXN_3076,ON1Y4BXR,23.36,11535,2026-05-01 07:57:00
TXN_1264,N1XZ7HX3,68.18,23042,2026-03-19 12:48:00
TXN_957,49DU3D3F,30.54,35947,2026-01-11 04:05:00
TXN_4222,AXIYSE6E,48.24,30528,2026-04-17 22:16:00
TXN_11,FAVVFOYS,34.22,31134,2026-01-24 13:03:00
TXN_2130,IE48JCHM,78.49,13070,2026-02-16 15:02:00
TXN_2402,AZ5709ZW,64.85,37632,2026-02-07 17:34:00
TXN_2519,KD007XI7,99.3,14634,2026-01-10 12:16:00
TXN_3166,Z4G05DUH,33.36,44942,2026-03-31 08:10:00
TXN_1344,KSB7WUA3,99.28,41861,2026-01-14 14:53:00
TXN_4145,9VGCKFX2,53.62,50246,2026-01-04 02:59:00
TXN_36,QFXYD2WT,13.53,20107,2026-01-16 20:43:00
TXN_2317,9J38AQAU,60.74,46563,2026-02-26 18:03:00
TXN_1517,TU2RO9YC,74.84,34826,2026-03-09 05:38:00
TXN_2362,IT5IZEWN,20.61,40368,2026-02-16 22:49:00
TXN_2004,J5HLHO5A,62.54,44773,2026-02-16 07:04:00
TXN_2160,HHK2SXFS,18.38,15965,2026-01-05 04:30:00
TXN_490,O41OQQSR,67.43,41296,2026-04-24 20:05:00
TXN_1582,UMH5UPJF,48.58,33693,2026-01-29 04:01:00
TXN_476,TZTUK8RS,14.46,31685,2026-02-06 22:46:00
TXN_2779,9K9QNG0A,41.11,36300,2026-03-29 05:28:00
TXN_1990,9AA6Y3ER,80.58,35076,2026-01-08 13:33:00
TXN_1399,YWDREGIN,37.61,26852,2026-02-01 11:51:00
TXN_1997,TAE43RO5,88.71,26487,2026-02-13 18:08:00
TXN_3300,MFKQIMI3,107.15,37185,2026-04-19 14:06:00
TXN_4324,OLY0PWQE,33.99,49922,2026-02-10 03:17:00
TXN_2498,EWM64RLD,80.45,39213,2026-02-17 01:33:00
TXN_4146,988Y4HJA,67.48,18589,2026-04-30 03:13:00
TXN_3774,CWQ1V1EB,38.48,14361,2026-04-16 14:58:00
TXN_2988,T8MJ4S6G,69.74,23288,2026-03-24 18:11:00
TXN_4396,TCFQGR5T,56.32,33639,2026-02-15 22:29:00
TXN_4015,F0DMNBBJ,56.98,33880,2026-04-04 04:13:00
TXN_806,JW891QWM,74.05,39428,2026-04-04 20:49:00
TXN_3872,U09GP6MZ,59.62,16723,2026-02-22 14:53:00
TXN_3511,Q1G4EUI6,46.13,17903,2026-01-15 05:02:00
TXN_4138,3JKKRFED,74.67,29446,2026-04-02 15:40:00
TXN_1536,119G0O9U,33.73,21725,2026-03-11 12:08:00
TXN_1985,1OKL09ZM,74.5,44933,2026-02-13 22:13:00
TXN_2208,Z58PIAG7,79.11,38302,2026-03-15 00:14:00
TXN_3102,MS8B7M3N,69.03,27523,2026-03-12 00:36:00
TXN_1909,JMK6NLMT,94.74,27323,2026-01-21 03:51:00
TXN_2855,6UTBWP17,73.74,19130,2026-01-13 16:46:00
TXN_828,QEIRF73V,41.05,29603,2026-02-20 23:25:00
TXN_530,PHRZM1GZ,43.07,32165,2026-04-24 23:31:00
TXN_213,JQ8E4DGZ,27.73,29209,2026-01-21 22:40:00
TXN_1342,PQ1UX0WT,52.64,20645,2026-03-29 14:17:00
TXN_2523,0OLIVW4R,53.86,21656,2026-03-20 02:34:00
TXN_4322,7L7BSZV6,23.06,13491,2026-01-04 02:40:00
TXN_885,48TH7PZ2,34.13,46932,2026-02-05 02:28:00
TXN_1873,3VY5TGZA,69.86,26945,2026-01-12 00:13:00
TXN_4091,IRMQHN5D,45.68,39740,2026-01-02 07:55:00
TXN_1324,85SRQLRW,40.33,41449,2026-01-18 13:15:00
TXN_4979,AM1L8R7N,68.71,40858,2026-01-28 10:20:00
TXN_1367,0YDIJEUG,24.37,20932,2026-04-07 01:33:00
TXN_3464,KE585VU2,68.37,40981,2026-02-18 12:41:00
TXN_3476,S1KBXV4S,62.71,45157,2026-03-31 11:43:00
TXN_3540,Q13MH98J,55.58,37221,2026-01-03 20:14:00
TXN_4699,SBLGULOY,72.05,47887,2026-01-29 13:23:00
TXN_2293,9KSJX18B,101.67,10901,2026-03-05 16:13:00
TXN_3737,K0HYLD16,20.57,22910,2026-01-04 14:57:00
TXN_3784,KUI6H978,16.77,32277,2026-01-02 06:03:00
TXN_BAD_1173,INVALID_VIN,50,20000,2026-04-10 10:00:00
TXN_1560,2SRBTOOH,71.81,22652,2026-03-28 14:40:00
TXN_1098,ANJG43B4,99.91,17904,2026-01-09 18:21:00
TXN_2891,2FE4WFHI,96.76,29520,2026-03-13 16:38:00
TXN_3921,SB0SKIX6,21.27,23415,2026-01-20 20:36:00
TXN_3657,S9AX7KMI,51.69,37239,2026-04-30 06:43:00
TXN_2349,XUW73GW0,77.88,17059,2026-04-09 08:52:00
TXN_705,HOO4SDH2,38.51,23847,2026-02-01 18:50:00
TXN_4044,1AP9AA6V,58.9,46394,2026-03-26 18:33:00
TXN_4018,162PS1B9,71.92,24145,2026-03-22 05:02:00
TXN_3559,ZETR1IZN,56.77,15835,2026-02-19 13:52:00
TXN_2983,JJKNS0OW,24.78,29821,2026-02-17 16:41:00
TXN_851,T7ZL3255,33.35,19618,2026-04-28 05:12:00
TXN_936,X80IUPWH,64.47,24300,2026-01-31 05:28:00
TXN_4216,7WZ6JZJC,38.53,24697,2026-04-21 22:52:00
TXN_1345,LM7N2R8N,23.35,28291,2026-02-03 23:30:00
TXN_1369,H4FBVS74,19.86,30892,2026-01-25 01:03:00
TXN_2680,KOSX8UTD,,44852,2026-02-05 21:59:00
TXN_2495,TGM8VVZJ,81.35,12609,2026-01-27 11:22:00
TXN_3513,0RVMJQSU,57.18,33894,2026-03-03 11:40:00
TXN_287,FZTT2ZWN,62.41,12259,2026-01-29 18:44:00
TXN_3641,R8RMMU2C,64.44,43810,2026-03-20 08:47:00
TXN_1789,63COP915,72.89,24909,2026-02-01 16:29:00
TXN_1862,NSFYLVF4,91.59,12915,2026-02-12 08:43:00
TXN_1015,KHPMYS2T,34.42,40582,2026-01-19 09:37:00
TXN_4464,FS69AY81,77.4,29054,2026-01-26 03:20:00
TXN_2802,2SYHF884,49.33,33738,2026-02-13 19:44:00
TXN_4159,GS8VWUPA,29.11,11659,2026-04-20 20:23:00
TXN_3225,3M18UTV9,39.11,33295,2026-03-17 00:29:00
TXN_4397,9SYH6EP7,40.81,24703,2026-02-12 14:22:00
TXN_1674,1BX9B6DC,21.96,30738,2026-03-23 08:04:00
TXN_2807,XF1XA7H5,64.69,30445,2026-01-14 00:27:00
TXN_1707,8RO9K2D6,23.58,22734,2026-01-11 08:34:00
TXN_4060,MNDDA0DV,20.72,32667,2026-01-10 09:32:00
TXN_847,6RF4JS2V,30.56,28330,2026-03-10 13:54:00
TXN_1655,PSQHQ9XP,52.48,34807,2026-01-20 15:20:00
TXN_484,WICYROOE,56.03,30507,2026-02-07 15:16:00
TXN_3002,UPY1FP0G,59.56,17046,2026-03-31 03:16:00
TXN_3512,R9EMK60I,48.55,29685,2026-01-02 01:43:00
TXN_3397,2ZZ290J8,57.97,12909,2026-04-19 22:17:00
TXN_973,AJ2NG4Z9,82.76,30892,2026-03-24 22:48:00
TXN_4308,0IQ34ECL,23.82,46255,2026-02-14 09:46:00
TXN_2425,R439SUDD,18.56,33590,2026-02-24 00:09:00
TXN_4851,JWJOQ4L5,72.56,44298,2026-04-18 03:21:00
TXN_4252,AN2ZB4FG,77.05,50068,2026-04-30 05:41:00
TXN_3111,GORYZMNE,52.1,12025,2026-03-09 16:48:00
TXN_1326,4PLGY67W,21.54,20721,2026-03-12 08:23:00
TXN_47,78LCHOP8,55.21,10638,2026-04-02 22:22:00
TXN_3509,R5EY1NX5,28.84,43412,2026-02-09 12:48:00
TXN_3981,0VFXXUVN,49.25,32051,2026-04-27 14:35:00
TXN_348,WZBFWIIK,59.59,21470,2026-01-13 02:06:00
TXN_4198,8OTEZZUV,27.27,42617,2026-01-09 18:22:00
TXN_1854,SDVSC6HQ,75.82,42686,2026-03-04 08:36:00
TXN_2234,4NU6B1LX,42.66,17432,2026-02-16 06:55:00
TXN_1828,PX2PV96J,18.85,21849,2026-03-19 06:57:00
TXN_1839,ANMSI1N7,51.16,15643,2026-02-14 03:48:00
TXN_3901,NX1T5ORU,25.05,11579,2026-02-07 01:18:00
TXN_3723,2WUWZUFX,15.7,30250,2026-02-28 07:06:00
TXN_245,YSEAX8FY,45.68,41759,2026-04-30 08:02:00
TXN_3239,QYLS3FUC,90.75,47880,2026-04-05 02:31:00
TXN_4466,0UPI3CPH,53.15,40870,2026-03-31 01:07:00
TXN_650,8C1PCOAX,52.52,45614,2026-04-23 11:32:00
TXN_196,YPEUYQXX,27.52,37749,2026-01-12 06:56:00
TXN_1771,DNNTVIC4,102.95,37684,2026-05-01 15:49:00
TXN_4400,Y600WNXT,70.85,24498,2026-01-01 00:20:00
TXN_1718,90HZVWLR,38.03,36924,2026-02-06 05:25:00
TXN_1651,WU352SL8,96.66,29473,2026-03-04 21:49:00
TXN_4751,6D17VY2I,72.19,21595,2026-02-25 02:28:00
TXN_1103,EN28N41L,87.02,21966,2026-03-04 04:28:00
TXN_3325,YK64DP7Z,25.79,32289,2026-01-18 19:31:00
TXN_2287,IG8MNC3O,84.33,49519,2026-04-16 01:01:00
TXN_2619,5PGKTZTA,26.29,28555,2026-02-10 03:04:00
TXN_1262,T4PW2JGZ,45.3,36654,2026-02-08 11:31:00
TXN_3452,K132O6FE,19.36,15196,2026-03-11 05:50:00
TXN_180,0KY975GU,80.32,21353,2026-04-23 01:01:00
TXN_4643,WXL03JVE,89.63,38298,2026-01-01 00:42:00
TXN_1360,3I56ZHDE,21.23,32273,2026-03-05 15:26:00
TXN_4679,M0YYZR6E,47.79,30000,2026-03-18 18:57:00
TXN_4705,2QOBYJOZ,67.16,43279,2026-02-25 14:06:00
TXN_2394,D88SO6LS,102.17,26915,2026-03-12 13:41:00
TXN_4677,LPCC4BQ4,73.0,48828,2026-03-16 02:23:00
TXN_1132,NV01WWHX,78.37,40449,2026-01-29 16:28:00
TXN_3714,I0EM2JHJ,49.06,33345,2026-04-09 14:17:00
TXN_3952,CPX5KUKF,49.18,39906,2026-01-30 05:29:00
TXN_313,EKR49VOL,78.37,29689,2026-04-18 08:18:00
TXN_3855,NPVUZZW5,84.63,43138,2026-02-01 19:19:00
TXN_950,ZSSHQDMV,49.06,47655,2026-03-17 14:01:00
TXN_72,AM4NHSJ8,22.21,11909,2026-01-07 10:26:00
TXN_50,TFCGNC2I,21.45,45658,2026-03-15 03:25:00
TXN_1198,AG10N3DD,35.04,38242,2026-02-17 07:47:00
TXN_4630,HEK9ED0P,74.26,47597,2026-02-14 15:57:00
TXN_805,R2B69464,37.36,39371,2026-04-03 07:39:00
TXN_4918,S704LY3Y,38.05,49353,2026-01-29 07:25:00
TXN_4304,7NF7HASH,71.62,24752,2026-01-25 04:08:00
TXN_2475,8NN5NGLM,67.54,40004,2026-01-10 16:14:00
TXN_4773,ST2YO5VF,69.78,49428,2026-01-02 00:23:00
TXN_1101,ZUZFWUER,50.52,38253,2026-01-03 03:29:00
TXN_572,O3NMRBRF,64.79,38994,2026-02-16 03:36:00
TXN_969,JMHO0R3X,47.46,22816,2026-02-22 04:30:00
TXN_2027,3XJVX9PI,37.19,49800,2026-04-09 19:39:00
TXN_2309,PZCXD6OK,68.06,49928,2026-04-03 17:49:00
TXN_383,VUBGOXJE,78.2,12318,2026-02-02 14:01:00
TXN_898,U3QJ6YEJ,29.24,40282,2026-01-29 13:19:00
TXN_2211,IQ1QRT92,78.24,32775,2026-04-07 06:41:00
TXN_4200,M1KYTVX2,60.24,18667,2026-02-09 15:37:00
TXN_3942,RZI5CJGV,64.75,40423,2026-01-10 11:35:00
TXN_1407,3MXJJ47U,100.5,39196,2026-02-17 09:46:00
TXN_1223,39WOHX8L,89.91,25686,2026-04-16 17:38:00
TXN_2952,6IHXCWW7,56.69,44397,2026-04-01 12:01:00
TXN_4568,PO1Z8S33,34.84,39072,2026-01-12 14:58:00
TXN_4685,VAE22UJS,50.7,18132,2026-04-09 20:23:00
TXN_4188,WSO3SEVH,42.05,27454,2026-04-18 00:08:00
TXN_1806,QSHNNOUF,40.97,15501,2026-01-23 13:22:00
TXN_4478,AJQ9YQRJ,34.73,49014,2026-03-06 20:26:00
TXN_3801,SWOQ5ECR,75.63,26598,2026-04-18 19:26:00
TXN_2312,RTNRBERE,37.69,30123,2026-04-05 00:07:00
TXN_789,27U1Y2NB,32.19,49506,2026-04-26 03:16:00
TXN_3520,GC5N5DDH,34.2,39538,2026-03-19 09:35:00
TXN_4272,BDESWUEE,77.91,44248,2026-03-23 19:02:00
TXN_2600,GGE9PAU7,84.95,28856,2026-03-29 06:48:00
TXN_2814,OC0BS0N0,23.49,28436,2026-01-21 12:28:00
TXN_4213,WPIZB1QC,63.7,46272,2026-01-29 08:46:00
TXN_211,TDH2GME4,60.39,39687,2026-03-04 13:18:00
TXN_1060,JBNAIAWI,79.85,19064,2026-04-13 19:51:00
TXN_780,LK2ULRAY,56.61,44406,2026-02-25 16:21:00
TXN_3783,LSK9YL8O,80.16,14317,2026-02-22 01:29:00
TXN_1815,RTR3ETUO,65.98,31533,2026-04-18 12:06:00
TXN_3093,F1IUQNB1,72.81,15511,2026-04-20 01:20:00
TXN_219,D76VYT9K,57.71,42069,2026-02-23 16:10:00
TXN_1721,ZFNDASBU,43.19,45471,2026-03-30 22:25:00
TXN_3858,8RESEP49,79.01,14490,2026-02-01 23:49:00
TXN_3692,61P9SUW6,69.88,31403,2026-01-23 13:40:00
TXN_2472,97X9YMUL,37.56,24283,2026-01-11 16:39:00
TXN_453,LCRBFYGJ,39.53,18596,2026-03-19 14:29:00
TXN_1124,IXN02VA1,65.64,45737,2026-01-23 12:20:00
TXN_229,ZKTIGHO3,43.18,24363,2026-03-07 11:27:00
TXN_4316,6M1RGK3G,37.64,14343,2026-01-07 04:34:00
TXN_3421,OS9W5B4H,75.96,29204,2026-01-29 07:36:00
TXN_804,G8UO3IYT,36.53,37155,2026-03-12 18:24:00
TXN_766,X8GAPXEM,60.38,23126,2026-01-05 21:29:00
TXN_1959,CPNG7QTL,45.24,39574,2026-03-14 18:21:00
TXN_3543,1HP0EW77,41.92,17074,2026-04-27 12:29:00
TXN_469,LDYSP4C3,52.57,44965,2026-01-07 22:56:00
TXN_2370,O3IWJBS5,51.78,28105,2026-03-29 06:07:00
TXN_4127,3GVMGJEB,49.06,12957,2026-05-01 20:13:00
TXN_903,94XHZKXA,38.1,13589,2026-02-20 05:31:00
TXN_2133,4SRJG8FX,29.17,31643,2026-03-15 21:09:00
TXN_566,RZET9RWJ,33.95,16402,2026-03-24 05:09:00
TXN_4291,AO0CHF7T,29.39,43333,2026-01-15 03:47:00
TXN_1193,HWNNBR1H,102.86,35925,2026-03-12 03:06:00
TXN_3674,HKXHEAXE,31.49,39534,2026-03-26 00:06:00
TXN_992,HY8EV9VN,53.16,13938,2026-03-18 01:19:00
TXN_3530,XPAD67VB,47.93,20099,2026-01-19 02:09:00
TXN_495,DJ7O38AA,41.2,38017,2026-03-01 00:32:00
TXN_3051,VRIXCZR0,89.41,32498,2026-01-17 23:19:00
TXN_1301,ZZ8CCQX9,38.11,47394,2026-01-12 20:26:00
TXN_1740,CJLAC33U,49.87,42443,2026-02-09 20:46:00
TXN_2228,JTVEY94Y,36.65,14388,2026-03-29 01:58:00
TXN_3369,MAW7R2XZ,67.75,32243,2026-01-05 04:05:00
TXN_1212,NAKLPOZQ,26.52,43462,2026-02-24 21:00:00
TXN_1983,9DECESKX,52.3,19286,2026-03-17 03:31:00
TXN_4119,AFG63GB8,70.13,18942,2026-04-24 14:09:00
TXN_3775,O800T3L1,63.22,46268,2026-01-09 01:51:00
TXN_4012,K5AX7LGM,87.81,37374,2026-02-27 13:39:00
TXN_4704,981NS0MO,25.59,37409,2026-03-02 09:29:00
TXN_3324,32GAODVW,85.06,34377,2026-01-01 16:30:00
TXN_2329,B9ZIF6Q2,51.34,40931,2026-02-12 18:37:00
TXN_4267,F4DIF3GH,77.77,35176,2026-04-29 09:49:00
TXN_48,Y4CF17VT,90.22,40760,2026-02-01 10:19:00
TXN_2965,39BJ56E2,91.13,44947,2026-02-08 05:52:00
TXN_2876,GMZJ4UKX,38.26,42705,2026-04-23 07:35:00
TXN_2288,DGYT6S55,71.53,14579,2026-04-13 05:01:00
TXN_2074,1KE4EMIF,67.4,10891,2026-03-01 18:03:00
TXN_2950,BEI9E9NX,58.96,20789,2026-02-21 12:47:00
TXN_4032,Q4ALGPE3,58.98,38490,2026-04-29 10:42:00
TXN_989,HYPY16C5,64.7,35584,2026-03-23 00:06:00
TXN_1911,RP8QWX8J,73.18,12768,2026-04-05 12:14:00
TXN_1708,IT3PVZUB,56.27,40274,2026-01-17 06:16:00
TXN_2327,RCIC253S,34.81,31887,2026-01-24 13:58:00
TXN_37,75G0K6LS,68.24,47685,2026-03-14 03:12:00
TXN_4616,7G7DX375,14.41,24999,2026-02-15 06:26:00
TXN_1851,1ZCG3XNB,36.83,35902,2026-02-17 07:42:00
TXN_3012,YB6Q62KO,59.72,49512,2026-02-26 06:38:00
TXN_1161,R2PGQ0CT,88.16,42740,2026-04-06 09:17:00
TXN_1335,CVXI8ZQZ,25.7,45531,2026-02-18 12:10:00
TXN_2001,KP74236U,26.36,38046,2026-04-13 05:32:00
TXN_187,Y3TOQXO6,56.58,17245,2026-03-02 21:01:00
TXN_2818,5RN2F3TW,47.88,27608,2026-04-05 14:05:00
TXN_4050,7HOBT1FP,93.18,23194,2026-01-17 20:47:00
TXN_1216,UWAUD5DM,26.48,26991,2026-01-01 18:56:00
TXN_3229,RGEHV32D,111.29,39993,2026-03-01 19:27:00
TXN_3198,P5ODUILT,98.31,30076,2026-04-24 21:19:00
TXN_1969,A7DYC3DU,56.07,20750,2026-04-09 04:25:00
TXN_1140,YUK0BSOT,74.71,30469,2026-04-29 16:56:00
TXN_1543,Z6DFPMHR,28.93,16784,2026-01-30 17:10:00
TXN_2873,XPI9KL8F,64.13,37532,2026-01-27 01:58:00
TXN_3277,H92Z7WXZ,65.14,31899,2026-03-20 14:59:00
TXN_1075,MK29OS5G,-10,27768,2026-01-08 10:53:00
TXN_4878,D64MHTHK,54.68,49934,2026-03-25 00:44:00
TXN_3195,5X1NS5QL,42.79,24098,2026-04-09 18:40:00
TXN_4228,JI27SPXT,59.07,37325,2026-04-15 21:27:00
TXN_3310,LHHLYI1P,24.06,44302,2026-02-25 07:04:00
TXN_3979,CR0JZHZI,35.58,27767,2026-04-26 19:56:00
TXN_381,AFE12PR7,74.71,42772,2026-03-04 21:08:00
TXN_1391,USOVFI12,53.51,41345,2026-04-14 18:01:00
TXN_676,YKAR3POQ,63.55,12249,2026-04-23 11:00:00
TXN_1126,KWJ87CRO,95.98,11282,2026-01-04 12:33:00
TXN_2039,PB09M3RW,24.23,39247,2026-03-25 06:28:00
TXN_3413,KMRGJJMA,60.45,46290,2026-01-23 13:42:00
TXN_3139,1IUJZA1K,48.59,19341,2026-02-28 17:23:00
TXN_1548,10053V8J,57.38,50130,2026-04-05 13:14:00
TXN_1175,R0LDBJKZ,86.8,43043,2026-01-01 01:16:00
TXN_2474,H020V65E,39.74,33557,2026-04-12 17:16:00
TXN_1857,HMXK3F5T,64.51,43356,2026-02-08 20:07:00
TXN_1521,VM4NTIE4,55.4,11632,2026-04-13 17:15:00
TXN_2033,JM6XAV20,53.31,27578,2026-03-02 09:41:00
TXN_718,EMZZZ730,38.21,15471,2026-02-25 01:07:00
TXN_1229,AP6IYTTT,54.79,38556,2026-03-29 12:50:00
TXN_4609,4KZW05DM,54.21,21438,2026-02-16 20:51:00
TXN_73,W38IAFBL,33.73,12976,2026-04-16 20:39:00
TXN_1896,XNJPOMFF,30.39,11403,2026-02-27 23:47:00
TXN_4022,P68R3DZO,24.96,34035,2026-01-22 03:55:00
TXN_3426,9MGPFR5V,92.62,39506,2026-01-13 22:56:00
TXN_4427,6E3PYLS1,48.29,47443,2026-03-15 11:41:00
TXN_325,OKE7QM5Y,43.12,28631,2026-02-25 21:35:00
TXN_4694,U955R748,53.2,19954,2026-02-15 09:40:00
TXN_1373,R09K6QPZ,60.26,48203,2026-02-18 13:33:00
TXN_179,LKP3C7CY,83.36,22038,2026-01-21 18:39:00
TXN_4036,WDJMIYHR,47.19,30925,2026-01-02 13:47:00
TXN_470,H76FJ5ZF,18.6,18043,2026-04-10 14:55:00
TXN_2659,ADYIORP1,17.51,17972,2026-04-01 06:06:00
TXN_4101,J4RBBMHT,29.89,30871,2026-01-20 13:54:00
TXN_43,Z4ZVQ5NX,43.37,21101,2026-05-01 21:33:00
TXN_4377,F96HCYRI,14.87,18044,2026-03-18 02:50:00
TXN_4139,M5Q3ZZJ5,48.04,28583,2026-02-26 21:54:00
TXN_4361,71GYPMWC,49.92,48303,2026-04-04 02:33:00
TXN_4703,GR7QSXKJ,59.39,18290,2026-04-16 21:12:00
TXN_4065,ET5Q749X,81.98,19156,2026-04-28 21:22:00
TXN_3696,GBQE05KH,95.22,27963,2026-04-10 18:02:00
TXN_634,EQX0NIJ7,44.76,36784,2026-03-01 01:53:00
TXN_2682,S8Z74CKG,37.02,13701,2026-03-19 16:26:00
TXN_1970,AV229RWE,99.45,11448,2026-04-13 08:21:00
TXN_3931,79O7WISK,56.52,25147,2026-03-25 19:16:00
TXN_4867,O021TVNN,71.74,14111,2026-04-17 04:01:00
TXN_2743,MJKWM0WP,61.35,17087,2026-01-30 16:19:00
TXN_660,CQ5849KD,38.52,22464,2026-03-28 21:56:00
TXN_4835,AK41NYAH,32.94,17554,2026-05-01 16:28:00
TXN_3138,S9M65ZKT,83.41,12116,2026-03-01 14:43:00
TXN_1850,Q1MJXGSS,38.43,46604,2026-01-12 18:08:00
TXN_3419,H3JUFK3I,68.13,26204,2026-03-06 17:52:00
TXN_3606,Z0L8DMZQ,68.76,40697,2026-04-06 15:37:00
TXN_3064,3VJEZJCZ,39.75,40950,2026-04-25 21:00:00
TXN_259,511XBFLC,82.19,15277,2026-01-08 23:09:00
TXN_2884,08YZPPSC,19.18,45212,2026-01-30 10:16:00
TXN_3870,NX1T5ORU,77.82,11436,2026-03-05 17:02:00
TXN_4399,XRE6DQRS,22.63,43284,2026-02-08 01:58:00
TXN_3612,ER49SZU6,70.55,26454,2026-04-16 09:57:00
TXN_962,928URV7E,86.23,27017,2026-02-09 15:47:00
TXN_3860,ZBUVLTGY,89.41,39809,2026-02-24 01:59:00
TXN_3289,7ZOO89KV,24.59,12734,2026-04-28 14:54:00
TXN_4392,BZ5EBF74,60.82,21709,2026-04-14 20:12:00
TXN_4072,NS6TX072,25.83,32638,2026-03-22 05:21:00
TXN_2885,AV4CU2NR,96.2,25254,2026-03-11 17:43:00
TXN_2456,15B2DJG1,106.62,14362,2026-01-03 22:33:00
TXN_2882,N398UFA4,87.12,32822,2026-01-17 00:03:00
TXN_2136,UFYLWE9J,41.39,39721,2026-02-22 04:20:00
TXN_2352,3J7697X6,75.7,11277,2026-01-30 01:17:00
TXN_440,JMZPSU8U,35.31,34001,2026-01-24 19:47:00
TXN_2706,9WS3LXQ9,15.57,35671,2026-04-13 16:58:00
TXN_712,8W9JKU5K,56.69,11376,2026-04-20 12:34:00
TXN_617,3PZZ7CP2,25.65,47633,2026-03-02 09:40:00
TXN_3726,0AVRCY9X,55.95,14784,2026-02-08 02:19:00
TXN_4258,B38PXUZD,35.43,23498,2026-01-01 19:13:00
TXN_BAD_3548,INVALID_VIN,50,20000,2026-04-10 10:00:00
TXN_2596,1FPGEYC1,74.32,19163,2026-01-08 17:37:00
TXN_1280,A6ZKKYCD,59.2,11508,2026-05-01 20:11:00
TXN_4149,O2CA8BV3,61.39,21237,2026-03-20 06:04:00
TXN_4748,I8VPY8DD,24.51,42138,2026-04-17 00:20:00
TXN_1562,U153TV9Y,39.6,24607,2026-01-31 13:39:00
TXN_3145,3SJONQ44,83.88,41073,2026-01-05 13:32:00
TXN_204,123WP18O,39.99,11575,2026-03-12 07:23:00
TXN_1838,AQZSW7P0,89.68,18822,2026-04-11 12:36:00
TXN_778,YI98MH36,53.97,19526,2026-02-13 07:09:00
TXN_2975,12BNLMZM,31.58,48519,2026-02-12 22:15:00
TXN_639,F29S85MO,23.07,17978,2026-01-10 14:22:00
TXN_3146,G3GRRGQT,36.69,44693,2026-02-24 17:09:00
TXN_702,FRTBB0MN,70.21,35250,2026-02-19 09:14:00
TXN_1056,8AD6ZJ18,13.58,18042,2026-03-10 16:57:00
TXN_1332,ZE4S8I4R,56.8,43465,2026-04-08 11:51:00
TXN_730,XCIJ3CTN,80.15,31222,2026-01-29 11:08:00
TXN_363,FFMRNIY2,32.84,16046,2026-04-22 17:22:00
TXN_2527,PLR3JZBW,34.68,28228,2026-04-11 13:02:00
TXN_4678,H74QVX3J,52.61,33929,2026-04-02 18:27:00
TXN_3843,S1WSMS31,84.58,19201,2026-01-18 05:05:00
TXN_2108,5C9BVSVF,29.2,17563,2026-01-15 19:54:00
TXN_152,LQOVNXS1,41.7,32337,2026-02-28 00:40:00
TXN_1196,QWZY9WKX,106.59,46449,2026-02-14 04:56:00
TXN_3806,37YCMEYD,77.36,12315,2026-03-02 21:44:00
TXN_2668,DSMQN3CZ,24.56,43887,2026-04-02 22:42:00
TXN_2501,U654GEGP,113.73,49945,2026-02-19 12:45:00
TXN_1871,VHB4E2ML,27.69,34965,2026-01-08 08:03:00
TXN_521,WECCNPKV,48.91,30253,2026-01-20 08:12:00
TXN_1902,52SMNEQI,28.76,43924,2026-04-25 19:07:00
TXN_2520,J9ZGJK4N,68.8,43666,2026-02-27 11:33:00
TXN_3028,FML2ENTA,67.38,48177,2026-01-22 04:54:00
TXN_2594,Q1G8R4RC,21.23,33536,2026-02-05 17:59:00
TXN_2243,M6T1KCM5,58.67,24838,2026-03-04 09:44:00
TXN_2191,7J32P7G4,44.03,50008,2026-03-20 13:04:00
TXN_567,F1DPMZKF,68.25,48168,2026-03-18 04:52:00
TXN_3244,JB1OQHSG,57.8,40582,2026-04-28 08:04:00
TXN_4834,VLFZSOU1,80.0,35600,2026-02-05 02:51:00
TXN_3112,FAQVX67A,67.71,38922,2026-02-24 22:23:00
TXN_3023,L9D7KBCH,17.66,49661,2026-02-14 13:45:00
TXN_1365,9Z608PEO,26.37,49871,2026-04-23 12:52:00
TXN_4388,CXZ3HGVA,36.33,19459,2026-04-16 03:06:00
TXN_347,YFWOOMLN,37.3,20288,2026-01-22 03:57:00
TXN_1102,IOES8ZWC,106.18,12750,2026-03-11 07:37:00
TXN_3295,QN6GKGP2,36.18,34756,2026-03-07 05:38:00
TXN_2198,VQP1TS0O,86.01,26130,2026-03-01 11:04:00
TXN_56,WHXIO129,127.06,12588,2026-03-20 02:02:00
TXN_4858,3ANEHN6B,30.71,30137,2026-01-05 10:23:00
TXN_2642,LQBGKFWD,68.41,30603,2026-04-26 06:33:00
TXN_410,NEL8LPKI,74.84,40437,2026-02-14 10:38:00
TXN_3442,8LOUB87G,70.11,23724,2026-04-29 15:37:00
TXN_4460,KXR6E99S,34.11,29037,2026-01-16 08:27:00
TXN_1756,Z38WWNBG,61.52,21386,2026-04-30 10:58:00
TXN_3988,0PJFSVFZ,70.36,19544,2026-01-07 21:52:00
TXN_792,F2FHR2F2,52.87,14490,2026-01-26 23:03:00
TXN_4439,13LUI17N,46.09,43841,2026-01-04 20:26:00
TXN_200,IAE7MYJO,60.6,11323,2026-05-01 09:46:00
TXN_3662,93Z4PURA,102.02,27837,2026-04-10 15:17:00
TXN_3449,WY7YYQUZ,26.85,17140,2026-01-13 08:17:00
TXN_4809,ZG5ZRT16,47.9,20450,2026-01-31 07:25:00
TXN_763,DRHW6TL1,60.48,42461,2026-03-27 21:41:00
TXN_393,XBRT8NLD,79.13,26911,2026-05-01 22:01:00
TXN_4697,344TB7KY,42.42,32228,2026-03-05 06:28:00
TXN_4594,QCHK8PJJ,73.45,23217,2026-01-12 22:51:00
TXN_1337,125LDWQ2,53.12,21603,2026-02-16 05:07:00
TXN_2452,ES1FFXLU,47.91,40498,2026-02-28 07:11:00
TXN_592,ER8CDA47,46.11,36111,2026-04-01 19:29:00
TXN_1700,YGKU5RTO,23.76,23226,2026-03-23 14:18:00
TXN_4757,RJNOAI2Q,19.55,17356,2026-04-25 14:20:00
TXN_4223,8RNFY44N,38.78,46602,2026-01-04 14:51:00
TXN_278,ZPFAGSJ5,46.96,23681,2026-02-10 00:32:00
TXN_4650,DMFSS5F5,78.85,25981,2026-03-02 06:30:00
TXN_4876,AAIYQKZB,42.56,32103,2026-01-08 08:37:00
TXN_95,H87BNCTE,74.42,22238,2026-04-23 06:08:00
TXN_876,492B6URB,53.33,25205,2026-03-16 13:12:00
TXN_4921,MS7QLVYY,33.38,27495,2026-04-01 17:37:00
TXN_2770,R8QGBM7A,69.5,28953,2026-02-04 23:34:00
TXN_4078,U9GMSZ2P,42.79,27055,2026-02-01 20:22:00
TXN_1547,BUXMQ9XE,100.25,31194,2026-01-26 17:53:00
TXN_2166,1KOVR22S,42.09,28103,2026-02-21 21:03:00
TXN_2132,INN5PKIV,42.54,45798,2026-02-13 09:19:00
TXN_286,C8O61GL3,84.5,16461,2026-02-15 14:43:00
TXN_2018,NNLDPK08,22.49,36770,2026-05-01 15:25:00
TXN_4219,30UQZEVR,82.81,45454,2026-03-26 12:31:00
TXN_2277,XU6V6V2V,25.36,29755,2026-02-25 06:39:00
TXN_2448,4UIDH32K,41.28,22165,2026-04-04 23:28:00
TXN_374,3ORTEBL9,73.45,13984,2026-02-19 15:01:00
TXN_4364,CA8JLM74,52.3,26971,2026-01-26 19:23:00
TXN_2050,NPC33ENB,54.69,24131,2026-01-09 13:25:00
TXN_1219,55MQW2QV,52.99,38549,2026-03-12 01:38:00
TXN_4321,4L0SLU6B,54.42,34242,2026-04-19 12:21:00
TXN_1574,862X3JKW,19.11,42816,2026-03-14 00:26:00
TXN_3474,C3WTVOKZ,48.32,42228,2026-02-09 00:14:00
TXN_2480,PNFCQQBR,85.66,16408,2026-01-14 19:44:00
TXN_3007,60RQOD7X,66.51,32383,2026-01-22 11:00:00
TXN_357,UJ7LGFNG,70.39,30042,2026-04-04 11:34:00
TXN_2728,9XND6QGB,60.67,25085,2026-04-14 07:49:00
TXN_2756,CE0PGQLF,77.21,22220,2026-04-02 12:32:00
TXN_900,I4KQKZHP,62.3,25928,2026-03-30 14:43:00
TXN_3457,D1RYR5ON,38.83,39498,2026-04-14 23:49:00
TXN_746,0KFM3YOB,90.79,11055,2026-03-24 04:38:00
TXN_854,RWZX4SS7,61.45,38748,2026-02-23 19:20:00
TXN_316,WCZ558TG,62.69,44288,2026-04-16 04:12:00
TXN_3649,8657H3U2,88.38,13585,2026-04-10 03:03:00
TXN_427,HXYTLNTK,27.47,28730,2026-02-17 22:29:00
TXN_1469,5ACSPOE2,93.69,25829,2026-03-06 03:30:00
TXN_3445,6SGCVIGF,36.12,26057,2026-03-20 01:46:00
TXN_2256,7I4YAQ71,23.56,12417,2026-01-10 09:24:00
TXN_1059,35GR3YUG,57.86,20759,2026-04-13 00:03:00
TXN_4403,AW9SILME,86.4,43684,2026-03-12 07:33:00
TXN_4843,O9XW68YH,50.47,23420,2026-01-28 18:41:00
TXN_4485,E74AF7V9,21.87,41282,2026-03-26 08:51:00
TXN_1119,CFDOLLYO,47.73,30676,2026-03-08 17:27:00
TXN_109,PB9COLRX,71.61,16881,2026-03-17 21:33:00
TXN_4737,73N1GE1G,88.62,18886,2026-01-17 05:29:00
TXN_4343,UH12RA5Z,21.95,38338,2026-02-14 10:55:00
TXN_1569,UW9CPMGL,63.88,27235,2026-03-05 05:05:00
TXN_3362,ZX0UQ3I0,20.95,45003,2026-01-12 21:45:00
TXN_1617,DRLVEB5D,68.74,23779,2026-04-27 10:36:00
TXN_2294,NQTD5JJR,30.58,17700,2026-02-16 00:39:00
TXN_387,X78Q9JUG,59.12,26068,2026-02-04 16:39:00
TXN_4546,TJE0GHX2,33.61,48415,2026-01-23 17:55:00
TXN_4549,YQWVFMPP,38.32,29263,2026-03-05 10:44:00
TXN_4214,KU2S6ZBT,103.78,44126,2026-03-07 08:53:00
TXN_28,HE4ENLX3,40.53,49266,2026-03-14 01:36:00
TXN_1842,3TGWOKM5,45.99,34389,2026-01-28 19:35:00
TXN_184,L7JGWASG,50.69,48717,2026-03-15 11:58:00
TXN_4154,ZIF0QK9M,31.9,32677,2026-02-23 20:45:00
TXN_3619,WFBTTL4G,71.1,16261,2026-01-29 07:19:00
TXN_4474,AM4K3BLG,34.86,19925,2026-04-04 01:21:00
TXN_3628,BZ6NRNU8,75.19,35206,2026-03-13 20:47:00
TXN_4989,K48E3CII,36.75,23354,2026-03-13 02:55:00
TXN_4369,8V7W5E8F,82.87,19233,2026-03-11 09:39:00
TXN_1802,KK23PWJD,84.99,42399,2026-02-11 14:17:00
TXN_541,D9M2M36K,39.25,15509,2026-02-11 09:20:00
TXN_1135,JIRRVUQU,52.04,25216,2026-01-27 14:12:00
TXN_3827,2ZEK73GR,40.62,22907,2026-04-13 17:16:00
TXN_4649,4NC1O20L,31.57,42706,2026-01-13 19:26:00
TXN_385,NO4EKPU4,20.43,27194,2026-01-10 04:08:00
TXN_4855,CE2HMWCD,23.31,50107,2026-04-05 02:43:00
TXN_1693,LZ6Y05XJ,93.74,25316,2026-03-17 21:28:00
TXN_826,3IEXGBK0,64.7,48557,2026-03-23 06:59:00
TXN_4560,TLCYNBYV,67.82,44167,2026-03-20 07:28:00
TXN_665,DK5E526E,59.45,47809,2026-04-08 21:12:00
TXN_4905,BDX9WD39,83.45,15166,2026-03-15 14:10:00
TXN_4670,I3VHECO5,26.42,48931,2026-03-10 05:13:00
TXN_2584,QWZ4YDVK,21.69,35682,2026-01-11 14:13:00
TXN_1007,77YDRKFU,55.48,34114,2026-01-14 05:45:00
TXN_2209,7RECKV8I,63.69,37955,2026-03-12 11:45:00
TXN_3570,WDLVC361,21.57,19492,2026-01-25 21:10:00
TXN_836,Y8Y2VVYK,64.46,16699,2026-03-15 16:02:00
TXN_1241,WDVRQ33C,60.76,14036,2026-01-06 22:10:00
TXN_3151,7V4OPHDP,52.47,13928,2026-01-05 22:10:00
TXN_122,F09YNKPK,53.79,36618,2026-01-30 03:45:00
TXN_4299,LP246W0L,71.09,23311,2026-04-22 19:12:00
TXN_3483,ACXJGYN0,25.37,16414,2026-04-13 12:21:00
TXN_290,G6IIVX4T,69.74,31572,2026-03-06 02:54:00
TXN_4383,KW3KYMH8,71.34,46144,2026-01-17 11:49:00
TXN_822,ALVLO1RC,31.97,29525,2026-02-23 17:54:00
TXN_4186,YP9IJ0US,78.24,33882,2026-01-16 12:04:00
TXN_3694,MFYVDBRB,45.5,38251,2026-01-21 03:57:00
TXN_2465,CF3QWSPR,80.97,12594,2026-02-21 10:57:00
TXN_14,XTGI1KVL,42.07,16246,2026-01-14 14:20:00
TXN_2401,2RKO9LSN,21.7,27448,2026-03-13 13:37:00
TXN_2667,8NIJD7GD,75.38,31466,2026-02-25 02:02:00
TXN_3835,NSHH8JQ2,62.76,44506,2026-02-01 18:08:00
TXN_4863,LHFHY1JB,24.24,22317,2026-02-06 21:57:00
TXN_1595,X3RX2JBI,42.83,49549,2026-02-24 10:21:00
TXN_667,IWQ031QW,95.77,22036,2026-04-21 14:17:00
TXN_1400,AS1YADGH,18.47,22711,2026-03-18 04:24:00
TXN_3638,6X4F2WEA,36.86,31600,2026-01-08 03:12:00
TXN_1908,16PHXX3Q,43.24,44559,2026-02-09 14:36:00
TXN_4682,24XJYLNU,18.56,11438,2026-01-12 18:26:00
TXN_98,OSNJIUZF,99.21,21168,2026-01-03 17:13:00
TXN_3688,JGY18ALD,96.17,24340,2026-04-27 04:25:00
TXN_4481,TRLWE992,94.51,43749,2026-04-25 14:00:00
TXN_322,WMTYTHJT,35.06,43160,2026-04-21 07:47:00
TXN_4253,7VUO0W7H,26.81,23125,2026-01-11 04:37:00
TXN_2282,V4H2ONCG,31.61,19966,2026-01-10 20:48:00
TXN_4033,DSWW6UVD,90.35,15455,2026-03-19 00:19:00
TXN_1358,0GIHOERH,105.88,45432,2026-03-12 14:46:00
TXN_228,CCNACJ7E,41.52,13472,2026-04-28 15:49:00
TXN_3248,9RFIM7XP,32.47,15900,2026-04-04 20:52:00
TXN_332,YNCBWMXN,90.69,12364,2026-02-18 22:05:00
TXN_3148,CHHJ6UA5,91.97,50285,2026-03-06 20:28:00
TXN_2175,0I084ZD2,79.26,31439,2026-05-01 20:37:00
TXN_960,Q4JTCUTP,48.47,32982,2026-03-04 09:45:00
TXN_192,7SSG3JCJ,29.58,39295,2026-01-25 21:12:00
TXN_136,I4JAXTZR,78.81,23663,2026-03-15 06:31:00
TXN_1107,S1WSMS31,73.61,18723,2026-03-14 06:31:00
TXN_2091,6NHDS7WN,41.31,25158,2026-03-29 04:34:00
TXN_1153,B617NS8K,74.79,19550,2026-04-23 00:26:00
TXN_1065,4AZFBLXZ,70.98,48107,2026-01-08 05:54:00
TXN_2738,4CYUDGJK,77.79,21901,2026-03-10 13:06:00
TXN_1062,OJTNCY3V,21.31,45565,2026-01-19 21:32:00
TXN_4810,8U72E7X7,49.44,13630,2026-04-29 08:24:00
TXN_3271,709EBQ9N,50.39,27206,2026-02-14 10:38:00
TXN_2150,U34AD9XP,58.61,25770,2026-01-02 01:04:00
TXN_520,UQQLICRN,26.86,38834,2026-04-29 12:00:00
TXN_2559,AU01P4HT,24.77,20577,2026-01-18 18:23:00
TXN_1855,ALB9A0B6,26.07,25538,2026-02-24 01:23:00
TXN_2920,MN3E7YJI,20.8,49391,2026-04-20 18:36:00
TXN_3214,PP73KAOV,43.11,24269,2026-03-12 01:18:00
TXN_4351,0IEVHWX9,39.99,42404,2026-01-27 04:29:00
TXN_BAD_6110,INVALID_VIN,50,20000,2026-04-10 10:00:00
TXN_3690,AELSRTOU,92.65,19690,2026-02-14 07:57:00
TXN_1747,2D6SELXK,46.71,24471,2026-04-05 11:32:00
TXN_3544,AWZROND1,74.82,44513,2026-02-09 00:31:00
TXN_3334,8J52OZ6U,18.71,25486,2026-03-14 22:58:00
TXN_2691,FLL9KNJQ,21.1,15260,2026-03-21 08:33:00
TXN_2845,5AQLM31U,72.76,40577,2026-01-19 17:00:00
TXN_1164,6EA6UD2S,51.02,11045,2026-03-25 00:39:00
TXN_13,UKNSCN07,42.67,42922,2026-04-22 22:20:00
TXN_2536,S9E3C9YG,37.75,29805,2026-02-08 15:06:00
TXN_4709,HLG6W603,53.32,23589,2026-01-11 12:30:00
TXN_604,NSNVODKN,34.16,35874,2026-01-28 22:47:00
TXN_3149,28OX0YJI,74.0,43840,2026-01-19 06:44:00
TXN_2605,SV6U5ZU2,48.91,25593,2026-04-11 11:59:00
TXN_3081,YWGPGW8L,109.05,17241,2026-02-20 07:04:00
TXN_657,HNKLVJ33,125.75,48825,2026-01-09 17:55:00
TXN_3201,LMSM7KEF,28.06,32874,2026-03-26 20:06:00
TXN_3480,ENQMGQEG,52.94,12189,2026-01-21 01:00:00
TXN_2893,1ZQ7F1UP,96.91,48005,2026-04-12 00:20:00
TXN_3945,T10NAIGE,66.84,16818,2026-03-10 08:30:00
TXN_3368,R0DC51UT,24.33,35566,2026-02-23 16:58:00
TXN_4775,A1UGWYYE,80.33,50343,2026-03-07 00:48:00
TXN_492,A85CNQ6J,79.14,38402,2026-01-26 12:46:00
TXN_104,Q97SXTDO,31.6,31665,2026-03-04 03:05:00
TXN_3130,SQTFRTMZ,28.27,16329,2026-04-30 09:25:00
TXN_2806,1UOSNZEV,52.29,39354,2026-03-05 11:28:00
TXN_15,7S7DZFGD,78.86,10559,2026-03-05 11:45:00
TXN_126,015YF1OQ,108.2,15872,2026-02-11 10:51:00
TXN_146,XDFY92ZK,28.93,42401,2026-03-15 00:17:00
TXN_3293,XVW7UP1Z,62.03,39130,2026-03-30 09:44:00
TXN_589,U4E8R2ZQ,15.06,13247,2026-04-26 04:58:00
TXN_1591,I3GCFYF5,19.6,17472,2026-01-18 13:06:00
TXN_3525,SFV8WZJG,47.03,31298,2026-01-31 12:43:00
TXN_2967,NXGJURVI,81.16,23247,2026-04-09 04:05:00
TXN_4004,QAF7C8PJ,58.86,17819,2026-03-10 06:26:00
TXN_4991,DAI32E51,40.66,21796,2026-03-03 22:40:00
TXN_1836,M96YQESO,81.81,17527,2026-01-26 08:33:00
TXN_3356,8G94S9SE,51.35,21663,2026-03-05 18:19:00
TXN_2068,8OH4BEWK,93.15,12038,2026-03-04 15:46:00
TXN_923,V5A1P0PS,48.77,36210,2026-03-07 21:58:00
TXN_3382,CCD3FC3S,110.83,42531,2026-02-11 17:10:00
TXN_2006,2U60ZUJK,18.36,16357,2026-04-18 00:56:00
TXN_3217,ZCC2LQX9,68.13,15311,2026-03-24 15:54:00
TXN_1232,H044RXPR,25.46,25215,2026-04-10 17:08:00
TXN_3497,AU8SSEGG,35.73,18720,2026-04-04 20:50:00
TXN_2056,0I9HYV62,49.35,41308,2026-01-28 13:21:00
TXN_2748,U55WEIYS,28.74,42144,2026-01-01 13:33:00
TXN_4729,X58AMQJ9,78.53,34330,2026-01-04 20:25:00
TXN_156,K2NEHJX1,57.69,44947,2026-02-09 21:17:00
TXN_574,F13WIW6I,83.1,36964,2026-04-04 15:10:00
TXN_2609,ONQEXKNY,62.89,25166,2026-02-02 08:58:00
TXN_2251,0G1SQ32G,63.66,29431,2026-04-23 01:32:00
TXN_356,NQ1B3827,40.82,49419,2026-01-02 05:12:00
TXN_3881,G5AG3R9I,18.57,17359,2026-01-23 17:40:00
TXN_2503,T1W5KRNW,59.08,24937,2026-04-10 04:07:00
TXN_1650,HBN94H9B,25.3,48218,2026-01-03 06:37:00
TXN_1770,SHY6JHAR,56.18,12596,2026-01-21 04:52:00
TXN_663,FTZCQK52,39.86,39406,2026-04-28 10:45:00
TXN_4839,CZEUI79H,54.92,21048,2026-02-12 04:22:00
TXN_4334,4411WFD8,63.49,30247,2026-01-11 10:35:00
TXN_4739,RVML9D4A,27.21,43803,2026-01-20 20:45:00
TXN_573,I44ZUSKH,28.8,16519,2026-04-23 19:57:00
TXN_2881,AID0Q2G4,97.77,14819,2026-01-20 20:38:00
TXN_2821,00TXSF7K,21.92,17212,2026-04-11 12:33:00
TXN_4817,W4PFVL4T,15.79,16756,2026-04-28 04:24:00
TXN_2819,WJTHEYPB,34.31,31142,2026-02-26 19:34:00
TXN_4711,FW4VJ4JL,64.67,36777,2026-03-06 05:40:00
TXN_868,95PI8ZNW,61.53,18779,2026-01-23 09:02:00
TXN_2555,D2CCSR26,30.39,11496,2026-04-04 03:54:00
TXN_1490,RSEOH92B,29.31,27281,2026-04-13 14:30:00
TXN_637,SOIS8LAG,97.21,12203,2026-03-02 09:38:00
TXN_1357,Z35MOP5L,24.25,33675,2026-03-24 03:00:00
TXN_1304,3E553GPA,33.84,40414,2026-01-24 11:41:00
TXN_2567,K0JOFLAF,61.53,13439,2026-01-30 09:02:00
TXN_3742,NTGHAYN2,47.01,39271,2026-02-16 20:31:00
TXN_4031,8SC1WGK1,47.14,19952,2026-04-16 01:03:00
TXN_3666,OVUPZEU6,62.81,34111,2026-04-04 07:31:00
TXN_3203,S3OUAFCE,29.13,13911,2026-03-09 19:41:00
TXN_4661,V4BFJVZB,26.05,26469,2026-04-27 22:13:00
TXN_4357,SO6XVVSS,81.67,26368,2026-04-06 00:26:00
TXN_1058,A51FXLZD,20.01,16782,2026-04-03 13:15:00
TXN_323,772MNQNQ,59.14,35778,2026-04-27 05:50:00
TXN_2777,J4D70D3Y,48.81,38607,2026-03-09 05:58:00
TXN_3199,HP08JKFD,41.57,19921,2026-01-11 13:30:00
TXN_1988,I6XXT8NK,55.4,21862,2026-01-21 11:57:00
TXN_571,35HKMGXF,31.4,31590,2026-03-10 19:08:00
TXN_695,A6W0W046,52.01,12711,2026-01-10 16:42:00
TXN_302,PWU4YUKU,88.77,17530,2026-04-26 22:43:00
TXN_4515,M7EMA2RP,25.29,16315,2026-04-22 07:14:00
TXN_1754,Z6ECKZ4T,47.4,17955,2026-01-01 00:53:00
TXN_2576,WK638DGT,51.41,19595,2026-03-25 14:57:00
TXN_4713,QU8GYP6U,50.26,41924,2026-01-22 22:48:00
TXN_513,QQUGVD6E,35.35,49631,2026-01-11 09:51:00
TXN_670,QBHKUJQW,33.84,15785,2026-01-04 16:51:00
TXN_1008,8094XA1P,102.27,41730,2026-04-07 21:01:00
TXN_BAD_6773,INVALID_VIN,50,20000,2026-04-10 10:00:00
TXN_1554,WJYQUH64,,20563,2026-01-11 09:18:00
TXN_3221,IL60DXO9,34.27,36226,2026-01-09 21:35:00
TXN_1038,NAGUPOYN,45.2,38045,2026-04-23 02:39:00
TXN_1463,5KN53H0I,24.92,23373,2026-03-03 11:45:00
TXN_1206,9BOZUK6J,54.01,20883,2026-02-02 05:29:00
TXN_2504,3XFUZ79Z,46.48,38939,2026-04-22 07:35:00
TXN_4346,75KA0LJS,79.31,35682,2026-04-10 07:06:00
TXN_2653,2RLTD6VW,-10,25227,2026-02-14 17:33:00
TXN_824,GGZL2VFR,25.23,38480,2026-01-04 08:57:00
TXN_2813,YQSJ7FDR,36.58,40939,2026-02-25 12:52:00
TXN_1823,DNMP8H2L,85.93,16623,2026-01-28 22:49:00
TXN_403,TPCX7L5K,49.17,34123,2026-02-21 17:47:00
TXN_4638,NUC34FVA,51.52,15415,2026-02-22 09:58:00
TXN_3092,K4ZWCPCI,60.52,36224,2026-02-03 11:25:00
TXN_4136,FV6HG19O,29.27,15061,2026-04-22 03:36:00
TXN_4495,ABGDRO32,87.79,37587,2026-01-10 00:12:00
TXN_4098,TGQ3ZWHX,44.96,37073,2026-03-29 06:21:00
TXN_155,3TPLGOVE,113.11,32557,2026-02-11 07:35:00
TXN_2632,6JJ6JH2S,46.26,26792,2026-01-09 08:06:00
TXN_3371,O25WNCBF,19.38,48720,2026-03-12 00:03:00
TXN_1139,BDLC2GPO,45.42,47341,2026-04-14 02:49:00
TXN_2820,KDP5DAW7,23.18,36667,2026-03-23 10:45:00
TXN_3268,G1VLKPW9,60.85,39165,2026-03-05 23:47:00
TXN_1901,0LBNKI9P,66.67,12735,2026-01-07 02:18:00
TXN_1496,O8O1S0K3,28.64,23187,2026-03-05 22:34:00
TXN_3171,42YOJYRI,63.14,23049,2026-02-24 01:42:00
TXN_655,SM34F3ET,43.55,22927,2026-03-15 15:55:00
TXN_2782,4N30I9FW,28.72,26872,2026-04-06 23:23:00
TXN_4701,25P1RMEE,90.11,20666,2026-04-27 10:25:00
TXN_3971,3GRWG574,77.28,40473,2026-02-21 12:30:00
TXN_4021,IDQBNHHH,73.38,21219,2026-02-11 13:38:00
TXN_1961,7RL8GZRF,58.16,15554,2026-03-24 07:27:00
TXN_3710,XN89I06C,32.74,46160,2026-01-29 08:27:00
TXN_3886,RQECFE9M,27.83,32508,2026-02-13 22:56:00
TXN_4056,JWN352G1,54.23,38901,2026-04-30 14:12:00
TXN_4847,GLW6R8OP,63.91,44859,2026-04-03 07:02:00
TXN_4122,8A6ZYBSG,78.11,15146,2026-01-25 13:34:00
TXN_61,OGAZXEOU,63.86,32226,2026-04-17 14:17:00
TXN_1538,ZWNT1PYX,24.91,25257,2026-04-07 17:15:00
TXN_3116,CFWA07CX,23.04,41180,2026-03-20 15:27:00
TXN_BAD_9271,INVALID_VIN,50,20000,2026-04-10 10:00:00
TXN_4148,TQG628JU,82.75,21185,2026-04-04 02:54:00
TXN_4840,CIYLBOTU,52.22,43520,2026-04-11 20:44:00
TXN_2957,Q6DI5ZEG,25.5,30962,2026-02-17 06:33:00
TXN_10,4KCVNNBZ,61.78,50203,2026-01-13 04:31:00
TXN_4502,UBY62CJ4,38.0,25174,2026-04-12 19:45:00
TXN_4311,E54HCI9A,54.02,14057,2026-04-26 00:02:00
TXN_3247,R08M9HUG,59.41,46908,2026-01-29 09:11:00
TXN_1530,20M7ZNE1,37.25,18136,2026-01-22 17:46:00
TXN_3374,KC7SZZC1,49.81,25658,2026-04-16 21:13:00
TXN_1412,P32Y1MLQ,22.56,10960,2026-04-28 17:39:00
TXN_3017,JM84VJ43,38.83,46727,2026-02-10 14:23:00
TXN_4133,DMGJ4P8N,48.94,44838,2026-02-15 13:57:00
TXN_2093,PZVRLEOY,21.22,30617,2026-02-07 11:45:00
TXN_3772,TWXOH0S7,78.43,36771,2026-01-13 09:00:00
TXN_986,QWMHMRV9,60.88,16631,2026-04-12 02:23:00
TXN_2839,60YG42OC,105.54,16776,2026-03-08 19:09:00
TXN_2063,HEI34SCE,72.46,42158,2026-01-05 07:17:00
TXN_307,28O3C03J,64.16,11868,2026-01-07 09:55:00
TXN_1675,ZT302CSN,33.58,35855,2026-03-10 03:35:00
TXN_4522,LCHCIN6S,37.86,44951,2026-02-18 03:07:00
TXN_3089,0EMLTNZB,59.08,20180,2026-04-11 18:26:00
TXN_613,Q2DEMN4K,89.18,23949,2026-03-01 19:24:00
TXN_1729,IRMXTQXG,39.87,39910,2026-03-01 01:19:00
TXN_2137,80CN3781,40.54,18803,2026-03-06 12:51:00
TXN_4167,TQ3IH9BR,69.9,41443,2026-04-28 11:30:00
TXN_2700,7MOF2PZH,51.61,36698,2026-03-05 02:45:00
TXN_487,3UPG9R29,43.81,15021,2026-02-19 09:32:00
TXN_3584,DNM0X0Y8,16.5,42043,2026-03-25 08:34:00
TXN_2673,VJP7NRG5,28.72,27940,2026-04-30 20:22:00
TXN_2971,E4IDKSH3,58.79,50302,2026-01-26 18:27:00
TXN_2375,EDSCNRQK,75.24,48743,2026-02-18 04:25:00
TXN_1226,PRBTGJKN,58.51,31107,2026-02-01 12:12:00
TXN_2156,XERZX7HW,29.67,25447,2026-04-23 01:00:00
TXN_328,MQWK5KEM,39.65,44696,2026-02-09 16:08:00
TXN_2281,GZRR80CR,94.07,42043,2026-04-16 19:10:00
TXN_3882,X9QEJVBC,110.51,10513,2026-04-10 03:38:00
TXN_3924,FR5IH901,80.91,37682,2026-02-07 18:42:00
TXN_1904,OQTP0G0X,32.19,34506,2026-04-25 15:56:00
TXN_910,K88K2ZJU,48.72,15045,2026-02-14 00:16:00
TXN_2966,PL1N9JWH,78.09,39805,2026-03-20 22:51:00
TXN_952,OCTPSK5B,48.62,11955,2026-02-19 20:00:00
TXN_220,CJ9DCY9Q,80.73,44684,2026-02-14 01:45:00
TXN_4897,WFZN7JLM,37.73,12059,2026-04-12 19:10:00
TXN_895,PJX8RDL7,53.18,20004,2026-02-07 15:06:00
TXN_1604,8EPXORCZ,62.14,38563,2026-02-24 06:09:00
TXN_2671,TPE0EW3K,28.1,30949,2026-02-04 05:00:00
TXN_1600,P8NKUQLX,26.45,34176,2026-01-19 09:47:00
TXN_4424,9PVOAFMN,60.27,38181,2026-02-07 05:05:00
TXN_4435,M8L976HJ,55.41,25879,2026-01-06 19:36:00
TXN_4765,TTW6CRJV,35.77,30112,2026-02-09 06:31:00
TXN_2715,CY893UDB,63.85,34934,2026-01-14 03:43:00
TXN_4530,6K1RBKD2,39.99,21737,2026-02-09 11:41:00
TXN_4900,VEGG060A,38.51,13379,2026-02-27 08:13:00
TXN_4898,46O0AP3R,61.1,39744,2026-03-12 10:59:00
TXN_749,2ZWITOZO,60.46,12681,2026-01-26 20:27:00
TXN_2225,A10TZ7VQ,43.71,18145,2026-03-11 18:44:00
TXN_1415,3AJQ42AU,31.21,42013,2026-03-03 16:59:00
TXN_2767,B2AGMUPL,48.33,33025,2026-01-17 07:35:00
TXN_4093,5E8W5EMV,28.45,31889,2026-03-13 17:07:00
TXN_440,JMZPSU8U,35.31,34001,2026-01-24 19:47:00
TXN_1460,UFVB448B,59.85,39730,2026-02-15 13:18:00
TXN_1127,WGQCFLL9,22.73,30330,2026-03-13 09:04:00
TXN_1311,XYFL5GR1,69.66,48613,2026-01-31 18:22:00
TXN_3209,1876C2BQ,33.82,17174,2026-03-02 15:09:00
TXN_4873,GB1S7O4N,40.01,14586,2026-01-06 05:48:00
TXN_129,HM3LS98U,32.66,22688,2026-04-03 08:33:00
TXN_1438,PNRCGWBB,67.42,35899,2026-01-04 09:35:00
TXN_4622,0I67IZH2,51.68,10629,2026-01-13 09:01:00
TXN_2571,1HH72VWV,25.41,41697,2026-01-18 02:10:00
TXN_3440,PL4QHOU4,53.36,42709,2026-04-17 13:48:00
TXN_3390,RWZLFSWH,32.28,38974,2026-01-27 21:01:00
TXN_4315,XZ1S17H0,88.55,14602,2026-03-12 00:52:00
TXN_4692,JTVAEEC6,47.73,49947,2026-03-01 21:45:00
TXN_2784,JXGWJI24,83.98,44058,2026-01-23 12:42:00
TXN_4750,7IBR5TWA,41.6,17982,2026-01-17 16:38:00
TXN_1338,PVSZ0OYD,75.36,12155,2026-04-01 13:36:00
TXN_199,WDZZUJP7,41.16,40806,2026-02-02 07:14:00
TXN_3227,QATCMLZ2,83.87,14992,2026-01-23 05:43:00
TXN_1664,SZVDDYQ2,75.22,18630,2026-04-20 00:14:00
TXN_2170,ZY7TUAAL,81.68,42151,2026-02-15 05:38:00
TXN_2844,45S9RDP2,29.51,11789,2026-03-05 19:34:00
TXN_2982,3APF1QN9,63.26,41397,2026-04-19 07:12:00
TXN_2482,5E4WUVY2,57.65,36593,2026-01-31 16:03:00
TXN_4309,TZE5BJ12,114.14,19148,2026-02-27 12:20:00
TXN_1440,Z7ZN7Z9C,29.08,18187,2026-04-21 08:38:00
TXN_2675,WDLVC361,86.47,19391,2026-01-29 15:55:00
TXN_2694,9BBM52P6,20.65,35101,2026-04-19 03:40:00
TXN_286,C8O61GL3,84.5,16684,2026-02-15 14:43:00
TXN_4418,K0A76LMG,33.33,26786,2026-01-23 16:09:00
TXN_1957,FBXV76I9,75.66,34628,2026-03-12 11:55:00
TXN_4197,TW9Z9BFU,52.58,41171,2026-04-25 08:58:00
TXN_1462,F0JFCMIY,47.05,37735,2026-04-17 18:34:00
TXN_1002,URKIVKBC,35.93,44339,2026-03-16 00:30:00
TXN_2835,1NRED32S,96.35,16664,2026-04-13 11:07:00
TXN_1869,AFLTE2CZ,88.3,12342,2026-04-16 21:00:00
TXN_1005,LV5KXW1W,100.65,29392,2026-01-10 00:52:00
TXN_3259,J651TE15,31.39,25963,2026-03-28 22:09:00
TXN_3091,ZZ03805Y,72.96,18961,2026-01-25 00:42:00
TXN_3758,2VWSEZPV,36.89,41152,2026-02-08 03:19:00
TXN_1000,1OF4Y6HP,37.66,16940,2026-04-26 05:13:00
TXN_3620,06F6SV45,26.77,28762,2026-04-08 14:28:00
TXN_1847,GR6HRW5M,22.06,18495,2026-03-03 06:46:00
TXN_4892,55HRZGQX,24.59,49985,2026-04-29 15:02:00
TXN_BAD_3072,INVALID_VIN,50,20000,2026-04-10 10:00:00
TXN_4131,KBNK306V,74.58,21485,2026-02-03 20:18:00
TXN_2275,CYSNX05L,27.62,41406,2026-01-25 17:14:00
TXN_4593,CSMAFFA7,72.9,34770,2026-01-06 07:21:00
TXN_402,4G7QM85R,94.12,47921,2026-04-24 09:42:00
TXN_654,9HQXRIZX,48.1,14541,2026-01-01 00:01:00
TXN_4417,3HP6H1EM,13.27,23856,2026-01-08 14:03:00
TXN_312,LTW7OXE5,,23148,2026-02-22 10:32:00
TXN_1501,6DTJMWHM,76.56,39753,2026-02-04 19:36:00
TXN_467,YV4K76BB,30.38,36662,2026-01-17 22:37:00
TXN_2590,CBLHE4JP,84.06,29423,2026-01-28 23:27:00
TXN_225,A57SD0L5,70.14,23255,2026-02-11 12:01:00
TXN_1066,GGVGM8DN,36.24,28437,2026-03-05 19:11:00
TXN_2679,2E1MG19Q,78.07,31100,2026-03-31 21:34:00
TXN_1074,2UJ9309L,44.04,36871,2026-02-13 23:53:00
TXN_4916,4MZ73EHI,21.35,40971,2026-01-01 01:40:00
TXN_382,KX5B9PO3,60.57,46149,2026-04-15 04:47:00
TXN_12,KE5U95I3,22.38,39744,2026-01-23 12:12:00
TXN_3722,EJY893O1,21.9,47260,2026-03-13 15:49:00
TXN_3992,1GHAMNFX,19.67,20717,2026-03-25 19:04:00
TXN_4794,KLX6TH7P,57.66,49914,2026-02-05 00:29:00
TXN_1800,TMEUJPOV,71.44,39634,2026-01-31 09:35:00
TXN_2286,GPWTS79Z,51.48,42654,2026-02-25 05:45:00
TXN_1034,O7MM3CJ4,31.64,49856,2026-02-06 14:35:00
TXN_1577,IEZ6EBDQ,54.54,34286,2026-04-04 19:02:00
TXN_3404,3WNZJZPN,99.68,34916,2026-04-18 11:07:00
TXN_2127,A8W31EKG,82.49,42658,2026-03-19 06:32:00
TXN_3462,YNADCVGI,20.93,14499,2026-01-21 17:57:00
TXN_2595,QUIRPT0J,73.04,10784,2026-03-31 15:20:00
TXN_2060,YX6XM14N,64.95,33598,2026-02-20 12:35:00
TXN_2318,U3CLAVXM,55.18,16593,2026-04-25 17:28:00
TXN_2041,C43YSXBV,74.22,36512,2026-04-08 07:16:00
TXN_3642,NPFKSLSM,18.12,45785,2026-02-08 04:00:00
TXN_1947,WSMEUD73,18.04,20634,2026-02-27 16:57:00
TXN_2382,9FI6V125,19.51,33405,2026-03-23 09:09:00
TXN_1419,FJZGF7MV,55.48,27890,2026-02-23 10:51:00
TXN_3927,1DXHO3VP,80.71,19184,2026-04-19 01:32:00
TXN_3062,DSVN8T8U,108.97,15654,2026-04-11 22:03:00
TXN_230,U0MYHMU7,73.67,27481,2026-04-26 20:29:00
TXN_3380,C5YVVZIJ,52.64,39644,2026-04-08 13:54:00
TXN_1762,DLUG03KW,32.6,29375,2026-03-11 18:05:00
TXN_4922,2A5RXNYE,21.52,16651,2026-04-25 00:54:00
TXN_1974,9NRVOIUN,63.18,43042,2026-04-01 00:36:00
TXN_3398,F8U2GR2F,29.71,20882,2026-03-08 01:14:00
TXN_4949,0G0RQAC2,58.15,20588,2026-04-07 13:26:00
TXN_538,RU6RMJTW,56.69,37217,2026-02-02 16:07:00
TXN_4760,LK5U24YH,79.48,50031,2026-04-23 02:25:00
TXN_78,ODC33QEA,18.3,27447,2026-02-21 08:58:00
TXN_293,96WGYPW7,86.96,15460,2026-03-12 09:21:00
TXN_1657,YOQ34483,40.8,30247,2026-04-12 08:22:00
TXN_551,8PP38EU4,50.99,13735,2026-04-16 12:32:00
TXN_707,IHSCSC0L,44.06,40452,2026-01-25 11:56:00
TXN_49,7LT4EBEB,74.52,20663,2026-03-15 23:13:00
TXN_4562,J528RINW,22.3,13374,2026-01-30 07:50:00
TXN_3741,F5Q3G25X,27.64,34649,2026-01-17 17:37:00
TXN_4544,F0HON5U4,109.68,30088,2026-03-17 18:15:00
TXN_1007,77YDRKFU,-10,34114,2026-01-14 05:45:00
TXN_4457,BLETGMF1,48.6,31182,2026-01-20 11:09:00
TXN_3837,H8AR55UN,46.58,36429,2026-04-19 01:26:00
TXN_2005,I9E4XM29,104.08,41203,2026-01-05 21:05:00
TXN_3890,Y7JUBNBR,26.5,19198,2026-01-26 16:55:00
TXN_4233,OW1I8SFN,25.62,30160,2026-02-14 23:48:00
TXN_2551,QDSHWTHX,22.55,16387,2026-04-11 08:28:00
TXN_1259,6H5EWDH5,67.0,35647,2026-03-31 08:20:00
TXN_218,4YF3V58R,45.56,12084,2026-01-03 22:07:00
TXN_319,TO8OFV01,68.95,39401,2026-03-07 06:20:00
TXN_4592,DHG2ESOV,83.13,18323,2026-02-24 07:06:00
TXN_3889,AC32QSFC,73.22,25656,2026-02-10 16:03:00
TXN_757,KAF3ASH4,69.17,32192,2026-04-11 14:38:00
TXN_3178,QVPCTEMC,36.54,44381,2026-05-01 12:46:00
TXN_3071,ROFAZ27C,103.24,32313,2026-01-12 19:02:00
TXN_4301,86Q4QB0Z,37.38,41241,2026-01-29 04:21:00
TXN_2613,L0QB27FR,102.42,41604,2026-03-07 07:07:00
TXN_4129,XH4116ER,64.14,22285,2026-03-01 20:29:00
TXN_4527,5Z1DH2VN,48.18,38503,2026-02-06 18:49:00
TXN_4436,AYMOYCRY,66.42,24251,2026-04-16 20:43:00
TXN_1350,RV5B2G6A,24.65,45322,2026-04-14 07:47:00
TXN_1043,D9HW8P8W,47.7,33059,2026-04-20 13:14:00
TXN_2943,E5UD5WUA,42.35,28780,2026-02-06 07:27:00
TXN_4303,Q3RCU93J,49.13,18814,2026-01-24 09:12:00
TXN_253,5BVVZ1W7,91.69,26550,2026-03-12 03:15:00
TXN_584,3E2TGIKI,73.1,33361,2026-04-17 06:05:00
TXN_4356,C75IVK8Z,64.01,16274,2026-03-28 15:49:00
TXN_3469,CETFZCPU,59.37,47619,2026-02-03 00:42:00
TXN_1100,O4NALKUG,23.08,44278,2026-03-02 18:53:00
TXN_3387,1LTETUI6,24.66,34130,2026-01-29 17:28:00
TXN_688,LOTA6HFZ,57.52,16154,2026-01-12 03:51:00
TXN_1260,YNFN7B55,33.62,36692,2026-02-23 19:29:00
TXN_2183,0PBP2ARD,48.77,39529,2026-01-10 02:33:00
TXN_2454,RY0TRLBR,69.41,49964,2026-02-15 09:19:00
TXN_2205,14GOSM8Y,43.08,13287,2026-04-17 14:54:00
TXN_1546,0Y98DTN4,59.44,14925,2026-02-07 19:18:00
TXN_371,TWLDPI6U,33.53,21144,2026-03-11 06:21:00
TXN_1709,TQUIUY3R,62.44,16262,2026-01-07 02:41:00
TXN_2949,Y0OCBNKN,30.48,18146,2026-01-12 08:47:00
TXN_4782,4FJR1HGJ,57.09,22515,2026-04-25 05:14:00
TXN_620,VWC6RFWW,86.09,13937,2026-01-11 03:14:00
TXN_4350,HKQ83R8A,95.51,22970,2026-01-21 21:22:00
TXN_4143,11ZA88RG,86.99,15222,2026-03-15 17:44:00
TXN_4206,A7A6G1EB,27.21,36368,2026-01-29 13:36:00
TXN_4230,SPXYP7JQ,76.57,38882,2026-02-23 16:36:00
TXN_4063,1T2D26K7,58.51,18001,2026-01-06 00:39:00
TXN_516,P0XUM6J4,75.06,32101,2026-03-22 10:06:00
TXN_2116,N8PZ15EX,31.29,18205,2026-02-09 02:21:00
TXN_4558,BJLBQRCA,101.58,16597,2026-01-17 22:06:00
TXN_4446,CPUNQKNQ,58.3,49901,2026-02-05 08:08:00
TXN_2339,K47ONTW4,42.37,32055,2026-01-30 14:22:00
TXN_2486,1USDFI8B,70.21,35543,2026-03-16 11:31:00
TXN_796,XMS6ANU0,52.21,33849,2026-01-02 18:25:00
TXN_3492,NJKXNHAS,33.07,50101,2026-01-27 01:43:00
TXN_1584,ZG4U6X4P,21.15,29973,2026-01-03 10:29:00
TXN_1703,XDTAUDFG,47.41,47346,2026-01-26 02:44:00
TXN_1118,75GPS6W1,60.13,11945,2026-03-23 00:51:00
TXN_1279,ZPYHQSN9,81.57,16678,2026-03-15 05:47:00
TXN_710,8TKTEG6Q,22.64,18880,2026-01-16 12:55:00
TXN_2097,OEZMRYV5,72.63,49124,2026-02-16 01:11:00
TXN_4627,ZU5WKYF5,56.62,48556,2026-03-17 09:08:00
TXN_181,UGT8G3YT,35.86,30722,2026-02-02 03:46:00
TXN_1483,76GCCBJF,48.7,37242,2026-04-09 09:03:00
TXN_597,TAAIOL3N,42.09,42399,2026-01-29 03:31:00
TXN_355,7JUH58JS,51.58,26810,2026-02-01 22:25:00
TXN_4285,3WZBGHB8,87.66,48208,2026-03-11 17:32:00
TXN_3405,R1CQB02M,65.28,20402,2026-01-08 19:58:00
TXN_4344,GS7WIFTH,41.56,12982,2026-02-18 01:34:00
TXN_693,AIJW2IU0,25.69,23065,2026-03-28 08:44:00
TXN_1292,GDIZ7G2F,45.38,41615,2026-02-19 12:08:00
TXN_3733,PGXS1K0W,42.92,16992,2026-01-13 20:01:00
TXN_4612,IDUUAFI1,64.04,35167,2026-01-17 09:29:00
TXN_4232,LPCUL2SP,53.26,46103,2026-02-16 06:52:00
TXN_3697,UOXQV1IL,39.32,19840,2026-01-10 06:58:00
TXN_3024,HQ8M34X1,31.26,21149,2026-02-09 07:54:00
TXN_1989,UUCBDHSF,25.09,26041,2026-01-29 11:18:00
TXN_1980,WEKYIA9M,28.61,30199,2026-02-05 19:35:00
TXN_3807,ZD4JLFXB,29.08,25276,2026-04-21 03:10:00
TXN_3437,INQ77D4X,18.08,25612,2026-01-15 16:18:00
TXN_2894,O18CQP76,51.87,23862,2026-03-17 13:51:00
TXN_2719,2439RJ69,58.81,28985,2026-02-09 23:28:00
TXN_4100,KSY4HYWH,49.93,43333,2026-03-18 04:25:00
TXN_1014,F2PB8HES,87.64,39645,2026-03-20 11:36:00
TXN_2073,ZR7X8P6T,34.66,29662,2026-01-09 01:13:00
TXN_1549,ZANH6A40,25.79,35542,2026-01-23 04:44:00
TXN_1328,TYQVM4IT,40.75,11126,2026-04-04 04:24:00
TXN_3937,A2HM8RQD,41.04,36354,2026-03-22 00:55:00
TXN_3997,D8EQACEH,34.78,15256,2026-01-31 14:31:00
TXN_4054,QO08G5WR,83.71,40418,2026-02-15 15:07:00
TXN_4483,ZMPRNBYV,75.68,24478,2026-04-10 04:41:00
TXN_BAD_2952,INVALID_VIN,50,20000,2026-04-10 10:00:00
TXN_4255,OK3NVCBJ,60.08,48493,2026-03-16 02:35:00
TXN_2973,YEP7YND5,48.33,22392,2026-03-09 23:59:00
TXN_3364,5IACVVLI,75.67,35947,2026-04-25 00:43:00
TXN_3691,CV9V5BSF,13.76,23533,2026-03-22 11:20:00
TXN_3182,I7UZAXWM,75.11,28715,2026-01-14 17:05:00
TXN_3648,KEOWLVQV,53.6,37276,2026-04-16 20:33:00
TXN_1578,D3VIQF6U,47.15,41285,2026-03-07 23:58:00
TXN_618,BPRL4LMA,88.49,22129,2026-01-19 08:40:00
TXN_1178,QT484C76,53.78,33074,2026-03-03 01:56:00
TXN_3216,CRRPUQLG,52.25,31421,2026-03-29 18:48:00
TXN_217,SKVCUEPD,27.53,11241,2026-04-10 01:27:00
TXN_1971,BXFHO5VG,-10,15787,2026-02-02 00:27:00
TXN_4497,MK2EZ9JS,27.15,13567,2026-02-12 01:01:00
TXN_2838,2GA5PHP6,20.15,25829,2026-02-25 14:10:00
TXN_4484,RZEOUD75,47.74,25582,2026-03-01 02:02:00
TXN_41,VLAY74PK,16.13,24134,2026-01-02 19:59:00
TXN_2085,0YEFDLQC,23.42,38936,2026-02-05 17:34:00
TXN_42,LUUCP1OB,36.34,27635,2026-04-23 08:59:00
TXN_3600,K2PKH7OG,56.69,36510,2026-01-12 17:46:00
TXN_4297,TF01KG7K,60.21,44831,2026-04-10 07:15:00
TXN_1121,6XDQIHO3,76.76,33829,2026-03-11 14:27:00
TXN_3048,C1KQ8BQP,18.8,40652,2026-04-09 12:31:00
TXN_1271,5E84R5YX,17.21,38340,2026-03-04 10:50:00
TXN_1423,R8L02J57,69.02,41703,2026-03-16 06:01:00
TXN_2437,VGIFXCSB,56.47,29903,2026-04-23 21:58:00
TXN_1183,A332OUME,71.1,33925,2026-01-02 23:39:00
TXN_2388,UKZMB7RF,13.96,38375,2026-03-01 09:57:00
TXN_1508,IK78DNDO,80.14,17667,2026-03-06 00:05:00
TXN_3712,PEOU7JRD,24.81,27726,2026-01-15 07:21:00
TXN_4559,LPVDS71U,91.82,18134,2026-03-18 05:30:00
TXN_1784,J4XVG5IC,35.6,40413,2026-01-15 20:02:00
TXN_1971,BXFHO5VG,77.63,15787,2026-02-02 00:27:00
TXN_159,GXLWTPQ4,44.41,20567,2026-04-11 14:42:00
TXN_602,F9ZY2BO5,35.97,30389,2026-02-03 12:48:00
TXN_4508,JR4D2MRC,96.15,46526,2026-01-27 13:41:00
TXN_369,S3GIMEYO,104.22,41481,2026-04-22 22:28:00
TXN_770,843B9TN4,,16583,2026-02-19 03:18:00
TXN_2646,SEN80DQ1,83.63,28198,2026-03-27 10:50:00
TXN_786,GXWKBWAI,58.62,14545,2026-04-26 09:13:00
TXN_4639,IU0Y4GRP,18.73,19495,2026-04-15 22:28:00
TXN_1803,T0YF6ZNG,33.09,11962,2026-02-12 05:39:00
TXN_1765,0GCFTXC2,89.8,23092,2026-01-29 17:27:00
TXN_1353,F9KG9I7E,64.48,24278,2026-02-24 09:50:00
TXN_443,QBHKUJQW,58.19,15611,2026-01-27 07:52:00
TXN_1751,7N89VPZ1,28.81,19890,2026-02-28 08:03:00
TXN_2492,EYBH3V0B,58.53,35751,2026-04-19 10:17:00
TXN_2959,IHP7PGWB,31.16,47404,2026-04-14 17:43:00
TXN_1780,METW46ME,77.89,31612,2026-01-15 02:16:00
TXN_2128,GPY8QW4O,46.18,20703,2026-03-23 00:51:00
TXN_116,AK8APT1H,39.14,30817,2026-04-07 02:48:00
TXN_3871,QLFIV5Y1,51.32,28032,2026-02-14 20:32:00
TXN_2631,JKU7UJUT,57.15,45192,2026-01-04 09:17:00
TXN_2928,X52BQ2LQ,37.69,48823,2026-01-05 03:25:00
TXN_2608,EH8JNDBA,57.58,16479,2026-01-05 11:53:00
TXN_3763,KJO2SH1J,37.47,15352,2026-02-18 20:09:00
TXN_439,PL828GU2,21.18,19422,2026-04-16 10:49:00
TXN_525,BFOYQB2X,31.97,19474,2026-03-31 01:56:00
TXN_1319,R5WS69DG,24.08,29931,2026-04-30 09:53:00
TXN_1481,7FA1WRNO,43.95,36222,2026-01-03 11:48:00
TXN_375,0EY4O190,26.22,28294,2026-01-11 18:57:00
TXN_802,IGSY3W89,49.94,42254,2026-03-04 15:50:00
TXN_3622,PY6U8DWR,41.65,31254,2026-01-27 12:26:00
TXN_1172,ONG2R729,50.21,47259,2026-03-25 03:19:00
TXN_338,IOARVH46,93.05,23088,2026-03-01 07:52:00
TXN_1941,H9C0WWYL,66.52,47021,2026-01-01 13:35:00
TXN_4089,MO1A23SO,52.48,42165,2026-01-14 08:20:00
TXN_1269,ITSYDP6N,30.12,12350,2026-01-19 09:09:00
TXN_3078,MKUGZO6K,23.07,30266,2026-03-25 10:16:00
TXN_4471,73EG8YVG,67.02,19340,2026-03-19 05:18:00
TXN_3527,68F49XR2,58.41,33723,2026-03-24 22:05:00
TXN_2385,6KLLX415,88.56,34033,2026-05-01 03:50:00
TXN_3190,GZWLTBUY,29.24,10682,2026-03-11 02:36:00
TXN_3302,R3DLJOF5,14.53,36276,2026-04-04 02:00:00
TXN_1203,7X9OEQLQ,14.27,25488,2026-03-11 20:08:00
TXN_673,TRXA0DPJ,43.57,44670,2026-04-22 06:16:00
TXN_2397,FRJH7QIF,57.52,20077,2026-01-06 11:33:00
TXN_2,I35YJWUQ,43.25,11464,2026-03-15 18:01:00
TXN_2162,BA9XI39M,86.27,32062,2026-02-20 20:08:00
TXN_1215,TZ9ZQVBY,69.85,30451,2026-03-05 13:25:00
TXN_1,M9AZ3HAN,43.25,31672,2026-02-13 20:59:00
TXN_4123,M85AZJ34,52.38,46082,2026-03-18 20:11:00
TXN_2298,XORPMIL7,53.53,41872,2026-02-26 10:06:00
TXN_2612,3GMIFCI2,79.47,15532,2026-04-23 22:33:00
TXN_3127,ZI7CTQD1,32.65,36418,2026-03-11 17:50:00
TXN_3725,2H6FSQ9O,54.68,10503,2026-01-06 15:51:00
TXN_4490,RH7EBPGV,59.85,37269,2026-01-23 08:10:00
TXN_539,6ZFLN1FX,80.48,26820,2026-04-11 18:22:00
TXN_2516,ILVI24UB,54.35,11882,2026-01-11 23:42:00
TXN_586,AQCSL7YL,39.7,49132,2026-03-07 08:16:00
TXN_1247,6MJVMTP2,62.95,23817,2026-03-29 04:23:00
TXN_2998,HZO5NO9M,86.02,13299,2026-01-20 13:23:00
TXN_3142,YVXMLE4V,65.73,40015,2026-03-14 08:56:00
TXN_3751,F6UODJN9,38.23,33448,2026-03-16 11:38:00
TXN_3005,R9G1WVUD,32.7,27236,2026-03-13 18:14:00
TXN_2088,Z1MX4PZ7,40.7,23436,2026-02-27 09:54:00
TXN_1114,Q98JA3MW,52.9,32594,2026-01-24 06:42:00
TXN_929,0G2WX34V,43.2,44601,2026-03-13 09:54:00
TXN_2106,V1HV978B,65.8,44158,2026-04-11 15:13:00
TXN_3611,87RWVGVQ,41.54,31442,2026-01-08 21:33:00
TXN_4020,48KF1Q4S,81.14,17101,2026-02-17 12:49:00
TXN_2142,EO0R6KQ4,46.03,10411,2026-04-23 20:51:00
TXN_3776,H41QUZ3R,78.23,29070,2026-03-04 16:27:00
TXN_2010,E1876MUL,80.71,43404,2026-04-28 12:08:00
TXN_2867,A8FNDFXY,85.29,34316,2026-03-03 10:20:00
TXN_3793,1WR39PZZ,40.41,35092,2026-04-17 18:44:00
TXN_1869,AFLTE2CZ,,12342,2026-04-16 21:00:00
TXN_4247,QBRQ95H9,111.31,25745,2026-01-20 23:51:00
TXN_3574,ICHO13H5,76.42,22618,2026-04-25 03:35:00
TXN_2369,BTNVR3PX,91.24,35984,2026-04-17 09:45:00
TXN_6,5AZZ9QOV,101.14,37837,2026-04-25 03:00:00
TXN_4420,DSN01FW2,24.83,11737,2026-03-08 08:59:00
TXN_3706,S8ZA323D,102.58,21818,2026-02-21 16:30:00
TXN_1515,I172X6GG,91.45,25373,2026-01-20 13:40:00
TXN_2912,0CI5AQ01,24.05,34347,2026-03-29 23:30:00
TXN_4284,DJBPUZS4,63.74,25606,2026-04-05 23:21:00
TXN_3155,AMDW0QZW,30.75,47216,2026-04-03 17:45:00
TXN_4583,DJV33S41,26.85,48777,2026-03-04 04:14:00
TXN_4857,WHG11USX,21.95,46931,2026-03-17 11:43:00
TXN_2176,ELFXFP97,54.55,46149,2026-02-16 08:00:00
TXN_80,4DPFWBAO,30.81,29059,2026-02-19 01:11:00
TXN_3175,BLFEHHU5,64.84,13085,2026-02-25 03:25:00
TXN_2031,CRADM1XN,95.25,26646,2026-02-13 06:44:00
TXN_3021,WIWJDZHR,30.19,24470,2026-02-01 02:55:00
TXN_3465,NBR4FTFR,34.35,21251,2026-04-24 10:37:00
TXN_2805,WX94V14O,32.97,48507,2026-02-22 20:11:00
TXN_3434,U2DYYL3F,51.2,30362,2026-01-12 14:53:00
TXN_400,D1CM5IC5,49.28,17256,2026-03-02 23:11:00
TXN_1461,9SXJBRVS,33.05,26014,2026-01-15 21:24:00
TXN_750,XVE9YKP8,62.89,39459,2026-01-05 11:03:00
TXN_2991,5SS4BJ9F,69.22,24969,2026-03-18 09:17:00
TXN_3465,NBR4FTFR,34.35,21251,2026-04-24 10:37:00
TXN_3768,ZFSJ2WI8,53.07,23919,2026-02-12 07:25:00
TXN_3309,0EXXN4BQ,79.76,28678,2026-01-06 02:33:00
TXN_3673,CCFV2P8I,26.97,13894,2026-02-24 07:08:00
TXN_1499,SAWVH7H9,29.09,16572,2026-02-19 04:43:00
TXN_599,6DDHA8HU,32.22,26417,2026-03-08 03:22:00
TXN_3279,Y7337PE6,60.1,13835,2026-03-28 15:55:00
TXN_4738,MELPDMH6,59.19,19613,2026-01-23 00:16:00
TXN_4177,UFC2LR3K,52.79,12352,2026-03-10 16:42:00
TXN_526,ZNO3ANWL,18.5,41348,2026-04-12 15:16:00
TXN_2017,67CODW42,86.68,33890,2026-01-12 03:44:00
TXN_1852,JYHFILD1,98.05,32452,2026-03-20 08:46:00
TXN_2914,1VI04DMA,49.05,12467,2026-02-01 18:03:00
TXN_2948,EYD4WT3H,56.19,47842,2026-03-20 16:28:00
TXN_105,C5Y62ZUC,96.68,29296,2026-03-11 07:12:00
TXN_1773,HZL9ZBHQ,76.78,29412,2026-02-25 06:04:00
TXN_4885,S8V6MO8O,51.41,25252,2026-02-19 04:23:00
TXN_2065,LL24OWWE,32.38,12767,2026-02-22 22:42:00
TXN_327,V4PPT357,67.53,24111,2026-04-08 10:49:00
TXN_60,CV6RXTU0,77.87,26767,2026-04-21 18:20:00
TXN_4797,PLIWAW1H,43.46,33818,2026-02-15 14:05:00
TXN_2111,N5KVVWF2,100.43,24588,2026-01-22 11:43:00
TXN_1705,MXEJLZLT,55.28,38317,2026-02-23 14:32:00
TXN_2245,56T8ISKU,63.91,24911,2026-03-28 11:13:00
TXN_4342,CJH95BT3,28.73,21908,2026-02-24 22:10:00
TXN_4718,C1V4VBCZ,50.46,18852,2026-01-17 15:44:00
TXN_3304,RBRKJFUX,34.66,21513,2026-02-18 05:18:00
TXN_289,D2VLLO01,51.08,13550,2026-01-04 10:18:00
TXN_542,TCFZYQ0Y,99.73,19247,2026-02-19 10:42:00
TXN_2334,YD848P8E,32.32,17856,2026-01-21 10:02:00
TXN_175,GNG1JCJR,38.33,49588,2026-04-22 12:19:00
TXN_1895,CA87RL1P,69.95,38171,2026-04-09 19:49:00
TXN_3760,4QV7KZ2Q,14.59,15249,2026-02-07 23:33:00
TXN_4231,0HP4G04J,68.52,26792,2026-01-01 06:58:00
TXN_3181,WHMI38E9,61.35,41880,2026-03-02 09:45:00
TXN_423,FU0TAJ0T,73.4,43960,2026-04-01 23:32:00
TXN_2900,1ZYY10YB,55.21,29025,2026-01-12 22:29:00
TXN_3447,P0IRSP6B,74.67,38660,2026-04-21 05:54:00
TXN_241,98LISIDV,81.36,13248,2026-04-02 07:49:00
TXN_2235,2YZI5W1N,81.31,13195,2026-01-10 08:10:00
TXN_3660,FWZZH0Y4,30.41,29306,2026-04-09 02:22:00
TXN_167,AYHBD2UO,74.61,46305,2026-01-12 22:39:00
TXN_2391,UV2XYIMN,18.93,25654,2026-01-25 20:09:00
TXN_4456,F35RKE02,89.78,22023,2026-02-04 12:41:00
TXN_212,H55VEPMZ,43.39,39051,2026-04-14 19:04:00
TXN_4902,ZER2LWN3,14.58,49174,2026-03-26 21:21:00
TXN_2189,PPX39TJD,48.29,32976,2026-01-04 08:46:00
TXN_4440,9K4LXG3R,18.0,13433,2026-04-22 08:50:00
TXN_4753,0ZAWJDPL,66.94,14010,2026-02-13 08:27:00
TXN_BAD_1764,INVALID_VIN,50,20000,2026-04-10 10:00:00
TXN_2471,K5C38TS7,95.21,43174,2026-04-17 18:28:00
TXN_3245,WNQY3XNU,82.63,19385,2026-04-25 09:51:00
TXN_4329,JBNAIAWI,62.16,19427,2026-03-16 13:15:00
TXN_4203,CVV68D7Z,33.95,19082,2026-04-20 01:49:00
TXN_4929,8P7ZAEN3,47.23,41615,2026-02-07 07:57:00
TXN_2735,PP6UJMSG,29.21,50005,2026-03-06 00:36:00
TXN_2751,VJEIP65U,91.62,26843,2026-03-04 20:12:00
TXN_2453,WZHX7JX6,30.88,21127,2026-01-15 10:27:00
TXN_3616,SPRUP893,61.25,49787,2026-03-17 07:04:00
TXN_3425,77V6M28Q,58.39,24395,2026-01-31 10:16:00
TXN_4414,DB3S9K0U,29.2,35699,2026-01-08 20:25:00
TXN_2418,GLW46CTB,12.38,28218,2026-04-06 14:37:00
TXN_3577,MVEEWD85,78.67,33291,2026-02-20 03:44:00
TXN_2077,MDYKYZMB,47.39,17939,2026-04-22 02:27:00
TXN_1672,0VAQP8GQ,26.5,44140,2026-03-29 04:15:00
TXN_2510,5WHTA298,74.01,40696,2026-01-07 08:22:00
TXN_4373,JIGSI32B,75.79,25945,2026-04-13 06:59:00
TXN_1513,5XJFQUPZ,71.08,44232,2026-02-15 16:48:00
TXN_1744,21CVSMU3,33.78,26604,2026-01-23 17:02:00
TXN_3853,82QW62BO,33.08,25719,2026-04-03 04:22:00
TXN_902,C9VX22EL,39.46,18241,2026-04-26 19:09:00
TXN_4390,JTB578OK,45.14,10431,2026-03-30 10:45:00
TXN_1626,G0QMJM4D,19.71,31682,2026-03-08 06:10:00
TXN_3592,XFM7GZGY,103.1,30900,2026-03-09 09:22:00
TXN_3925,M16I065H,33.11,10314,2026-01-18 15:04:00
TXN_2172,V6L0J2C7,53.44,36196,2026-04-15 15:31:00
TXN_2231,XEGIXU06,66.41,13140,2026-04-20 12:58:00
TXN_1732,1QTVTW8G,36.81,13851,2026-01-01 07:44:00
TXN_608,LAXUIONJ,89.04,41990,2026-03-12 04:02:00
TXN_106,7EIHQCEO,50.53,31613,2026-02-25 18:16:00
TXN_2118,N86LQA9K,19.26,37649,2026-05-01 19:56:00
TXN_4254,VBWUGHFZ,65.96,28594,2026-01-16 10:29:00
TXN_3681,IJ46SUZF,44.28,41889,2026-04-24 22:08:00
TXN_3730,3DKSLJEP,30.6,37652,2026-02-20 07:42:00
TXN_1075,MK29OS5G,31.11,27768,2026-01-08 10:53:00
TXN_2045,WDF8R442,61.89,41397,2026-03-29 16:59:00
TXN_2261,5BBHOAKQ,32.7,20145,2026-04-16 08:04:00
TXN_1378,J3ADEOZ8,79.81,11207,2026-03-25 12:56:00
TXN_690,SOLU1Q5X,77.57,20056,2026-05-01 09:11:00
TXN_771,C6MDMPBK,53.57,50271,2026-02-13 07:44:00
TXN_1897,MALFVZRN,57.24,22050,2026-04-05 12:26:00
TXN_473,LZXRL6SQ,38.45,24505,2026-04-11 16:41:00
TXN_301,9CMOV1BV,20.59,35281,2026-03-04 17:05:00
TXN_2435,MFANHSM1,40.96,26909,2026-01-12 17:48:00
TXN_4376,U0DRH79T,26.27,11890,2026-04-09 16:10:00
TXN_1402,RK08DL2A,60.38,43903,2026-04-16 19:41:00
TXN_2817,UXLRL4B3,53.55,17177,2026-04-05 17:37:00
TXN_4836,Z8REMTV6,77.09,31854,2026-04-05 20:05:00
TXN_123,GXFJEBGA,73.05,15413,2026-01-26 06:30:00
TXN_3715,NB8CARQO,77.63,32382,2026-03-07 10:33:00
TXN_141,FKUX8OG4,71.1,15551,2026-03-19 07:41:00
TXN_4578,0TER2QI2,41.71,45559,2026-03-12 02:57:00
TXN_3100,69JPCU47,45.44,19719,2026-04-15 21:14:00
TXN_2295,14A9C5OO,47.21,27726,2026-02-17 14:21:00
TXN_4281,77FEBUK4,29.58,46039,2026-02-27 19:10:00
TXN_3539,AKLCMXFM,54.46,39627,2026-04-17 16:35:00
TXN_3607,VIIMMEG7,31.19,13024,2026-03-28 17:47:00
TXN_3684,G6KOGYET,79.21,40805,2026-02-09 12:49:00
TXN_1046,9WTPYQ2I,69.93,33489,2026-03-12 21:36:00
TXN_2792,LKL54B2C,38.63,28311,2026-04-29 19:44:00
TXN_807,9URW9T6I,48.13,17206,2026-03-29 18:29:00
TXN_4707,7JPCW642,70.18,31477,2026-03-08 08:13:00
TXN_100,T1921HKZ,27.82,31128,2026-04-20 08:34:00
TXN_1451,QYVRZAIA,52.22,44269,2026-01-27 13:52:00
TXN_3632,0N8TGC3A,37.09,29165,2026-02-28 06:07:00
TXN_875,GSUUJAYX,32.48,39610,2026-04-23 00:35:00
TXN_506,SRA9UEF6,85.69,50207,2026-03-18 10:38:00
TXN_2827,E0N63HXZ,100.81,36660,2026-04-21 11:38:00
TXN_380,3DC80FFM,64.87,32318,2026-03-29 12:43:00
TXN_820,UMJC35FE,55.75,39471,2026-02-22 06:36:00
TXN_4629,BEBEIH6O,40.86,13064,2026-01-15 22:13:00
TXN_1525,5MJKWAZ8,65.14,32523,2026-03-11 05:09:00
TXN_833,WDFE3GCI,30.78,34248,2026-04-25 08:21:00
TXN_2514,9XSQOG7F,63.34,27571,2026-03-17 18:41:00
TXN_4973,KJ4N8CQQ,39.66,29775,2026-02-01 18:03:00
TXN_2718,GW3UPCB2,37.7,45710,2026-03-09 13:48:00
TXN_4092,YBWGVIJB,43.36,26683,2026-01-22 03:51:00
TXN_2291,6XCTVZNW,79.19,11990,2026-03-26 04:58:00
TXN_254,90T6SP50,74.4,14742,2026-04-09 15:32:00
TXN_1714,HQK2SY9M,44.51,38045,2026-01-08 05:42:00
TXN_3456,4D7VGVTH,27.77,34969,2026-04-26 05:56:00
TXN_1047,YQ6CZY6X,83.19,34916,2026-04-22 13:09:00
TXN_3281,1CZO7AU6,45.59,20171,2026-02-12 11:14:00
TXN_311,LC5IF204,92.31,36370,2026-04-02 13:33:00
TXN_576,TY2QBLXE,31.22,36182,2026-01-16 09:39:00
TXN_4850,VLM88KU3,37.24,27474,2026-04-04 22:45:00
TXN_209,IY84F58F,37.99,40378,2026-04-07 05:34:00
TXN_1455,LL6R3Q60,0,38755,2026-02-08 18:31:00
TXN_3319,VD5974D6,63.14,32401,2026-01-01 04:21:00
TXN_2019,D3EVAA4H,18.31,23743,2026-03-06 22:33:00
TXN_2670,L7Q02JJO,20.45,13476,2026-01-01 01:29:00
TXN_405,MAABWTH9,48.81,17343,2026-01-15 07:40:00
TXN_1960,NVN0ICVN,50.07,21501,2026-04-16 02:47:00
TXN_3859,1DDT8STL,12.51,32257,2026-04-22 03:37:00
TXN_985,0NQC5NT1,26.67,41854,2026-03-08 06:01:00
TXN_2114,1JYWMDBU,56.69,28472,2026-01-16 03:29:00
TXN_3001,7S1V0913,34.08,12932,2026-02-25 20:09:00
TXN_2508,8DVZKBRL,27.54,15190,2026-04-21 14:45:00
TXN_1242,62T49QHL,108.14,28587,2026-04-22 18:53:00
TXN_1364,LKGT5T2Q,78.35,23463,2026-04-01 10:51:00
TXN_4720,IFEWZAVQ,33.17,13976,2026-03-09 19:52:00
TXN_2315,WW3SRC9J,54.22,17964,2026-01-07 14:19:00
TXN_4036,WDJMIYHR,47.19,30925,2026-01-02 13:47:00
TXN_2177,VJPIMZL5,54.31,13963,2026-01-21 17:52:00
TXN_564,6QFVACI6,53.7,37531,2026-04-06 16:52:00
TXN_2801,J923PFVT,63.19,25926,2026-01-21 09:57:00
TXN_1022,JT7SSABJ,55.57,25303,2026-04-23 03:38:00
TXN_4360,1C1W7CSB,78.32,38990,2026-01-17 07:31:00
TXN_2052,EYB8HN6Q,30.51,34414,2026-05-01 14:23:00
TXN_2062,W0S0OW8M,18.4,32768,2026-04-17 22:15:00
TXN_1150,RL6AP3H7,57.98,35269,2026-05-01 05:18:00
TXN_736,EUP3CH1K,16.82,49432,2026-02-21 00:08:00
TXN_380,3DC80FFM,-10,32318,2026-03-29 12:43:00
TXN_419,W0NMF1DG,36.52,24044,2026-03-28 10:31:00
TXN_3327,VA7DW6U3,48.24,25177,2026-01-21 14:22:00
TXN_2057,EOZIGYQO,26.77,26035,2026-02-02 14:48:00
TXN_1559,WHZF9YYV,44.66,37571,2026-04-16 21:16:00
TXN_1981,20EYLNRH,41.75,44799,2026-03-02 12:49:00
TXN_1624,7SHLFG9Z,30.44,12998,2026-04-04 14:15:00
TXN_2815,VBL978OZ,79.66,26777,2026-01-18 07:35:00
TXN_4275,9ET9DKMX,45.87,30934,2026-04-05 15:32:00
TXN_1669,87S9787S,39.59,35644,2026-04-19 10:00:00
TXN_4899,QQLBFFG8,21.01,32702,2026-04-26 04:24:00
TXN_3363,BZVVHWG6,51.3,13691,2026-02-05 20:07:00
TXN_1274,4SD1ZWJU,93.06,16006,2026-02-28 09:57:00
TXN_2545,CTO5RYEA,71.98,15967,2026-04-25 20:48:00
TXN_1265,ZQSOXDVQ,98.51,25346,2026-02-21 19:05:00
TXN_577,7QP3DFXO,87.48,20326,2026-01-20 00:08:00
TXN_1834,AW5MHU6M,91.0,44540,2026-02-01 16:41:00
TXN_3261,BOPZKWM0,28.31,33083,2026-01-02 15:31:00
TXN_2960,Q88IWRNS,30.77,16521,2026-03-02 14:00:00
TXN_1477,51O2FUOC,74.79,32693,2026-02-13 15:18:00
TXN_1054,IV6EPR8C,84.28,39891,2026-01-11 19:35:00
TXN_612,NNK1OXWQ,68.37,36887,2026-04-29 09:00:00
TXN_4781,AC0ZUJG0,86.91,16351,2026-01-02 02:03:00
TXN_1814,AXJXNQ8O,79.92,37741,2026-02-28 15:43:00
TXN_4875,LI0STCCT,55.73,46441,2026-03-16 10:37:00
TXN_1581,GCNEY9VK,71.48,49038,2026-04-09 16:31:00
TXN_3448,UYU0MQS4,41.77,40786,2026-01-27 00:55:00
TXN_3004,5B6NADWW,104.65,50233,2026-03-05 03:13:00
TXN_3381,029I6UWC,44.64,42636,2026-02-25 22:58:00
TXN_2272,UST8PSYF,45.13,24910,2026-01-18 22:47:00
TXN_752,HYCL03D5,39.87,45111,2026-03-17 00:48:00
TXN_4518,J6CRLZV1,99.52,29562,2026-01-07 07:49:00
TXN_4886,D5JUDQE6,40.31,27264,2026-04-22 07:59:00
TXN_4201,SGTLRVZT,52.67,38976,2026-04-15 22:47:00
TXN_4758,5GIX67EN,79.06,39321,2026-04-22 19:54:00
TXN_4210,265QNXVD,31.64,47200,2026-01-01 15:36:00
TXN_111,N2O62Y34,19.1,43053,2026-01-06 08:03:00
TXN_4901,R4L7LQF8,107.46,40026,2026-01-30 20:57:00
TXN_3027,82BNIIYF,66.06,39623,2026-04-19 00:37:00
TXN_4550,S8SL2FA0,53.53,45178,2026-03-27 07:48:00
TXN_3608,8KP6X66W,38.37,23016,2026-01-17 20:08:00
TXN_3946,P49G4OCG,43.4,11021,2026-04-15 20:53:00
TXN_3902,2CW9E63X,84.89,21274,2026-04-21 20:58:00
TXN_2274,3Z5QV0JJ,38.93,49179,2026-03-16 12:42:00
TXN_2426,CHAI4LVM,23.66,32563,2026-03-09 22:50:00
TXN_3894,DGO7H2OA,62.25,25912,2026-02-20 22:20:00
TXN_3301,NCOXVT9Q,19.53,14593,2026-04-01 19:27:00
TXN_51,620B99CW,84.44,27081,2026-03-20 09:15:00
TXN_3631,PCKO0J84,29.38,48743,2026-03-23 10:42:00
TXN_844,SUSF9GIY,68.46,29630,2026-02-04 09:36:00
TXN_4076,OHZ9Z9KT,32.55,34845,2026-03-20 05:56:00
TXN_1734,PGHL36VW,60.28,41854,2026-04-06 18:23:00
TXN_4155,RI2CSDPY,82.63,23571,2026-03-14 14:30:00
TXN_1827,97N05CRW,81.79,31595,2026-03-18 11:13:00
TXN_3747,2E07F2UH,26.61,40378,2026-04-21 02:17:00
TXN_2417,JMCJN2M4,59.84,21951,2026-02-20 05:02:00
TXN_939,DPQD8IMG,45.05,44917,2026-01-23 22:36:00
TXN_3752,TVYUQKO7,19.95,36723,2026-01-21 14:52:00
TXN_3047,JCE9XCWB,47.04,10572,2026-02-02 02:17:00
TXN_2174,D6IGF6PB,64.98,41782,2026-03-05 00:09:00
TXN_1395,P9UZPL8W,31.55,47505,2026-04-13 10:32:00
TXN_1009,ZA6T7RAK,40.67,49488,2026-05-01 15:30:00
TXN_1019,9IR0IUUS,48.78,27048,2026-03-01 02:21:00
TXN_1587,8AI7SL2S,30.12,39754,2026-03-12 16:32:00
TXN_1643,98M2HB4U,20.22,23976,2026-03-30 16:35:00
TXN_3635,9IEYTZAC,85.03,18497,2026-03-13 14:22:00
TXN_2276,UYQHLQ6E,24.81,42387,2026-02-03 09:32:00
TXN_2565,L1760CIA,59.13,44211,2026-04-03 00:15:00
TXN_320,OIECTX1X,25.2,25870,2026-03-10 15:40:00
TXN_1848,O62P3OCX,84.09,37634,2026-02-11 23:26:00
TXN_983,ZK50RVUD,72.18,33208,2026-04-02 03:40:00
TXN_3593,DS1QFKQV,23.72,42648,2026-02-09 19:01:00
TXN_1424,CS8LXF93,34.85,21633,2026-03-17 20:28:00
TXN_899,KUGMYJZI,49.12,22865,2026-03-15 17:21:00
TXN_1935,LT7I7T2S,21.87,13414,2026-01-25 10:45:00
TXN_971,34JF54LH,83.42,40539,2026-02-27 07:04:00
TXN_2932,ODBZJBHG,56.06,21518,2026-04-05 04:46:00
TXN_362,4DLWJI91,52.76,47977,2026-03-31 05:39:00
TXN_1430,LLRF1O88,92.35,39134,2026-04-27 06:16:00
TXN_249,PPBSC1EJ,25.76,11133,2026-01-13 02:11:00
TXN_3818,X6R1YTL8,87.56,11201,2026-02-18 03:32:00
TXN_1142,8CM621IG,49.31,39945,2026-02-16 17:16:00
TXN_2188,IWM7JLMC,29.66,12652,2026-02-28 11:19:00
TXN_3087,8GHUU3BF,18.01,36088,2026-04-19 12:13:00
TXN_2123,5OI5DNO5,79.93,19204,2026-04-15 12:30:00
TXN_2822,B6IEDMNV,54.57,21458,2026-02-17 17:30:00
TXN_1817,JLMBGX87,69.79,37054,2026-02-14 13:02:00
TXN_243,1L2DLDT2,25.31,48308,2026-04-05 00:02:00
TXN_512,H62AJ3E2,60.69,28036,2026-01-22 05:24:00
TXN_3438,EJ0OZOJR,60.44,37505,2026-03-14 21:13:00
TXN_4719,P5MN8SEA,15.36,28990,2026-04-30 13:11:00
TXN_1743,B2TWYNH3,28.75,36309,2026-02-24 12:43:00
TXN_3206,AD1PAWJ2,44.36,13695,2026-03-14 11:39:00
TXN_4148,TQG628JU,82.75,20815,2026-04-04 02:54:00
TXN_1094,DIPXJ4C9,37.81,22707,2026-02-14 02:57:00
TXN_3231,Z5MA4U1B,40.72,25780,2026-02-09 19:49:00
TXN_4513,HTW022M7,71.76,15189,2026-03-30 21:55:00
TXN_3834,X6FSHBUC,92.88,31595,2026-03-30 10:25:00
TXN_4476,UN1C0Y7W,60.56,31447,2026-01-22 16:26:00
TXN_4096,T5AXJSX2,49.18,44383,2026-03-08 17:02:00
TXN_418,R78BX1WW,32.05,17047,2026-01-13 15:18:00
TXN_1105,9ZT6P4GB,24.1,24468,2026-01-26 06:41:00
TXN_4828,LPIZKMUD,30.11,33234,2026-02-12 19:31:00
TXN_3610,GW05PQBX,38.18,14568,2026-02-11 12:12:00
TXN_2733,PUU5O9MF,81.19,45327,2026-03-29 07:15:00
TXN_1156,FWJ0R7G3,43.8,38995,2026-03-11 12:37:00
TXN_3535,AVU2DAJ7,39.3,15680,2026-03-18 11:25:00
TXN_919,E7OH4GM7,52.93,40426,2026-02-27 12:07:00
TXN_4479,QVSO19BA,70.18,41549,2026-02-07 10:35:00
TXN_3753,HX64KGKY,45.82,27383,2026-03-06 00:48:00
TXN_3424,B2FVIUC8,72.91,11189,2026-04-04 19:44:00
TXN_2363,AYI1I1OB,82.66,18907,2026-03-31 00:26:00
TXN_3911,TDN4LZ42,49.49,21156,2026-03-03 10:53:00
TXN_2491,0T5S179J,44.63,27013,2026-04-15 17:29:00
TXN_2800,FMYXNN1F,21.65,27131,2026-03-12 01:15:00
TXN_1456,BO19U1DP,63.81,20277,2026-03-15 14:39:00
TXN_3073,MMYKWFZN,47.6,25390,2026-02-22 03:26:00
TXN_583,FM45IH2N,28.76,17059,2026-02-06 06:21:00
TXN_3354,9XKV7576,83.66,33509,2026-03-20 11:48:00
TXN_1154,65QHI1CK,67.14,13282,2026-01-21 04:44:00
TXN_1875,4Z7VWIT9,92.15,30145,2026-02-11 02:59:00
TXN_3015,ML0BI542,27.42,28762,2026-05-01 03:11:00
TXN_386,VXAO2UKN,,39643,2026-02-20 03:36:00
TXN_1295,W6YIWAI4,27.14,48765,2026-04-07 19:14:00
TXN_2766,PGLNK0N7,19.64,25419,2026-02-11 23:40:00
TXN_4962,ZEBZ7OBJ,37.51,42588,2026-02-20 21:16:00
TXN_BAD_1589,INVALID_VIN,50,20000,2026-04-10 10:00:00
TXN_1354,5POTS1P8,19.36,39117,2026-02-24 01:27:00
TXN_353,RLTHRS1C,25.24,41641,2026-04-21 13:14:00
TXN_2403,5VHLDIQO,46.93,37471,2026-02-04 23:39:00
TXN_71,BTZMPBT6,19.85,24551,2026-04-13 12:02:00
TXN_1185,BSWH2VET,35.28,35145,2026-04-03 05:07:00
TXN_1200,HPRWRP3K,44.8,47829,2026-01-09 07:01:00
TXN_1426,IF988231,30.32,27987,2026-03-15 10:44:00
TXN_2614,2LY9DNRE,65.53,46377,2026-03-19 23:59:00
TXN_2750,0ZGWG26M,26.37,37030,2026-03-01 22:06:00
TXN_4966,1TB9GKDR,21.49,24325,2026-02-19 01:42:00
TXN_3122,AIKH0QIT,51.64,30779,2026-02-22 11:53:00
TXN_3224,0FKIPI5E,74.0,23282,2026-04-03 22:05:00
TXN_3879,SN6ZQ5EC,18.12,38145,2026-04-21 14:45:00
TXN_4956,PDEHTY1G,52.9,43463,2026-03-30 06:46:00
TXN_4659,992PQCH8,37.55,46237,2026-01-05 15:29:00
TXN_358,KJBQ3DGK,50.44,16217,2026-01-05 13:58:00
TXN_916,BU8CZT13,32.52,36409,2026-04-22 23:57:00
TXN_777,3894UASI,47.72,29548,2026-04-02 21:02:00
TXN_1072,8T8MJC7A,41.33,37207,2026-01-03 05:35:00
TXN_1590,Z6Q7LLX3,44.13,12608,2026-03-04 12:48:00
TXN_121,66MIVT59,81.12,33175,2026-03-30 04:39:00
TXN_2013,9P97UXGO,32.42,20789,2026-02-01 04:29:00
TXN_3258,9XY6V2XU,34.96,35478,2026-04-26 04:12:00
TXN_4116,5P72APU4,69.66,14385,2026-03-03 09:43:00
TXN_1680,RRK42QBB,59.66,28323,2026-03-21 16:22:00
TXN_2439,YOLJWFSW,88.91,39265,2026-03-28 22:16:00
TXN_2651,X1RMSKSK,20.4,35914,2026-04-14 07:56:00
TXN_1846,PXYQ9PDB,26.8,19662,2026-02-17 20:18:00
TXN_2343,23TMMWI6,63.26,35891,2026-04-23 06:52:00
TXN_4248,NCF08D2F,78.89,24034,2026-02-14 19:49:00
TXN_2626,AAM7YC3F,33.72,47563,2026-04-27 21:13:00
TXN_4888,5PB1TYJU,25.37,34847,2026-02-21 11:32:00
TXN_2725,8XPSPX9P,32.03,20793,2026-03-23 18:19:00
TXN_937,5J2Z9WPS,41.53,41606,2026-01-28 05:52:00
TXN_933,QX7X6S72,55.39,21365,2026-04-24 11:54:00
TXN_4621,SQWKRKLU,40.61,34219,2026-05-01 06:44:00
TXN_2703,MQLWVRO3,39.06,48872,2026-02-23 16:59:00
TXN_4853,9C6NLIYC,71.53,37235,2026-01-04 13:51:00
TXN_2649,ICL8P3SR,58.0,14249,2026-03-14 20:34:00
TXN_514,USQ2HH8G,14.91,14755,2026-03-11 02:38:00
TXN_3957,KKTYEJGM,85.19,28483,2026-03-20 00:03:00
TXN_3191,LDVST0TL,39.18,24171,2026-04-21 21:53:00
TXN_4385,KSMJ8SHE,41.71,25673,2026-01-19 23:31:00
TXN_912,IYVXGSNZ,18.12,11403,2026-03-06 02:14:00
TXN_324,5XBXQOR8,67.55,24599,2026-04-01 07:24:00
TXN_3176,N3U4DG8P,26.96,37384,2026-02-04 22:37:00
TXN_920,Y09S5LFT,45.66,26166,2026-03-07 17:22:00
TXN_812,H8JKYMG8,14.54,27888,2026-03-05 03:25:00
TXN_2909,NSEUG0WZ,43.15,43687,2026-04-07 20:57:00
TXN_1166,WMXDU1OG,57.29,38037,2026-04-30 00:54:00
TXN_2907,FLD8AF2F,77.95,23421,2026-01-20 11:40:00
TXN_2512,XAFZOG5D,37.72,37753,2026-01-17 15:16:00
TXN_2720,GJLZC4ZU,91.98,28176,2026-01-09 14:25:00
TXN_4951,2ZGWBXWK,107.05,47500,2026-01-26 10:44:00
TXN_3778,94LD84YT,106.35,45863,2026-01-16 16:06:00
TXN_1887,FXORO9W5,42.1,12616,2026-04-07 02:10:00
TXN_2617,P1ILVDN0,75.9,18286,2026-03-22 06:42:00
TXN_4602,W4Y1JKVK,88.92,39269,2026-02-11 12:29:00
TXN_2381,VA2IAIDO,40.81,14854,2026-03-07 11:49:00
TXN_1120,1K1F962V,34.69,11562,2026-04-26 14:36:00
TXN_334,LGDAC851,55.73,47175,2026-02-22 07:27:00
TXN_640,OGJ6V8ZE,45.98,24817,2026-04-16 00:10:00
TXN_4064,SEZR3MY6,,23058,2026-04-23 03:28:00
TXN_4974,F1DPMZKF,101.79,48654,2026-02-19 23:46:00
TXN_2528,CJXKFR4F,71.25,31323,2026-03-03 11:41:00
TXN_816,SFQPCO8Z,48.34,12687,2026-02-08 23:12:00
TXN_BAD_7126,INVALID_VIN,50,20000,2026-04-10 10:00:00
TXN_2432,5Y7PO3QN,22.67,46084,2026-01-08 18:35:00
TXN_691,RGHL1EPC,63.59,18892,2026-01-27 12:35:00
TXN_3780,T07V5DPK,58.51,31311,2026-02-07 19:18:00
TXN_2361,ZZKXHJWI,45.54,46776,2026-01-19 12:58:00
TXN_2872,CTS247E2,52.12,29103,2026-04-25 16:54:00
TXN_2147,UI2SWFPI,96.97,34286,2026-02-08 16:55:00
TXN_1454,ENFIJADX,36.89,49479,2026-03-30 00:46:00
TXN_1688,G3H62WL0,52.39,50228,2026-03-06 12:57:00
TXN_2485,BNZ0Q5HA,54.94,17762,2026-02-24 07:49:00
TXN_2458,QBLUBR60,30.6,31481,2026-01-14 15:40:00
TXN_1619,65BMT6Y5,56.14,30722,2026-02-28 17:44:00
TXN_715,0WIAV83Y,52.84,19655,2026-04-03 19:24:00
TXN_3186,9SZDQSRG,22.3,23598,2026-04-06 20:07:00
TXN_4224,TJZVMP3Z,47.43,48197,2026-03-16 15:32:00
TXN_222,5NM6TP6W,60.5,20015,2026-01-14 05:54:00
TXN_1963,OUZXBDP4,45.86,22663,2026-01-10 16:32:00
TXN_3185,PH1YG0JU,62.16,23357,2026-02-19 15:25:00
TXN_501,6W7EO0W9,42.99,44986,2026-02-23 23:15:00
TXN_535,1HN8D4VX,37.59,31072,2026-02-26 01:06:00
TXN_415,1T2TXRTL,47.4,31372,2026-02-06 06:20:00
TXN_270,0CHH8QYS,31.63,28283,2026-01-28 08:46:00
TXN_1571,KRP6D9TL,56.09,15481,2026-03-29 09:42:00
TXN_3065,URSQ21CX,93.13,19459,2026-01-21 08:01:00
TXN_3892,7OEYF9FD,62.09,43013,2026-03-09 03:24:00
TXN_465,OF4W2CBH,108.91,13770,2026-03-17 10:03:00
TXN_2484,NJ0EAIGJ,105.88,40056,2026-03-17 12:15:00
TXN_2937,4ZQDNICF,31.2,34360,2026-01-03 06:40:00
TXN_1083,3PTV7LM4,65.19,15167,2026-01-08 20:09:00
TXN_784,5BPKIOQH,46.18,45578,2026-03-15 15:15:00
TXN_1992,3CP2LJZV,97.14,22317,2026-04-25 22:35:00
TXN_519,6L125ORG,32.75,43745,2026-04-04 19:47:00
TXN_1486,V8CI5ILX,64.18,10835,2026-02-22 01:24:00
TXN_3234,RGNMNUXD,64.47,33579,2026-02-07 00:56:00
TXN_4309,TZE5BJ12,114.14,19148,2026-02-27 12:20:00
TXN_4085,TEMWC5QZ,33.03,23523,2026-04-09 03:08:00
TXN_689,2Y3FJB5T,84.32,31748,2026-03-13 05:51:00
TXN_4,X2XTTCDP,35.14,42890,2026-04-26 12:27:00
TXN_3188,JMMGM840,53.37,40069,2026-02-17 00:09:00
TXN_136,I4JAXTZR,78.81,23663,2026-03-15 06:31:00
TXN_1315,SS5TXNF1,25.1,48810,2026-02-14 09:15:00
TXN_366,9J9TADBI,106.47,30041,2026-03-04 12:18:00
TXN_3820,PJYOO9AJ,76.17,10976,2026-03-19 01:00:00
TXN_1863,Y35ZGSCT,58.23,39099,2026-04-25 12:15:00
TXN_3576,62MCMMZ7,47.3,32365,2026-02-25 02:44:00
TXN_772,812Q3PAN,27.27,46558,2026-01-20 06:36:00
TXN_4942,7VUD374Y,48.29,31357,2026-01-14 00:23:00
TXN_3152,HFZ6XX03,55.62,48992,2026-02-04 00:00:00
TXN_3174,W84KZTLM,79.9,28928,2026-04-28 22:56:00
TXN_3455,SKHUW13Z,57.7,38722,2026-01-28 10:17:00
TXN_628,FV1NFZR0,99.6,48210,2026-01-24 11:28:00
TXN_4912,MI4L4MU6,42.58,31552,2026-02-09 00:25:00
TXN_4535,MJB8JI3H,48.27,30963,2026-01-01 00:49:00
TXN_4771,ZAHQDHRA,52.15,23753,2026-03-26 09:44:00
TXN_4919,8NX1MS2F,99.91,30629,2026-04-08 16:17:00
TXN_4218,1SSNU3HV,47.45,46744,2026-03-08 22:13:00
TXN_1880,WVY80H2C,60.11,45740,2026-04-27 22:52:00
TXN_2242,K0HHJZ2C,30.72,18431,2026-04-08 20:42:00
TXN_1286,HMMNFCL6,44.37,28381,2026-03-16 14:52:00
TXN_1541,BBYRLCK6,48.47,17373,2026-01-09 06:15:00
TXN_271,9TLQGUU9,68.21,23250,2026-03-29 12:51:00
TXN_1644,0SMMRZN6,76.02,15878,2026-03-29 03:29:00
TXN_2575,TWWDUYMS,81.15,40982,2026-01-18 01:46:00
TXN_3407,3MTUG23J,72.76,36167,2026-04-22 06:38:00
TXN_2558,8RNZRG4Z,78.0,40174,2026-01-30 20:40:00
TXN_528,QQKROI4W,49.61,22772,2026-04-02 10:08:00
TXN_679,FYUQ1L7B,24.69,45280,2026-04-25 09:16:00
TXN_2356,4B34VBIB,69.27,13903,2026-04-07 09:48:00
TXN_2217,CU1X5DM1,57.68,23017,2026-03-31 14:39:00
TXN_552,28W2DHNH,66.38,12130,2026-01-20 09:48:00
TXN_2853,LELZ7I62,61.47,16056,2026-03-18 13:28:00
TXN_2986,GQ0M9NB9,51.63,13512,2026-02-07 19:24:00
TXN_1095,X12GU8Z1,95.75,16498,2026-03-01 22:41:00
TXN_4551,6MU8USZ1,93.09,19221,2026-02-14 00:25:00
TXN_4628,YVXMLE4V,24.3,40156,2026-02-13 11:51:00
TXN_397,IBMHQZSU,30.23,43242,2026-01-02 11:05:00
TXN_3477,Y3G1ST2S,57.37,23171,2026-01-02 23:19:00
TXN_1519,3I6P2T0I,67.49,21198,2026-03-25 09:33:00
TXN_3666,OVUPZEU6,62.81,34111,2026-04-04 07:31:00
TXN_3812,QQ7DBBAE,16.7,24942,2026-01-21 23:49:00
TXN_4954,CC6L0YL2,56.31,40674,2026-04-28 00:39:00
TXN_4312,UZLIS82T,18.92,39091,2026-02-21 05:23:00
TXN_1576,UCLBAIYV,88.73,45804,2026-04-30 13:33:00
TXN_3,41ZBSTVQ,74.92,33892,2026-04-14 21:54:00
TXN_3898,5ZLJQZCS,97.78,22241,2026-01-07 23:19:00
TXN_1371,AI5LP27J,70.47,41266,2026-03-06 04:57:00
TXN_2963,UHPH4273,43.13,46093,2026-03-09 10:13:00
TXN_413,W3IK7JOV,18.97,22077,2026-02-03 08:14:00
TXN_205,L9KMTFIB,73.05,23428,2026-03-11 20:34:00
TXN_4787,JR66QM6D,22.58,43318,2026-02-28 22:52:00
TXN_1487,0OTZ1BBZ,45.47,44311,2026-02-05 15:53:00
TXN_2923,15XKMAYE,30.9,41525,2026-02-12 08:52:00
TXN_3379,ML6O3HMD,48.07,32167,2026-04-28 00:53:00
TXN_561,8HW8C9RS,29.78,44337,2026-01-01 03:52:00
TXN_4164,YM965N1J,46.62,28262,2026-02-07 23:36:00
TXN_496,3YK76VWC,63.07,38708,2026-04-08 18:08:00
TXN_1690,75FR54VS,15.0,14504,2026-01-03 12:33:00
TXN_4837,MFL9JDNW,34.21,13266,2026-02-28 06:43:00
TXN_3270,UMOEB7LW,46.05,11394,2026-04-27 15:06:00
TXN_897,19YMESWC,51.19,35043,2026-03-30 04:50:00
TXN_955,H0WFN99J,30.62,43153,2026-02-08 08:16:00
TXN_4940,BOJIZ3K0,80.35,47459,2026-02-06 09:29:00
TXN_2709,AU9XJHII,68.75,42636,2026-03-13 09:31:00
TXN_3384,WLB9ULHP,49.18,44254,2026-03-18 19:53:00
TXN_1748,U48S8MMG,40.85,42699,2026-03-09 18:50:00
TXN_1475,VEEMDBUW,91.98,28267,2026-03-04 23:09:00
TXN_64,KON8EDRJ,81.99,26598,2026-02-13 16:55:00
TXN_2278,0ZVGFV9F,32.92,42495,2026-03-29 04:37:00
TXN_4652,QTOCEZ6Y,61.77,28726,2026-01-13 23:26:00
TXN_1078,0QKG8H7N,114.68,23197,2026-02-25 13:52:00
TXN_265,LHTH45IH,27.47,33345,2026-01-24 01:18:00
TXN_330,6Y4WZUMC,26.37,28110,2026-02-17 18:41:00
TXN_2488,OOZZS4E2,55.6,19693,2026-01-26 17:57:00
TXN_2371,MVNMCQBZ,35.06,38741,2026-02-11 11:21:00
TXN_326,GEWFFOHI,26.19,33511,2026-03-11 13:16:00
TXN_503,T272F0Y6,19.75,48385,2026-03-24 23:04:00
TXN_1934,T34QKTNQ,24.64,29302,2026-03-25 03:44:00
TXN_2585,0QCO1JW7,89.38,29222,2026-02-10 14:33:00
TXN_4740,7TFW2NLB,40.04,18742,2026-01-11 01:55:00
TXN_1544,ZWU2A83M,79.98,34265,2026-01-06 21:23:00
TXN_2681,F8O8W2CQ,46.02,42522,2026-03-09 11:35:00
TXN_3134,HZ0KV52T,26.46,37196,2026-04-04 08:38:00
TXN_1228,KOZ186HT,94.83,11726,2026-01-21 08:18:00
TXN_2296,RTAF8ZF3,84.35,29320,2026-03-25 00:06:00
TXN_2110,PRRFWIU7,56.8,39482,2026-01-17 15:08:00
TXN_2758,EWC0UB2G,71.47,37148,2026-04-02 07:38:00
TXN_716,0OK1Z1WP,93.98,28172,2026-01-12 07:12:00
TXN_1925,O4HCJQ99,70.08,12396,2026-04-10 01:22:00
TXN_1406,NEDCX6BR,76.94,30750,2026-01-16 02:08:00
TXN_4152,OZQJXHGW,78.3,46898,2026-01-27 18:41:00
TXN_2249,PDAVHI10,20.38,40263,2026-01-28 01:04:00
TXN_3144,13D8MNGR,26.68,38864,2026-03-03 04:48:00
TXN_4380,K1VLJ9XA,54.51,16464,2026-03-11 15:53:00
TXN_4520,LUP7U0B9,80.11,14758,2026-03-14 03:31:00
TXN_4864,UF5YAST6,77.87,33397,2026-02-02 12:45:00
TXN_74,1INZ2393,22.6,47722,2026-01-11 20:34:00
TXN_4041,LCZUJLQ2,80.49,21302,2026-02-15 21:26:00
TXN_3908,14SX1L1U,40.84,24102,2026-01-08 10:35:00
TXN_648,PC5P644I,37.47,16267,2026-04-06 20:53:00
TXN_1457,OVEWNV6S,54.38,47294,2026-03-01 10:41:00
TXN_3143,QMII8QQG,68.34,35204,2026-04-29 22:32:00
TXN_1368,NRZIZSWF,96.25,24264,2026-04-13 17:46:00
TXN_642,ZL8BBGBY,31.85,42490,2026-04-11 11:24:00
TXN_570,ZG7T15E3,38.86,34721,2026-03-11 00:43:00
TXN_3849,ZW1YN0OY,67.64,32554,2026-01-24 22:05:00
TXN_3083,TPAOHNIT,44.78,49798,2026-03-23 18:27:00
TXN_3891,YR7GDVAE,50.54,33437,2026-04-02 08:46:00
TXN_2325,J2J9SGYO,32.61,45778,2026-01-17 08:37:00
TXN_4616,7G7DX375,14.41,24999,2026-02-15 06:26:00
TXN_1392,N4M4IXHP,50.77,34363,2026-01-20 03:38:00
TXN_3032,GOAFURPQ,37.8,27023,2026-02-13 20:28:00
TXN_182,80WJ21O9,77.97,27790,2026-01-25 02:06:00
TXN_31,IDYU4M3U,45.77,34759,2026-01-16 22:04:00
TXN_154,XDMXAN7Z,56.25,49261,2026-01-30 23:45:00
TXN_2143,KRRXJL2V,60.99,25606,2026-01-15 02:48:00
TXN_2332,EEIGNSA7,41.8,49386,2026-03-08 12:05:00
TXN_2945,R7ZTTP1N,19.45,35750,2026-01-03 20:38:00
TXN_1207,T4HBUT5I,48.62,39479,2026-02-25 23:25:00
TXN_4978,3YO1PF1L,96.02,40092,2026-04-23 06:52:00
TXN_1413,SDKM6HZ9,47.22,17165,2026-02-11 05:12:00
TXN_4648,FAAWGRHC,72.05,35925,2026-01-02 21:56:00
TXN_4743,LBSBKYPV,88.86,13745,2026-02-21 07:23:00
TXN_698,UHGRXJ1N,28.64,19874,2026-02-22 16:21:00
TXN_1736,XDEVN00H,114.82,19892,2026-04-27 09:42:00
TXN_2669,7P9YSTEP,48.39,19931,2026-02-03 16:50:00
TXN_556,QVY3ZEM5,19.1,29297,2026-02-12 21:54:00
TXN_3197,JITNAENJ,23.83,29133,2026-04-11 03:19:00
TXN_77,52YK8FC8,54.97,32963,2026-05-01 19:03:00
TXN_5000,XATHMR9X,45.56,18875,2026-03-09 20:47:00
TXN_1783,P3YTFKYW,69.28,38932,2026-03-16 01:32:00
TXN_3313,1QCPLTHC,87.96,36923,2026-03-28 13:50:00
TXN_1256,WUGGMWQT,50.56,33634,2026-04-30 18:08:00
TXN_2557,H4JTW3NP,87.77,44069,2026-02-12 09:31:00
TXN_32,Z8REMTV6,34.65,31378,2026-01-17 21:42:00
TXN_92,TQHIWDTR,69.1,16806,2026-01-13 16:48:00
TXN_882,ESR4GM2H,75.68,39717,2026-01-07 07:22:00
TXN_2353,WZ1L0NE2,33.13,41676,2026-01-07 20:38:00
TXN_843,YSGEUSAZ,52.36,45349,2026-01-07 16:09:00
TXN_4926,BYM0LWNV,64.39,27265,2026-01-15 20:45:00
TXN_2034,3EOVQCUM,58.19,31913,2026-03-02 02:07:00
TXN_2936,B8V98980,26.46,22202,2026-01-05 07:00:00
TXN_2218,05OKW3Q0,84.44,35317,2026-03-16 15:12:00
TXN_1711,3WETDSVE,34.24,14516,2026-01-09 06:34:00
TXN_3899,HFATYATL,49.83,23733,2026-01-11 05:02:00
TXN_1724,SILM2VIT,63.77,47439,2026-03-12 13:03:00
TXN_4244,0WJST8SH,26.19,31862,2026-04-23 22:49:00
TXN_1293,RPKMQD2X,27.26,20371,2026-01-13 15:44:00
TXN_87,1JIY46YY,13.19,10946,2026-02-20 05:36:00
TXN_3668,4JPPY1TD,73.72,13445,2026-01-14 05:14:00
TXN_4126,OLL75ZQV,91.19,49150,2026-02-27 23:23:00
TXN_3505,WTH4BHFM,22.97,24511,2026-04-24 11:24:00
TXN_1733,VHPJLBBA,75.75,18456,2026-03-14 21:58:00
TXN_4094,TRHZ7KT6,25.63,42834,2026-01-08 21:58:00
TXN_3669,JW4N9MQ4,69.99,14638,2026-04-06 12:59:00
TXN_1605,JBHXMAW6,51.59,21910,2026-03-04 14:49:00
TXN_2036,LEHDZPFV,65.97,22594,2026-01-29 07:45:00
TXN_2003,YP9OPRXC,77.24,34179,2026-03-11 05:14:00
TXN_3771,O2PUU8UB,23.51,48903,2026-01-16 20:38:00
TXN_4933,6LRRDCTC,67.37,45085,2026-03-14 03:00:00
TXN_4896,8LBD0IPI,21.49,29527,2026-02-28 05:29:00
TXN_2323,KN4SXMLB,43.14,25678,2026-03-11 06:03:00
TXN_3782,UA6FYZ11,52.68,45937,2026-04-27 04:57:00
TXN_4175,CJI08YF0,24.85,26301,2026-04-13 01:29:00
TXN_4766,WSEHJH2O,27.96,40322,2026-01-07 01:16:00
TXN_4681,DLHJCHZD,45.64,30823,2026-01-27 23:07:00
TXN_579,RICVOQWX,-10,22526,2026-04-24 10:12:00
TXN_782,VLM88KU3,29.14,27254,2026-02-22 13:29:00
TXN_3755,8X3J2S37,49.21,46078,2026-01-01 12:05:00
TXN_4634,BFWOC8YU,97.82,19871,2026-04-09 13:16:00
TXN_1681,RVA50K6T,54.11,43032,2026-01-12 04:47:00
TXN_1081,VY8W61CH,57.32,34858,2026-01-04 05:33:00
TXN_3101,8PMT06J6,37.76,15863,2026-03-28 17:11:00
TXN_848,HB4278OF,73.67,27230,2026-01-01 08:35:00
TXN_1507,EZZTX403,107.29,15144,2026-03-29 12:09:00
TXN_4066,LL00CDV2,88.44,45130,2026-04-26 12:00:00
TXN_458,MRJYU7UC,29.74,47804,2026-04-14 11:24:00
TXN_4280,BC72O8SQ,64.56,15504,2026-02-24 09:49:00
TXN_2712,RA75EZCG,68.75,43250,2026-04-20 18:17:00
TXN_935,06CED7B5,40.43,33661,2026-03-21 22:16:00
TXN_953,XXM78MI3,63.54,20273,2026-04-17 23:23:00
TXN_3819,DXVNKIED,37.81,34348,2026-01-30 20:47:00
TXN_3154,81IS59XM,69.14,39911,2026-03-28 14:10:00
TXN_2199,CIN1G177,27.25,23646,2026-03-31 09:00:00
TXN_3893,K63S2411,29.89,35799,2026-01-13 23:06:00
TXN_4981,9QFPV4OE,25.12,46683,2026-04-30 11:08:00
TXN_928,TH6IUJT9,40.14,27673,2026-02-18 12:32:00
TXN_2226,DA6ZXYSN,38.76,13652,2026-03-24 13:48:00
TXN_3237,AV7528Z0,60.3,27272,2026-01-24 10:19:00
TXN_442,106SA8CJ,36.88,10599,2026-02-13 08:21:00
TXN_4717,2RAYWAIG,26.1,22403,2026-01-20 20:37:00
TXN_3451,R0LDBJKZ,25.94,43156,2026-03-12 16:23:00
TXN_1818,6WBDX7VX,23.8,33671,2026-02-04 14:09:00
TXN_1334,TW3CW0IH,67.6,36834,2026-01-19 07:05:00
TXN_1844,96Y0K9BX,32.41,36653,2026-04-20 01:36:00
TXN_2305,SGVQ8JG4,44.1,17228,2026-04-07 23:10:00
TXN_236,59WHZNI1,81.09,30185,2026-03-17 14:07:00
TXN_2113,7QGL3NDL,22.15,46640,2026-01-12 20:57:00
TXN_2115,S0UJHQFR,40.08,24596,2026-04-26 15:26:00
TXN_2601,8A72K42F,39.57,48526,2026-01-17 19:21:00
TXN_4238,UJDRLXIW,31.98,20701,2026-04-06 16:33:00
TXN_2186,5M1AV5VU,43.25,14566,2026-02-07 13:44:00
TXN_2367,E93C1495,24.8,37012,2026-03-16 20:06:00
TXN_3235,Q8UHET5X,54.12,15835,2026-01-21 10:18:00
TXN_BAD_3248,INVALID_VIN,50,20000,2026-04-10 10:00:00
TXN_4795,P6B1JK8Q,83.99,17263,2026-01-01 22:09:00
TXN_2553,JPJFBWBE,51.29,37640,2026-04-26 11:24:00
TXN_3625,V4DLLP9F,49.49,24406,2026-04-01 23:29:00
TXN_1294,TJI36RKY,30.09,17012,2026-01-06 01:40:00
TXN_40,QNLV66TD,38.41,12351,2026-02-15 22:15:00
TXN_3306,ODXC31E1,31.97,23499,2026-04-24 11:12:00
TXN_774,67WV6V93,70.08,16425,2026-01-21 05:32:00
TXN_911,1VIJUW28,49.23,14339,2026-03-22 11:26:00
TXN_596,0L42RBR7,54.62,21418,2026-02-13 00:15:00
TXN_987,WZIU16EK,70.43,23684,2026-03-07 20:46:00
TXN_4879,UGKUC43N,55.11,31833,2026-04-25 12:37:00
TXN_4144,475ZZ3KB,50.14,36876,2026-03-10 03:00:00
TXN_3471,KD7QAH7M,96.96,31952,2026-04-12 05:08:00
TXN_1929,GMVEQNET,32.43,27814,2026-04-07 20:01:00
TXN_540,EJMKUGBJ,13.7,48907,2026-01-16 09:38:00
TXN_1055,MAHM7P1U,27.5,31135,2026-03-15 08:09:00
TXN_3057,ZMMWQVAX,53.25,43611,2026-02-26 05:55:00
TXN_3679,YVPJ9T0B,54.79,42599,2026-03-28 16:22:00
TXN_2933,902FI58H,28.86,12735,2026-02-16 21:33:00
TXN_4610,YGCKVE47,0,35184,2026-03-02 12:01:00
TXN_1777,UWOVEGOY,68.76,34921,2026-02-28 06:20:00
TXN_3393,YGX99F10,63.89,41763,2026-01-23 16:05:00
TXN_3053,BNG6U9P2,49.53,16022,2026-01-16 18:44:00
TXN_949,ZXL3ZJK1,60.91,30581,2026-01-30 09:42:00
TXN_3944,9VNVNFJN,49.69,42786,2026-04-27 11:32:00
TXN_627,JAOXT6A8,106.12,15850,2026-03-02 04:50:00
TXN_797,QK17KUAE,76.02,34830,2026-01-13 11:20:00
TXN_4069,LT3OGRN1,80.49,36818,2026-03-03 04:54:00
TXN_1514,ZNNV750N,51.02,29648,2026-03-03 03:31:00
TXN_4382,596EYZ7U,51.45,27277,2026-02-15 00:54:00
TXN_1807,GP6QSFFN,34.03,14955,2026-02-03 14:41:00
TXN_21,4M05UYJM,63.12,36419,2026-01-09 02:28:00
TXN_3923,WHZ189D7,38.03,24338,2026-03-08 20:50:00
TXN_4882,ZVU81UJG,57.15,19240,2026-04-29 13:50:00
TXN_3968,8VUO04HW,62.27,18576,2026-01-31 07:56:00
TXN_472,X3J9WMAV,29.31,48431,2026-01-10 08:36:00
TXN_3478,QIQVKKGO,70.28,39288,2026-01-31 15:55:00
TXN_4080,CT6NJFWM,26.7,29232,2026-03-06 00:41:00
TXN_1016,1KLH5PQ0,40.27,27308,2026-03-05 08:23:00
TXN_4863,LHFHY1JB,24.24,22717,2026-02-06 21:57:00
TXN_1745,B66EO6K7,52.35,38801,2026-02-13 21:40:00
TXN_1509,87ASOELL,42.4,34193,2026-04-20 23:11:00
TXN_4314,9Q3SQ7X1,36.97,11957,2026-01-05 01:51:00
TXN_775,6PUYUXPN,52.71,20660,2026-02-25 10:32:00
TXN_837,J8RVGXJO,19.8,16745,2026-04-03 13:43:00
TXN_2946,D9N4D5WK,81.37,24901,2026-04-08 12:52:00
TXN_2470,4K3L4PQ9,70.55,26261,2026-01-25 23:11:00
TXN_3082,61QS38NB,50.93,31193,2026-02-12 18:39:00
TXN_471,D7LQURI1,31.53,31847,2026-03-25 17:56:00
TXN_1719,4EJ11AT8,67.62,25335,2026-01-14 16:25:00
TXN_765,4OJFTGMM,28.21,16317,2026-03-08 04:29:00
TXN_2902,JATN2RX9,38.7,48537,2026-03-26 07:45:00
TXN_4157,PLYXIEAQ,50.89,34680,2026-04-24 22:58:00
TXN_4319,Q9GOE29C,62.71,18387,2026-04-28 06:34:00
TXN_4489,TRVT26CB,44.57,24530,2026-04-19 15:04:00
TXN_2586,66I2RGYS,21.19,39119,2026-02-19 16:53:00
TXN_2416,BU3LJR3S,50.35,38741,2026-03-11 04:23:00
TXN_1144,KVBSRRLP,96.78,46597,2026-04-07 17:50:00
TXN_2925,IFFT145M,27.54,46922,2026-04-17 19:38:00
TXN_3667,TVE9N8WA,82.22,49930,2026-04-29 01:43:00
TXN_2441,DMT0N1S2,23.82,10341,2026-03-16 08:21:00
TXN_3974,XUP5FUND,80.02,26434,2026-02-07 10:47:00
TXN_3164,UPELBLAX,43.1,45687,2026-04-30 06:22:00
TXN_2367,E93C1495,24.8,37012,2026-03-16 20:06:00
TXN_605,SYVARMRP,58.4,10570,2026-03-30 19:51:00
TXN_1464,4X0AE0VU,25.56,41300,2026-03-13 10:35:00
TXN_2032,YDOMY5JP,75.75,14645,2026-01-12 21:42:00
TXN_2980,N0UUXY5I,96.04,22361,2026-03-29 21:44:00
TXN_656,89RFC2PC,56.82,21835,2026-02-19 20:02:00
TXN_4172,CW4TE6TR,60.59,23167,2026-03-08 19:11:00
TXN_3659,NTBKH1A8,42.64,14592,2026-03-17 08:19:00
TXN_2250,7OKEYWVM,0,49810,2026-04-05 16:41:00
TXN_1390,Z1MHW3GU,31.63,50123,2026-04-15 08:58:00
TXN_4428,GX646B2M,67.37,36329,2026-04-13 12:31:00
TXN_3020,55ZJJ4LL,19.59,15071,2026-04-05 10:37:00
TXN_143,OGOBONZE,18.95,16306,2026-03-17 02:11:00
TXN_79,LHBUQFDW,66.86,17228,2026-02-18 01:24:00
TXN_499,5H5SW8SL,71.15,44819,2026-03-18 14:33:00
TXN_4416,PNLYXVKE,0,27810,2026-04-05 21:33:00
TXN_4150,AY2XXR50,54.27,37110,2026-02-03 13:04:00
TXN_1053,BIBKT3GP,34.01,27892,2026-03-31 09:33:00
TXN_3767,K2ANP4ZJ,70.01,33047,2026-01-16 02:00:00
TXN_4083,K24GE3R8,82.97,21206,2026-04-14 06:48:00
TXN_869,42AAMNZU,82.81,17862,2026-05-01 12:34:00
TXN_524,U1RGNB11,62.0,18001,2026-01-08 06:49:00
TXN_547,M5SPMCM7,27.11,28028,2026-04-07 09:59:00
TXN_1545,GQ055T7Y,41.1,23545,2026-02-12 03:37:00
TXN_1023,O4QQ0SEE,87.0,33819,2026-01-20 12:34:00
TXN_4662,AVQYB5CL,81.28,40476,2026-04-14 16:38:00
TXN_1775,JW3T2LVF,65.96,37966,2026-04-02 04:30:00
TXN_760,O1G4EB8L,87.85,42281,2026-01-15 21:39:00
TXN_4937,8J63VY9K,42.9,30975,2026-03-19 10:32:00
TXN_1170,3D603KLF,60.75,17354,2026-01-23 22:19:00
TXN_2035,VCZOOGW0,58.46,43859,2026-01-29 12:05:00
TXN_1202,5M5T6CFP,122.35,44515,2026-02-07 04:37:00
TXN_2655,S515LEX5,75.86,38504,2026-02-02 11:58:00
TXN_1408,CEKS7FTN,60.22,12990,2026-03-18 21:29:00
TXN_2587,H9AAILRR,42.7,27412,2026-04-05 15:29:00
TXN_1622,DF6UFRCX,110.25,40525,2026-01-24 09:59:00
TXN_4727,0KFOD4H8,42.69,48309,2026-03-25 23:35:00
TXN_906,QJS964QL,22.92,45658,2026-04-24 12:09:00
TXN_4104,LPDZPL31,73.05,34086,2026-04-12 11:56:00
TXN_2615,6ESCXLJY,99.25,43496,2026-02-28 09:16:00
TXN_2344,EVPMT740,21.11,41280,2026-03-25 10:46:00
TXN_2112,B0C272A0,86.93,25652,2026-03-20 06:23:00
TXN_57,SJNHHDDC,45.33,13833,2026-02-11 07:37:00
TXN_4786,UDV24AW6,65.2,19982,2026-04-23 07:22:00
TXN_2466,9ATNLZPV,39.98,18137,2026-03-30 15:17:00
TXN_4106,NSEQYL95,32.83,25981,2026-03-26 17:22:00
TXN_1248,E92VTHQ4,106.88,39645,2026-04-22 09:42:00
TXN_1377,14KKFEEQ,95.42,20016,2026-03-26 12:54:00
TXN_2633,5J6GN88E,56.98,22170,2026-02-20 02:34:00
TXN_493,5YOVULSN,73.04,25536,2026-01-25 14:06:00
TXN_3518,W2VUPO3U,42.11,11270,2026-04-12 10:05:00
TXN_3699,YENOIG4F,92.73,17405,2026-04-27 16:49:00
TXN_4792,MZTLAF9D,60.6,25131,2026-04-09 14:25:00
TXN_185,P0DTWZQC,86.49,17003,2026-03-10 12:21:00
TXN_4008,GGU2GH8S,59.82,24339,2026-02-15 04:58:00
TXN_2829,K5M6ZNWA,58.01,28128,2026-01-11 11:38:00
TXN_2874,R3QJA9LT,23.34,35572,2026-02-06 14:56:00
TXN_66,KPCYAMMU,13.99,11471,2026-01-03 18:30:00
TXN_2955,2MVCI8RO,45.8,14017,2026-02-27 15:23:00
TXN_3278,U6101DHF,87.53,27694,2026-01-16 17:30:00
TXN_1882,NBH3WFG4,37.5,18094,2026-03-31 12:43:00
TXN_2419,VEI2D197,94.97,13340,2026-04-10 18:10:00
TXN_4808,EC50M8ZU,51.4,14389,2026-01-13 10:44:00
TXN_2942,T33QXDE3,63.31,19968,2026-02-08 07:39:00
TXN_2589,FRXZJC28,58.08,46511,2026-03-15 23:37:00
TXN_3909,UY4XQ4OR,55.5,47797,2026-01-11 17:40:00
TXN_4307,74VCQTHG,49.46,35274,2026-04-30 03:42:00
TXN_1701,11MB398F,76.16,10585,2026-01-25 23:46:00
TXN_4572,M0MNZ7Y7,19.19,49738,2026-02-11 09:07:00
TXN_3274,OIEDR09A,25.12,20324,2026-03-16 17:09:00
TXN_4948,PEJIU729,21.67,35888,2026-02-03 10:31:00
TXN_3797,0A1YKAPE,32.1,44279,2026-05-01 15:29:00
TXN_725,S68W9DRP,56.71,30006,2026-03-04 00:16:00
TXN_951,KCK9KD8G,79.3,22693,2026-02-12 23:08:00
TXN_1383,MNR38CL5,35.27,12786,2026-01-11 21:57:00
TXN_4042,QJYYR7JR,84.11,48357,2026-01-16 16:24:00
TXN_3516,CFPE3SFD,18.38,36322,2026-04-25 23:59:00
TXN_591,O1LFTJ4G,53.14,24658,2026-04-24 06:21:00
TXN_4135,5UHFTRVF,58.54,35122,2026-01-14 05:23:00
TXN_2173,DDECG8B5,71.88,43484,2026-02-27 01:38:00
TXN_3802,0BJNG3X2,49.05,40917,2026-04-20 11:10:00
TXN_4614,KJNMCJCN,41.4,50103,2026-03-20 01:42:00
TXN_1926,AZQX3C3A,72.44,21324,2026-03-10 00:18:00
TXN_4569,R4M48U8Q,70.21,30471,2026-04-04 18:06:00
TXN_386,VXAO2UKN,31.89,39643,2026-02-20 03:36:00
TXN_3215,A2QOCBSX,72.31,20643,2026-04-20 06:53:00
TXN_329,THDNCOAT,106.93,34495,2026-04-27 04:10:00
TXN_4378,WK6N3AVE,96.79,30258,2026-02-08 23:23:00
TXN_3126,EMFR9UKW,16.16,12233,2026-03-27 21:57:00
TXN_127,KWY4BJXG,34.4,34273,2026-04-26 08:42:00
TXN_4202,ZQK02XFU,17.87,41705,2026-03-02 19:33:00
TXN_2918,9EKDE4NR,65.23,20650,2026-04-11 20:37:00
TXN_3150,MPB7FDTU,33.42,42687,2026-04-22 19:05:00
TXN_3030,11VGNU7Z,30.3,22287,2026-01-06 22:52:00
TXN_4386,583TP5E8,37.82,35562,2026-03-12 10:29:00
TXN_1686,KN9O3YBL,24.28,29745,2026-03-31 17:15:00
TXN_2497,85US1A7Y,58.83,29159,2026-02-20 15:07:00
TXN_917,S353HSRJ,59.79,44348,2026-04-29 08:49:00
TXN_2255,JILU66GU,49.99,31766,2026-01-09 07:36:00
TXN_2302,38ZHCBBD,66.53,19153,2026-04-19 12:58:00
TXN_3531,X8SF5AFO,25.35,41650,2026-01-02 17:57:00
TXN_2866,OV7KLAZ2,121.83,43281,2026-01-12 03:49:00
TXN_4959,S38S5C1P,24.24,26767,2026-01-21 07:26:00
TXN_1995,J9M3IFRE,30.59,29400,2026-03-13 14:01:00
TXN_1594,88R79L0E,22.85,34375,2026-02-04 04:13:00
TXN_409,89CUK24H,17.06,11607,2026-04-19 22:15:00
TXN_4624,A6FOWP4O,49.26,37532,2026-01-18 21:51:00
TXN_3246,OEP3XBWJ,81.0,35741,2026-02-15 12:10:00
TXN_1785,QNGP5GNW,33.48,17977,2026-04-09 23:01:00
TXN_1163,G1BNNDJ6,21.9,40537,2026-03-25 01:27:00
TXN_1275,FX6KKGEJ,26.63,34977,2026-01-14 00:17:00
TXN_2953,1D5Z6481,26.49,13001,2026-01-25 02:55:00
TXN_4182,65YBJ1YE,61.89,34958,2026-04-11 20:23:00
TXN_4347,LMX6UFSN,51.23,27677,2026-04-09 19:40:00
TXN_1310,GDVL728D,87.38,37321,2026-01-23 20:49:00
TXN_BAD_8040,INVALID_VIN,50,20000,2026-04-10 10:00:00
TXN_4723,R496NQQS,26.45,19678,2026-01-22 15:15:00
TXN_3661,SBTLNCRR,46.06,35412,2026-01-10 21:06:00
TXN_4130,818LRLR1,86.23,25051,2026-02-25 11:12:00
TXN_3502,B58JT7CI,25.54,35754,2026-01-16 03:40:00
TXN_4353,LETI0P5Y,38.79,41608,2026-04-03 12:59:00
TXN_1782,577DHFGC,49.03,48966,2026-02-05 01:51:00
TXN_3183,3UHEUC1Z,81.14,24648,2026-02-17 04:18:00
TXN_892,04MPEJNG,51.78,28374,2026-04-08 10:51:00
TXN_1227,01175JTJ,47.97,23139,2026-04-04 03:34:00
TXN_3998,4Q9CKWJQ,69.93,46195,2026-02-08 19:20:00
TXN_4052,ZCNZACXX,28.09,28222,2026-01-19 03:34:00
TXN_4887,WE8GMGPL,77.36,21985,2026-04-15 12:15:00
TXN_1917,8LLUZQGN,55.93,43779,2026-01-16 09:51:00
TXN_4327,8VZT9FPD,100.62,46323,2026-03-25 03:11:00
TXN_1245,897XT6I9,69.46,35618,2026-03-25 06:39:00
TXN_4952,U1MJB1GN,60.87,16506,2026-04-24 14:51:00
TXN_2525,FJGJ7LCJ,43.67,25716,2026-03-06 14:57:00
TXN_2529,52W596OO,52.48,41515,2026-04-22 07:49:00
TXN_2863,QRHMATDW,61.8,22263,2026-02-26 17:56:00
TXN_2901,H1EDWGMP,26.52,28685,2026-02-26 17:50:00
TXN_1432,Y52N4ZZJ,78.81,43898,2026-04-22 12:10:00
TXN_2859,521MIN3S,39.11,20574,2026-04-20 19:36:00
TXN_3159,QEEFVO8S,63.95,44599,2026-02-16 09:09:00
TXN_888,IRN2YQZT,24.15,49543,2026-01-01 07:55:00
TXN_2409,WTR78CYO,103.42,20303,2026-01-31 06:21:00
TXN_3941,PW3YMV7Q,35.29,20347,2026-02-22 13:18:00
TXN_4498,GLNB2HMD,52.81,38777,2026-02-28 10:26:00
TXN_2842,GFG9P6P0,71.74,48017,2026-02-19 04:00:00
TXN_1250,YBOAKC06,77.19,45625,2026-03-28 19:16:00
TXN_134,7103PA4Z,16.02,34600,2026-02-19 08:44:00
TXN_4943,0VHZQ9ZO,29.15,10893,2026-01-16 05:37:00
TXN_4338,NL40XG1Q,44.13,21382,2026-01-07 09:34:00
TXN_889,WE2HVV20,57.45,22069,2026-02-25 22:12:00
TXN_3798,8RH6ZMKJ,32.64,18606,2026-04-10 23:46:00
TXN_3790,UIORA9BC,75.63,46840,2026-04-05 13:45:00
TXN_2461,06W98TBH,78.81,27563,2026-02-27 08:42:00
TXN_2968,E9TYRCOV,40.0,18889,2026-02-02 21:03:00
TXN_4967,J8Z2F6HI,48.63,34285,2026-04-18 23:45:00
TXN_3099,RGJ0MFIG,28.48,40811,2026-03-25 18:59:00
TXN_4963,I5RJV37G,25.07,13086,2026-01-11 07:03:00
TXN_2360,FYJ9BTVE,83.33,14580,2026-01-26 16:52:00
TXN_3713,2UQTHKTQ,43.53,35223,2026-03-25 19:36:00
TXN_3800,BK7TCKMW,63.83,24733,2026-04-11 09:41:00
TXN_3128,LCPAF56D,30.48,23568,2026-02-05 03:59:00
TXN_1690,75FR54VS,15.0,14956,2026-01-03 12:33:00
TXN_2450,4G7QM85R,47.4,48149,2026-03-29 11:53:00
TXN_611,R9KNUDOR,90.99,42536,2026-02-08 22:19:00
TXN_999,CT6NJFWM,20.17,29065,2026-03-31 20:29:00
TXN_2935,LMK42179,36.84,16981,2026-02-05 01:35:00
TXN_2067,M2ZMJVC0,75.64,41948,2026-04-16 14:49:00
TXN_3624,I7P58YUS,45.37,22534,2026-01-26 08:56:00
TXN_436,0HEQZ7C6,36.33,37884,2026-02-13 09:18:00
TXN_926,AN2TT6U4,28.39,15601,2026-01-25 01:54:00
TXN_4125,2SFFQ8CB,71.06,22189,2026-02-26 04:46:00
TXN_298,WP8ORMQ7,68.41,35419,2026-01-19 15:37:00
TXN_2086,N6XRJYCF,38.6,11607,2026-01-29 06:22:00
TXN_3940,K5IZI512,40.17,34801,2026-01-29 09:05:00
TXN_2826,RIPET2AK,36.78,47650,2026-03-14 16:27:00
TXN_3243,K0HC48NU,67.65,21654,2026-01-13 23:23:00
TXN_3054,PRCNJ502,42.5,15618,2026-03-30 08:22:00
TXN_2550,WJWGF3NP,54.77,33910,2026-03-14 18:32:00
TXN_3290,9TQS684T,53.45,45114,2026-03-22 15:09:00
TXN_2224,6Z5BBIH4,56.48,35180,2026-04-01 11:02:00
TXN_2577,JKRQ2VVJ,53.34,17526,2026-03-31 20:35:00
TXN_1691,05YVMA0T,23.37,33220,2026-03-24 19:18:00
TXN_1482,4AH2HCFM,75.84,16062,2026-04-24 04:08:00
TXN_242,TGVGXFG0,54.59,19793,2026-04-06 12:24:00
TXN_3613,UJQ8CQFI,80.28,17254,2026-04-10 03:52:00
TXN_4068,HLKMEVF7,75.25,45762,2026-04-02 12:13:00
TXN_4931,8Y77L6A0,97.76,35485,2026-01-13 11:17:00
TXN_4184,W1D6CESH,65.8,26599,2026-01-12 19:18:00
TXN_3038,01KESGQY,89.52,19360,2026-01-24 07:22:00
TXN_4574,UNKEUACE,38.67,25362,2026-01-04 09:44:00
TXN_1831,QANTGZUX,99.27,30270,2026-04-28 15:08:00
TXN_4755,9ZL7IM8Y,32.4,26692,2026-01-06 16:15:00
TXN_885,48TH7PZ2,-10,46932,2026-02-05 02:28:00
TXN_3500,5PT0DTKG,98.54,21900,2026-01-08 02:27:00
TXN_1920,EXPK2Q8F,87.58,17622,2026-04-02 14:00:00
TXN_3826,JBEIX9GZ,23.56,47651,2026-03-12 10:33:00
TXN_3547,3OSR4E1A,52.33,42070,2026-04-19 16:46:00
TXN_3433,RX0T3HI0,81.37,16581,2026-04-27 13:42:00
TXN_2100,F5VLZPDR,71.48,44540,2026-03-01 02:26:00
TXN_3205,PMA1KH8E,40.48,16475,2026-02-15 01:42:00
TXN_1036,9JEDTUHW,27.22,42037,2026-01-11 19:55:00
TXN_3804,34Y1VHFS,82.6,46570,2026-02-17 06:16:00
TXN_823,1D9WKT9H,72.34,25630,2026-01-03 00:19:00
TXN_1366,52OPZSVA,49.16,35389,2026-04-01 06:34:00
TXN_2783,4VAS2N73,86.96,41105,2026-01-27 22:43:00
TXN_1167,L22W1OVK,32.67,28796,2026-02-20 19:35:00
TXN_4227,081RN25W,64.57,41909,2026-01-06 21:44:00
TXN_3833,TXGPCMGU,50.9,21290,2026-01-21 06:42:00
TXN_4038,U2LZBR2Y,21.71,10213,2026-01-01 18:05:00
TXN_714,0X5D7KLD,76.68,32585,2026-01-08 23:57:00
TXN_4924,5DSBN6QN,77.48,47372,2026-03-18 16:30:00
TXN_1285,60OGVH41,83.94,27352,2026-03-23 11:36:00
TXN_4615,4GMQVZK9,36.82,24052,2026-02-02 07:46:00
TXN_2415,JK348WDF,23.52,32805,2026-02-12 10:07:00
TXN_2925,IFFT145M,-10,46922,2026-04-17 19:38:00
TXN_2869,GI7KOI11,66.13,46668,2026-03-07 09:40:00
TXN_1945,FB4H8K2Q,33.48,13268,2026-04-18 22:24:00
TXN_646,79IOHXD2,19.24,26488,2026-04-29 20:43:00
TXN_97,1RT2QFHX,96.67,36675,2026-02-17 00:58:00
TXN_4674,FYYG5N3V,28.39,44572,2026-02-13 04:12:00
TXN_2070,U14BREG1,31.5,18766,2026-03-23 02:35:00
TXN_1835,MWHDRHG4,65.8,19119,2026-03-18 14:03:00
TXN_4529,HCTT0M77,70.05,29509,2026-03-06 15:27:00
TXN_2781,FQXQMS30,31.45,32565,2026-02-12 09:44:00
TXN_3296,DQ9WPTVI,45.76,26438,2026-01-06 03:48:00
TXN_2134,PVM8GP86,85.84,11917,2026-03-21 16:01:00
TXN_4461,HKCUTOLH,60.17,20923,2026-03-27 14:03:00
TXN_4842,P5E16PMG,30.96,27188,2026-02-15 12:45:00
TXN_3311,C8NKXRVW,68.71,38408,2026-04-22 13:38:00
TXN_871,TV985YC8,39.88,35131,2026-01-19 16:03:00
TXN_4235,USOQS17E,31.1,31859,2026-03-18 14:01:00
TXN_1645,PHA2IXZ2,56.85,43150,2026-02-15 22:13:00
TXN_958,ZKGWBBRR,49.2,25622,2026-04-07 04:25:00
TXN_3815,DIX0NCXI,18.41,25851,2026-01-11 17:20:00
TXN_3070,NBJYBT7I,40.39,20473,2026-04-21 09:10:00
TXN_2509,ISBT4ODZ,81.59,30885,2026-01-18 15:32:00
TXN_2301,RAPHG0PE,69.71,35120,2026-02-15 22:48:00
TXN_2542,G87NCNYO,57.26,22033,2026-04-06 01:12:00
TXN_1518,G6IV80WM,23.95,34397,2026-04-17 15:46:00
TXN_3596,XZPV1YFQ,110.22,23701,2026-03-11 01:52:00
TXN_177,0LJWGSIA,103.15,29080,2026-04-05 20:49:00
TXN_3571,BIWPCI6E,82.3,29113,2026-04-14 06:35:00
TXN_4534,2VCSA03Y,105.65,45635,2026-02-08 15:43:00
TXN_4408,U609NE7L,45.94,43590,2026-01-04 10:37:00
TXN_4487,UWW28O4V,30.85,26627,2026-02-08 23:13:00
TXN_3060,S5AQMIQL,43.34,21223,2026-02-18 01:32:00
TXN_1720,7UI0VFJ7,12.92,49668,2026-02-12 17:47:00
TXN_1526,SJ3E7PMO,52.07,46554,2026-04-17 05:49:00
TXN_1872,YY53HXWI,61.75,16936,2026-03-16 11:53:00
TXN_1063,3UYCC9IL,40.17,34731,2026-03-06 03:54:00
TXN_3158,D0ABW0XB,19.38,40119,2026-01-07 13:04:00
TXN_3528,KR5MJP9Q,88.15,43463,2026-03-09 06:57:00
TXN_3435,ORSBALE8,78.81,47109,2026-02-24 23:31:00
TXN_3566,8SUEHDDR,68.97,10628,2026-04-21 21:00:00
TXN_4095,POWECTDY,65.46,39176,2026-04-27 08:07:00
TXN_1221,SURTV3JX,20.74,16888,2026-01-19 22:26:00
TXN_532,0PO1O7O8,63.89,13948,2026-01-04 16:06:00
TXN_3132,684ZUNR9,61.29,34142,2026-01-07 20:01:00
TXN_4859,PCB97AHE,71.1,22507,2026-03-02 07:52:00
TXN_3137,OOQNYXTH,77.99,23759,2026-02-07 19:04:00
TXN_743,6A3AB3LM,30.44,35008,2026-01-26 13:32:00
TXN_4744,UK8KKUCD,63.78,14701,2026-01-30 06:06:00
TXN_3541,DJPVJYAM,31.64,42211,2026-01-09 22:34:00
TXN_4313,H423JMVP,25.43,45159,2026-05-01 20:58:00
TXN_4881,25HY420W,34.59,19876,2026-01-30 13:12:00
TXN_2812,GAH1ZZ08,55.0,40257,2026-03-09 17:43:00
TXN_719,YLS5YQ4M,30.52,44078,2026-04-09 17:37:00
TXN_3269,08RBL3RY,54.51,44136,2026-03-11 20:22:00
TXN_1809,ITLQJ1AE,58.38,19369,2026-03-19 14:13:00
TXN_2898,1SYE687A,50.93,37551,2026-04-05 21:52:00
TXN_4274,0PV6IGYV,,25664,2026-03-19 02:09:00
TXN_998,1MFFH4FA,44.71,49249,2026-03-11 03:03:00
TXN_3533,CKZPL6TR,23.77,25231,2026-04-21 08:31:00
TXN_681,WYCAK6QS,89.28,21727,2026-01-04 05:11:00
TXN_3677,7XQY4V89,41.83,21884,2026-02-09 00:51:00
TXN_4939,YRIR9BF3,86.79,29574,2026-03-05 08:26:00
TXN_4507,OMAKC59V,77.62,47352,2026-04-09 19:59:00
TXN_103,6UY9G86Y,31.57,26319,2026-02-11 15:17:00
TXN_4708,GKXNZGR0,36.7,40181,2026-01-25 03:18:00
TXN_830,171X11FI,47.64,48444,2026-04-11 06:31:00
TXN_1692,537LN7JT,64.89,27707,2026-02-12 00:55:00
TXN_4447,E46ZHABL,26.35,30446,2026-03-04 22:01:00
TXN_4542,X0NBMRES,55.96,21692,2026-04-17 12:42:00
TXN_1930,B3Q0EBP2,54.77,40325,2026-04-13 15:04:00
TXN_977,OBYCW3EH,36.75,42316,2026-04-07 06:53:00
TXN_3486,5MUAK2CS,89.88,24062,2026-01-08 16:44:00
TXN_3803,QKC3R30I,69.17,39955,2026-02-11 10:20:00
TXN_1948,3RW0E3BV,15.72,17794,2026-02-21 21:50:00
TXN_2051,ILYNPSZP,82.56,38377,2026-03-04 17:19:00
TXN_1433,KDHBLMZB,31.12,24173,2026-01-27 14:18:00
TXN_112,V4DGFAFX,24.46,11848,2026-03-12 23:45:00
TXN_4972,KUHS0GXL,49.31,28453,2026-04-12 14:07:00
TXN_84,4GUIDITK,27.14,21462,2026-04-12 13:47:00
TXN_2997,37BCZU4J,90.11,16955,2026-01-26 03:53:00
TXN_425,WSL4NA03,58.92,31367,2026-04-08 19:08:00
TXN_3491,QUNJWIIA,63.9,31631,2026-03-17 08:14:00
TXN_1087,B0A3GCN0,40.52,47337,2026-01-06 01:49:00
TXN_1837,QABSG47F,43.13,13494,2026-02-12 15:24:00
TXN_3947,WOBXA3P5,94.5,13915,2026-01-13 02:43:00
TXN_1115,8E9FT5FP,23.12,25090,2026-01-13 21:13:00
TXN_3084,LKDQJQGN,76.05,12356,2026-03-15 00:31:00
TXN_4554,F2BAC3S6,,49867,2026-03-17 19:22:00
TXN_4689,TWIDI6CI,19.88,13081,2026-03-19 19:52:00
TXN_4215,B3L8YTAN,19.69,48670,2026-04-11 04:50:00
TXN_59,302NQNQZ,96.03,35486,2026-04-04 12:11:00
TXN_2625,XK4OKF37,79.21,32948,2026-01-28 21:56:00
TXN_635,A9G1ZZ8B,22.19,49656,2026-03-22 09:13:00
TXN_905,GHK7N8TB,62.24,16217,2026-04-21 20:44:00
TXN_3232,MLVZD4AX,74.75,21697,2026-02-02 07:32:00
TXN_2358,4GVC7MLW,22.63,31235,2026-02-07 00:46:00
TXN_2895,8HKYJE2M,91.13,49551,2026-04-28 00:36:00
TXN_1879,QJHABPDN,87.35,16181,2026-04-25 19:31:00
TXN_1225,9FWFVGB5,59.77,26977,2026-03-05 09:26:00
TXN_3446,OZM1EVZG,25.5,12463,2026-03-31 16:12:00
TXN_2464,ZIE4EA1Z,23.19,29361,2026-04-13 18:50:00
TXN_2237,ISRLUHI2,24.55,47732,2026-03-04 17:42:00
TXN_2911,1KPZLRGI,52.16,47971,2026-03-13 03:27:00
TXN_4035,16FCDP0U,52.06,47688,2026-03-13 23:42:00
TXN_4656,ZXCSZFE8,61.7,22236,2026-02-18 14:47:00
TXN_3265,CEDKEZ2G,82.56,38352,2026-04-14 22:54:00
TXN_3885,DJ6FA9WL,21.39,20915,2026-02-11 23:35:00
TXN_2939,7CI9TFGP,40.25,32125,2026-01-23 06:30:00
TXN_2857,G9L4DHU4,66.48,47426,2026-01-24 12:33:00
TXN_4722,YEA4L4HD,83.64,23057,2026-03-26 14:48:00
TXN_1064,68L29043,53.56,29257,2026-02-19 17:59:00
TXN_3779,SBQLLNLB,115.29,40905,2026-04-20 12:54:00
TXN_1870,TXBFGRJF,45.82,49534,2026-04-25 21:33:00
TXN_2860,UUWO27WF,50.95,45111,2026-01-18 08:27:00
TXN_1397,XSV7FJKP,90.25,23677,2026-01-27 21:27:00
TXN_4477,DOFDX7HL,61.25,26668,2026-01-04 06:29:00
TXN_3506,69IEG9KS,79.56,47206,2026-02-27 13:49:00
TXN_2221,VK8ID2VO,85.37,39838,2026-03-30 09:24:00
TXN_4236,XBN5CWZH,15.48,48867,2026-02-05 18:20:00
TXN_2999,RDRSV1RI,54.0,21735,2026-03-06 04:01:00
TXN_2257,4S73Y7XP,64.99,17785,2026-01-17 00:10:00
TXN_853,SYJXV4UT,91.37,33962,2026-02-26 17:41:00
TXN_1314,PNGHT9QI,25.51,24889,2026-03-14 20:59:00
TXN_3360,61L5SDOJ,27.42,36149,2026-01-22 05:47:00
TXN_3524,NYVDRM2K,41.95,44058,2026-02-14 20:07:00
TXN_19,H60CTWRD,19.35,48555,2026-02-19 02:43:00
TXN_1723,XLBKQEYN,94.85,42954,2026-04-03 14:31:00
TXN_740,Y6BPG0SY,40.48,29535,2026-02-21 16:50:00
TXN_2606,SYU33OKA,44.98,42626,2026-03-22 14:06:00
TXN_1427,CYAL3JQZ,31.68,37161,2026-01-02 09:44:00
TXN_1253,6SFT0N3Q,41.53,26767,2026-04-29 16:15:00
TXN_3548,RNAC1J05,16.66,40830,2026-02-21 13:02:00
TXN_2373,MPF2ZO7G,35.9,30241,2026-04-05 17:14:00
TXN_4764,LJWA9F2H,26.83,15153,2026-01-10 18:36:00
TXN_4241,2YV30APS,27.44,24373,2026-02-14 00:33:00
TXN_877,FKWVF2AE,86.95,40115,2026-04-08 15:34:00
TXN_2090,IFMLBLL9,52.61,28771,2026-04-03 04:30:00
TXN_1032,9TE95AXI,-10,12765,2026-04-18 19:55:00
TXN_68,60JRK7QP,70.63,15826,2026-03-30 09:25:00
TXN_491,A6M7IQYD,82.35,42494,2026-04-14 18:50:00
TXN_1226,PRBTGJKN,58.51,31347,2026-02-01 12:12:00
TXN_1932,GYU5OX8B,70.89,17092,2026-01-31 11:44:00
TXN_2899,NTV00WVE,33.73,40516,2026-01-22 12:18:00
TXN_3805,Z2SBV6SN,95.29,21432,2026-04-02 18:57:00
TXN_4545,GLASBL64,22.88,29120,2026-01-30 16:15:00
TXN_70,U44960B2,27.03,27179,2026-02-15 00:49:00
TXN_2984,B7XNCXSY,41.94,42447,2026-04-30 15:21:00
TXN_2148,8OVVX0Q0,62.56,49670,2026-01-25 05:39:00
TXN_4889,FHROIMLK,83.52,37277,2026-04-14 10:19:00
TXN_2883,DDDMOIJ4,48.45,32029,2026-03-26 05:31:00
TXN_3254,G63OF9H2,79.94,27866,2026-01-24 13:17:00
TXN_2906,TUWQY2V4,82.46,12715,2026-02-25 17:15:00
TXN_1122,3QC5K2KU,26.51,47141,2026-01-22 08:25:00
TXN_647,CV40FTG3,82.44,20819,2026-05-01 21:30:00
TXN_4221,A5VB65DQ,76.31,32256,2026-01-13 09:35:00
TXN_2378,EAW81LM1,71.23,21773,2026-02-16 21:46:00
TXN_269,P2RN48G5,17.5,47003,2026-01-04 19:58:00
TXN_119,F9J1URQ4,69.68,47559,2026-03-30 06:29:00
TXN_2650,GPM2ZJ91,77.54,30251,2026-03-28 22:02:00
TXN_4410,0AXWBBJJ,53.53,48207,2026-02-18 00:46:00
TXN_4363,OI83I55E,80.32,28686,2026-02-19 22:29:00
TXN_401,5I0PP6C3,83.19,25016,2026-03-10 07:28:00
TXN_1315,SS5TXNF1,25.1,49201,2026-02-14 09:15:00
TXN_559,XXT7KO5P,20.44,37070,2026-01-18 20:14:00
TXN_1159,55YVZBOT,71.09,12588,2026-01-24 01:01:00
TXN_2825,J2AQNVV1,56.13,48502,2026-01-26 18:48:00
TXN_4715,2F6DIENA,40.68,50203,2026-01-18 09:58:00
TXN_1750,TH50LX07,76.89,34382,2026-04-14 15:18:00
TXN_3964,N4OUNY0Q,20.33,33328,2026-02-17 04:45:00
TXN_2126,KSX2PZE0,28.77,17805,2026-03-08 05:28:00
TXN_2929,VEN8X9W7,25.77,26682,2026-01-28 09:08:00
TXN_3046,PAWFO3CY,53.45,11187,2026-03-01 10:06:00
TXN_4374,I2MAKKA2,45.04,32088,2026-02-20 20:17:00
TXN_799,3OYLB2E1,71.2,10863,2026-03-13 03:26:00
TXN_1997,TAE43RO5,88.71,26487,2026-02-13 18:08:00
TXN_4856,9RO0LP06,31.96,37195,2026-03-19 16:56:00
TXN_3177,KNXN7O0D,80.04,17117,2026-03-13 23:37:00
TXN_4109,M3UBD3I4,72.71,10927,2026-03-06 11:53:00
TXN_1825,AVZ55AFO,50.24,39380,2026-02-10 06:18:00
TXN_1593,ZR2Q1IUC,69.87,35966,2026-03-30 23:36:00
TXN_4325,9Q6OAS70,83.57,49786,2026-04-08 23:27:00
TXN_1632,0P09JH2K,67.99,11064,2026-01-03 14:52:00
TXN_4934,DBO9HB2A,94.33,10781,2026-01-13 21:17:00
TXN_4655,GSTYR5BQ,31.48,33173,2026-01-12 18:34:00
TXN_3526,QTRNB20E,59.37,26372,2026-03-07 08:32:00
TXN_645,345E69RB,57.37,41329,2026-04-05 06:30:00
TXN_3537,VXCJ5Z7L,49.34,19367,2026-04-29 07:49:00
TXN_2438,R2ERBYN4,50.43,35700,2026-03-05 15:59:00
TXN_85,2VPYJSCW,58.34,49318,2026-03-12 14:49:00
TXN_4554,F2BAC3S6,62.31,49867,2026-03-17 19:22:00
TXN_2053,RWW7BAG9,36.71,45698,2026-03-30 17:01:00
TXN_1403,0KHWNEVH,95.06,40503,2026-04-10 07:40:00
TXN_2181,ZV0X0IX5,20.51,28616,2026-01-29 20:18:00
TXN_644,5NTFNHJI,43.83,30444,2026-01-15 13:50:00
TXN_2316,1L3UBERM,17.22,31603,2026-01-13 09:28:00
TXN_4752,PYN31NKD,73.6,17678,2026-03-11 08:43:00
TXN_4767,VJJ7LVHF,41.67,27995,2026-04-06 08:22:00
TXN_4663,JIVNCP05,69.68,49201,2026-01-25 22:10:00
TXN_3391,GE4NGOTW,31.4,49313,2026-04-04 06:55:00
TXN_2244,ALCDTMD8,19.59,19252,2026-03-20 15:29:00
TXN_4365,VUO42UQF,55.08,27039,2026-01-18 04:48:00
TXN_2582,23HSAZ83,13.72,24687,2026-04-28 20:59:00
TXN_2714,07SQFKEI,32.9,39236,2026-04-12 09:14:00
TXN_3161,H9LMJAQI,69.33,32169,2026-02-13 04:43:00
TXN_4668,4W83KA0Q,42.72,46652,2026-04-20 16:13:00
TXN_3416,8ZS6BVA3,57.59,38012,2026-04-27 07:13:00
TXN_2744,NVQF4S1J,99.81,13493,2026-04-20 20:18:00
TXN_758,R2M5003Q,82.34,37860,2026-02-14 17:04:00
TXN_4683,TSQFYB32,30.92,37845,2026-04-29 22:15:00
TXN_3468,M6VB7HH9,49.96,43317,2026-02-20 07:49:00
TXN_2139,N347YH9X,42.68,12877,2026-04-27 02:54:00
TXN_4801,L2DZKTR0,27.76,12507,2026-04-25 18:50:00
TXN_2547,6YI8H3NW,63.1,19396,2026-03-08 16:51:00
TXN_2878,BKHV7J5X,58.71,25552,2026-02-22 14:09:00
TXN_3550,59CY6Y4H,44.08,15322,2026-04-18 08:45:00
TXN_2572,QY50T9JE,74.22,44361,2026-04-15 10:09:00
TXN_2038,7VR2SDV3,78.05,32647,2026-02-21 12:13:00
TXN_1362,IJQ9ZV7W,76.08,25831,2026-02-03 02:50:00
TXN_4099,HFOAYQT1,41.72,44990,2026-04-17 17:42:00
TXN_4429,X0BKI9VG,22.14,16074,2026-03-17 00:14:00
TXN_3160,93JKBR15,80.14,18404,2026-01-31 16:21:00
TXN_4832,ZC5AAE9Q,21.63,36200,2026-04-16 06:23:00
TXN_4441,K7BDGY31,73.27,47166,2026-02-25 01:53:00
TXN_1361,XLJ32SWH,50.45,35212,2026-04-17 06:50:00
TXN_4454,92E3460Q,61.02,33070,2026-01-28 19:35:00
TXN_3072,R7LV4FN5,58.45,25157,2026-03-31 04:07:00
TXN_726,3HSYR0JH,57.33,24497,2026-02-02 12:44:00
TXN_1162,VFLKOGL5,56.17,45271,2026-02-10 23:23:00
TXN_1453,IXB9PWB3,34.68,21779,2026-02-23 20:09:00
TXN_4326,0OJLOS8J,44.55,44710,2026-04-15 14:27:00
TXN_2335,O7FIEFH2,85.55,49061,2026-03-04 01:24:00
TXN_1898,P60UFAT1,29.18,10456,2026-04-18 15:12:00
TXN_4121,NA0LI7KW,63.76,24752,2026-03-17 15:32:00
TXN_3189,3AV0TKSN,69.47,30236,2026-01-01 21:57:00
TXN_2412,S1B78VL8,77.89,44773,2026-01-31 07:40:00
TXN_587,T6MWLJHW,55.51,15902,2026-03-07 07:33:00
TXN_4970,GU8SE3F9,58.0,31739,2026-04-11 13:08:00
TXN_4563,1FOAQFTE,38.99,23238,2026-02-01 07:20:00
TXN_4791,QV4F0ZXZ,92.94,25580,2026-03-23 01:38:00
TXN_2693,3XH1PAVQ,89.92,27960,2026-03-21 03:46:00
TXN_1598,CJTYH7JJ,50.09,46096,2026-03-28 03:04:00
TXN_3499,T25X7BWQ,82.79,34580,2026-04-23 22:19:00
TXN_3568,TN8LM7T1,65.5,12095,2026-04-16 22:37:00
TXN_4975,9L43QBCB,59.17,47448,2026-01-26 05:51:00
TXN_819,NV3REUPF,15.28,39715,2026-04-17 15:22:00
TXN_974,YF3RC4LX,86.91,18125,2026-03-12 11:05:00
TXN_1537,7LK70ZBV,29.76,16443,2026-02-16 12:02:00
TXN_2926,6Q39AFQ4,41.54,24544,2026-01-11 03:19:00
TXN_4229,FN4IJN81,29.33,31075,2026-01-04 19:06:00
TXN_631,J22SI7YO,52.02,12623,2026-03-11 05:00:00
TXN_1158,YV7TLOWK,79.52,43055,2026-02-16 20:56:00
TXN_1108,O8VRRF02,55.55,18794,2026-03-30 12:50:00
TXN_2799,E5TNXBZ1,43.24,13329,2026-02-27 08:06:00
TXN_3984,IZ9N1BKP,55.73,22306,2026-04-16 23:58:00
TXN_3113,ACNWW92G,39.44,17494,2026-02-01 11:32:00
TXN_3995,KLGDVLIA,66.77,24506,2026-01-22 04:37:00
TXN_517,UWOVEGOY,97.35,34574,2026-01-12 06:42:00
TXN_117,SCUH8QU4,46.22,14030,2026-04-25 03:11:00
TXN_3252,8XAN7627,39.05,17397,2026-03-29 13:21:00
TXN_2964,I9MWPFCH,101.29,29993,2026-02-22 03:33:00
TXN_4170,80J2BUBN,37.68,18478,2026-01-30 05:27:00
TXN_1173,AD33DDZH,46.29,15897,2026-01-19 11:49:00
TXN_166,5MPSVZD3,21.21,47014,2026-01-26 17:14:00
TXN_4336,MRF5P03K,50.8,12969,2026-03-19 04:01:00
TXN_2167,53KB0UHZ,99.14,45868,2026-04-11 11:50:00
TXN_1498,6ZPGBQHW,78.67,40544,2026-04-18 10:49:00
TXN_2665,N8ONJYET,24.94,10690,2026-03-20 23:34:00
TXN_2460,N6PWWZJ3,44.07,33041,2026-04-12 01:51:00
TXN_4333,SI0A6KWJ,33.36,32561,2026-02-21 20:14:00
TXN_3561,M2SISOLD,54.64,20212,2026-04-07 18:21:00
TXN_706,N5XMBETO,51.6,28448,2026-04-17 03:56:00
TXN_717,TARZ9PLJ,100.53,46076,2026-04-18 23:06:00
TXN_1268,IX3BD5R1,73.13,13798,2026-03-04 04:36:00
TXN_601,Z1MGNNAY,24.08,19821,2026-02-20 19:27:00
TXN_25,ZXUJ7FGM,51.04,29729,2026-01-15 22:56:00
TXN_850,09Z821IN,95.14,25557,2026-02-07 00:31:00
TXN_207,I74R3RKC,35.82,31545,2026-03-15 02:25:00
TXN_1273,VLB6RQ99,30.57,18341,2026-04-10 02:25:00
TXN_1833,8LJC106Z,56.82,43517,2026-03-02 09:07:00
TXN_2414,QEDFQJK8,33.86,30853,2026-03-02 07:19:00
TXN_52,1Z3D2ZL9,63.92,43684,2026-01-14 22:51:00
TXN_360,YRVN5MOW,53.84,43581,2026-04-23 10:27:00
TXN_3877,YFZQE350,84.42,16770,2026-01-24 02:11:00
TXN_2009,ZLJT5ERP,47.73,29500,2026-02-23 02:56:00
TXN_247,5LLUYU7B,73.61,46731,2026-03-05 08:15:00
TXN_680,92NTGDCU,51.07,34480,2026-01-17 13:27:00
TXN_2469,V25QR2ON,38.75,46585,2026-01-24 11:00:00
TXN_2644,86LYEZI9,37.74,34317,2026-04-23 10:05:00
TXN_783,IWQ031QW,62.8,22331,2026-02-13 05:20:00
TXN_3292,GQHVT1BA,57.15,16819,2026-03-15 14:29:00
TXN_4779,C6IAL0I6,75.08,35262,2026-03-30 07:59:00
TXN_67,MKBMTD3K,36.8,36960,2026-04-02 13:19:00
TXN_4030,NR2ODR6T,28.87,41159,2026-01-14 16:39:00
TXN_4257,DM9ZAP80,73.36,12393,2026-04-21 07:28:00
TXN_770,843B9TN4,75.95,16583,2026-02-19 03:18:00
TXN_3125,CRUYK8XX,76.93,31309,2026-03-27 07:11:00
TXN_4111,KSZNIXJE,42.36,23543,2026-02-20 12:04:00
TXN_4393,V0PWWM16,53.32,44308,2026-04-28 21:46:00
TXN_1791,S5FUC0J0,42.94,19637,2026-02-20 23:42:00
TXN_4716,O8Z652MW,28.24,29739,2026-03-13 15:58:00
TXN_128,C3CE7SNQ,61.03,40504,2026-01-05 20:28:00
TXN_1954,GKA3XP4D,60.83,12455,2026-02-09 04:45:00
TXN_3422,XJOGY66R,42.81,38887,2026-05-01 15:54:00
TXN_3829,T31HBDZ0,61.0,10594,2026-04-27 05:51:00
TXN_3147,DMB3JPSB,37.58,42992,2026-03-15 01:21:00
TXN_2308,B9OF03N4,43.73,42599,2026-02-06 18:53:00
TXN_4883,7GIR381X,42.9,19876,2026-02-12 00:17:00
TXN_3133,4TFS0QNT,40.71,50085,2026-04-06 14:30:00
TXN_3634,Q2NEQZKQ,28.79,18420,2026-03-21 12:48:00
TXN_920,Y09S5LFT,45.66,26166,2026-03-07 17:22:00
TXN_1387,6TD86LRK,46.53,19059,2026-03-27 06:58:00
TXN_4660,O387ESIW,59.04,22818,2026-03-25 08:43:00
TXN_1414,R8PN692W,25.63,31959,2026-03-20 14:06:00
TXN_2423,T97KSENN,24.78,16328,2026-02-26 17:46:00
TXN_4575,J4LQAL1G,41.2,24770,2026-04-10 17:11:00
TXN_4332,8G4P5PPJ,21.47,39898,2026-01-05 08:38:00
TXN_4987,D367E1AZ,61.96,44214,2026-04-04 08:58:00
TXN_672,0MKRN3YG,88.97,27007,2026-01-09 09:25:00
TXN_4290,OHT1UKRV,58.74,41230,2026-01-09 17:28:00
TXN_3854,97XN0J10,49.93,37799,2026-01-31 04:02:00
TXN_4625,62IKU3J4,32.67,43447,2026-01-08 11:43:00
TXN_2541,ZGEO2NLL,28.11,44214,2026-02-07 04:46:00
TXN_2905,KULZL1U6,61.98,10303,2026-05-01 18:25:00
TXN_3006,2G8YZBW9,45.98,41253,2026-03-01 12:59:00
TXN_626,SZ9TJARO,67.82,44610,2026-03-12 22:01:00
TXN_510,49JEFVJL,71.3,17346,2026-03-18 02:27:00
TXN_3075,D7TDAQ9S,51.1,18110,2026-02-01 23:54:00
TXN_3809,6M8L9S2O,19.74,44164,2026-01-13 03:13:00
TXN_870,RHYT2GC2,81.54,20886,2026-01-12 22:58:00
TXN_2699,KUPYGUFG,80.11,48572,2026-03-04 02:00:00
TXN_3429,G84C6KCQ,48.69,20761,2026-01-03 16:32:00
TXN_2159,3L9IFBFF,36.92,36649,2026-03-15 02:28:00
TXN_1683,DJQ3IB6G,22.16,47309,2026-03-05 17:11:00
TXN_3450,BBA7R0IM,62.87,17661,2026-01-30 22:28:00
TXN_4982,YASR6E4A,25.8,45361,2026-01-07 10:14:00
TXN_4845,Q3HF0ARA,22.37,43036,2026-03-14 02:00:00
TXN_3811,637LD6Z7,99.91,33517,2026-01-12 13:35:00
TXN_2383,1TAVWQCU,33.81,19483,2026-01-11 05:37:00
TXN_704,H2LVDXYB,24.43,46561,2026-04-14 19:55:00
TXN_1579,KA8T5GXR,60.81,49749,2026-05-01 06:38:00
TXN_190,BYDECKHC,61.97,41710,2026-01-13 10:08:00
TXN_846,Z357RFPL,94.12,30748,2026-03-13 13:13:00
TXN_842,D5GH1OW7,78.93,20479,2026-03-21 23:44:00
TXN_1382,EYVHALXB,53.06,45591,2026-02-28 21:27:00
TXN_3922,SORBG8XU,51.84,36871,2026-02-11 01:38:00
TXN_2492,EYBH3V0B,58.53,35399,2026-04-19 10:17:00
TXN_4273,6TDBJI3C,23.52,11253,2026-03-14 20:56:00
TXN_3734,3LXM1LY0,20.37,44523,2026-02-17 13:22:00
TXN_2206,NCJZOXWQ,78.12,11063,2026-02-12 22:50:00
TXN_1489,WSFQSEBZ,72.6,10508,2026-02-25 21:26:00
TXN_1418,P16G0Q3H,31.17,29232,2026-03-10 03:22:00
TXN_4115,PM4MW1A8,55.84,10526,2026-01-18 17:17:00
TXN_4448,SGUSRVM9,41.5,47220,2026-04-26 02:57:00
TXN_1946,N0CMVEJ1,84.79,24945,2026-03-09 21:51:00
TXN_1964,0FF9VSLX,44.36,11068,2026-02-21 14:46:00
TXN_2058,7LVEF8JZ,73.73,20402,2026-02-11 11:57:00
TXN_1553,DEX39KFU,27.07,21645,2026-01-16 04:07:00
TXN_1757,H7F5HKWE,95.57,42142,2026-04-25 19:12:00
TXN_764,O1JH67QJ,58.16,43328,2026-02-06 04:45:00
TXN_1321,9TE95AXI,56.12,13030,2026-01-06 18:03:00
TXN_2043,4G3CIV25,47.76,40764,2026-01-23 11:31:00
TXN_2473,EMF1DOY0,78.27,30521,2026-01-09 05:35:00
TXN_578,CQOP7E6I,96.44,18045,2026-01-20 07:46:00
TXN_4264,4I3I8J9Z,24.51,29009,2026-04-24 06:06:00
TXN_4320,UGR2F5SZ,42.29,43397,2026-03-29 10:07:00
TXN_1767,Z0H5ZMBI,73.23,44994,2026-03-23 07:44:00
TXN_502,A11AEO2U,52.2,37127,2026-04-05 21:47:00
TXN_454,1S1BJTKX,36.69,24173,2026-03-29 23:49:00
TXN_1585,Q88TMBP6,46.2,32969,2026-02-26 20:27:00
TXN_1257,WGKWWU94,58.65,18473,2026-03-04 07:31:00
TXN_300,38WTUP59,20.08,31309,2026-04-13 23:22:00
TXN_2182,A54PJSTY,16.36,36719,2026-01-16 14:46:00
TXN_3602,O588VAC4,40.35,27137,2026-01-29 00:45:00
TXN_318,ZV1DKFV7,39.97,30289,2026-01-14 12:41:00
TXN_1351,0TVFND6Z,71.02,42788,2026-03-01 18:20:00
TXN_3794,JMC34WSP,85.24,42317,2026-03-21 15:55:00
TXN_2903,SCWD5I9L,74.54,30871,2026-03-28 11:19:00
TXN_1557,YQSEQY8Y,50.95,26502,2026-03-03 22:19:00
TXN_2896,421UUGMP,28.66,41526,2026-02-06 12:14:00
TXN_2592,YGUF9MIK,28.4,29331,2026-01-08 17:27:00
TXN_1272,N6RA0J5K,82.26,31469,2026-02-07 20:22:00
TXN_4675,F4XAMNQC,62.67,12567,2026-04-24 03:10:00
TXN_4113,5TD6T331,34.41,19176,2026-01-25 22:45:00
TXN_462,3ZSVGY45,35.39,29197,2026-01-02 03:43:00
TXN_4584,F22SBUOJ,59.39,17975,2026-01-20 10:23:00
TXN_1075,MK29OS5G,31.11,27768,2026-01-08 10:53:00
TXN_255,MYRM4D3M,99.07,47764,2026-03-31 16:04:00
TXN_976,SMC07TJC,43.82,34135,2026-03-08 15:23:00
TXN_549,NPH163YP,45.28,34852,2026-03-14 05:50:00
TXN_3764,51OL6F0W,62.56,38471,2026-02-25 22:00:00
TXN_2680,KOSX8UTD,86.72,44852,2026-02-05 21:59:00
TXN_550,DSXSO0G0,39.64,30299,2026-04-26 16:54:00
TXN_1938,75QOXTHW,42.04,40847,2026-04-11 23:20:00
TXN_3314,I6LBJ8IZ,72.79,37749,2026-04-06 10:52:00
TXN_2303,8G8O62LX,74.82,14250,2026-02-22 10:22:00
TXN_1663,C8NUPOY4,55.25,23410,2026-02-24 02:51:00
TXN_1479,LOVTFUVE,30.13,34426,2026-02-15 05:52:00
TXN_1077,8WT5H3VI,83.34,21277,2026-02-06 18:28:00
TXN_3743,SOH4U153,20.92,24442,2026-02-19 16:11:00
TXN_3848,JQUDXE43,74.52,24908,2026-04-19 07:08:00
TXN_3976,C3ZSS7QA,17.6,25019,2026-04-28 12:15:00
TXN_176,5BCVU78I,66.66,12803,2026-04-11 17:28:00
TXN_3791,GPKNV7WT,43.07,24730,2026-01-12 04:40:00
TXN_3386,6HEXPH0R,30.85,34553,2026-03-25 01:10:00
TXN_4910,B0LBAD1V,43.51,27115,2026-02-23 01:54:00
TXN_299,FJFPNQ8D,85.21,39267,2026-03-15 22:18:00
TXN_1409,QGR9R7HX,51.84,29575,2026-04-07 13:07:00
TXN_3949,VD5APJ4N,58.24,24540,2026-04-24 04:06:00
TXN_4458,F8VNKS1Y,17.77,32858,2026-03-05 17:38:00
TXN_2560,QKVG5BLC,57.87,28100,2026-01-25 06:05:00
TXN_1356,18U058AO,54.11,45394,2026-04-11 14:57:00
TXN_856,QO7VYFVP,68.52,17808,2026-02-27 07:22:00
TXN_331,9BXN5GBW,90.86,31865,2026-01-10 19:52:00
TXN_3034,SU96ZNHK,34.81,11251,2026-02-05 20:13:00
TXN_1181,JPPVYJYO,33.21,36753,2026-04-12 14:12:00
TXN_2299,U70B943W,75.66,14456,2026-04-21 11:42:00
TXN_2544,23S6NNMG,49.78,32328,2026-03-30 01:39:00
TXN_1540,S6XOQBMQ,76.74,40539,2026-03-16 10:54:00
TXN_794,7WJP5784,52.89,14527,2026-01-25 03:52:00
TXN_1822,L53OXSBI,29.92,47565,2026-02-17 18:21:00
TXN_614,SL2YVMWQ,42.59,16929,2026-01-05 16:49:00
TXN_1928,0SGL2SBI,95.48,35117,2026-04-18 13:24:00
TXN_3436,SFV8WZJG,47.33,31028,2026-02-25 01:07:00
TXN_1742,WL1ECA1Z,27.86,38027,2026-01-02 05:42:00
TXN_2521,QBW1B35X,59.06,46031,2026-02-01 23:04:00
TXN_984,SZZUGG40,38.98,42094,2026-04-19 08:21:00
TXN_1956,URILQSLP,68.23,48530,2026-01-19 12:26:00
TXN_3452,K132O6FE,19.36,15196,2026-03-11 05:50:00
TXN_3549,96Y0DIED,91.05,30121,2026-03-03 00:50:00
TXN_4848,3B91GCZG,15.68,31868,2026-03-24 07:58:00
TXN_3963,ACKS5Z6F,87.97,33348,2026-03-07 12:00:00
TXN_4028,HAHVBBI9,66.2,26430,2026-01-25 11:32:00
TXN_3695,LJA1JPV1,88.77,22081,2026-02-19 23:58:00
TXN_1794,7YGBFRZ8,21.21,26266,2026-01-29 18:51:00
TXN_3787,Q55ET3MP,28.08,35079,2026-01-15 04:45:00
TXN_178,AZLNPJMH,78.32,31982,2026-04-14 15:14:00
TXN_4589,8D9Q5OF5,77.96,10537,2026-02-24 14:26:00
TXN_132,22X56S0V,24.13,13509,2026-02-19 06:07:00
TXN_2901,H1EDWGMP,-10,28685,2026-02-26 17:50:00
TXN_2717,D6WGZIBD,64.58,13570,2026-01-21 05:36:00
TXN_4449,APQK6PA7,34.39,34580,2026-03-05 00:45:00
TXN_1485,RJEI130C,60.28,46174,2026-03-28 07:27:00
TXN_4917,58UDTUKN,45.97,12117,2026-04-24 12:27:00
TXN_2785,CWQ54ZQP,25.98,34985,2026-03-04 09:54:00
TXN_2421,9Z8W03ZX,69.74,31377,2026-04-19 03:52:00
TXN_3484,J4INA4T0,71.58,31275,2026-01-30 13:54:00
TXN_2627,G0BH3P85,27.22,29189,2026-01-21 21:45:00
TXN_341,XHICFHXB,24.98,23242,2026-04-21 11:18:00
TXN_732,BV12ESQ3,69.03,17903,2026-04-03 23:01:00
TXN_1323,0AOOHHJK,65.48,33258,2026-04-08 01:47:00
TXN_2745,1XMA9Y37,59.71,47046,2026-03-09 22:18:00
TXN_3950,U0UZG2M4,58.14,23299,2026-02-03 02:40:00
TXN_1017,81P6MJQG,12.49,28193,2026-04-11 12:15:00
TXN_297,KZWECXMW,58.38,45358,2026-04-16 05:35:00
TXN_1589,OMRRPUMK,50.08,21378,2026-04-15 03:17:00
TXN_890,3JZIKTJZ,27.51,36209,2026-02-13 14:59:00
TXN_2399,RUWJIV69,26.49,30463,2026-02-23 22:02:00
TXN_2015,OLUVAXSS,51.91,27719,2026-04-25 12:47:00
TXN_3106,LURP8UCU,55.94,39190,2026-04-27 18:42:00
TXN_1561,QB8T7J7T,70.72,37132,2026-03-15 02:39:00
TXN_3953,3TS3VK6N,41.42,24137,2026-02-27 01:51:00
TXN_694,EJYV7C1J,75.78,12254,2026-01-23 20:56:00
TXN_1152,15HZVMCK,66.16,20825,2026-04-27 03:13:00
TXN_638,OZJPMZCB,45.51,46190,2026-02-04 05:45:00
TXN_4472,SI3PB2WK,31.31,45713,2026-02-08 13:06:00
TXN_2795,76B0Z1QM,20.87,35071,2026-03-10 16:55:00
TXN_781,2U60UQQ8,18.99,39003,2026-01-05 03:31:00
TXN_3255,PQRCR4C9,66.22,46330,2026-03-24 10:08:00
TXN_1972,LG6ICKMZ,75.13,28130,2026-01-01 20:58:00
TXN_1522,KGC8B0T0,43.17,34016,2026-02-08 00:10:00
TXN_857,PSMT9KCP,51.05,41187,2026-04-28 07:39:00
TXN_124,BI1PITDQ,55.08,34032,2026-03-31 01:02:00
TXN_779,E4NNCJVB,71.52,50327,2026-03-08 19:24:00
TXN_3887,ZHHC9K9P,67.5,30777,2026-04-20 02:28:00
TXN_3627,G1BFGQKK,48.43,18735,2026-04-07 13:03:00
TXN_800,RA0M6VPW,93.69,19862,2026-04-22 05:01:00
TXN_2263,66BG8T3E,88.43,16155,2026-02-28 11:23:00
TXN_3323,7AUORFSV,55.85,47754,2026-01-21 03:56:00
TXN_201,I6UBTILB,43.48,31897,2026-04-27 09:29:00
TXN_4540,TT17TZX6,36.09,24726,2026-02-28 05:28:00
TXN_2227,6LN5HDF8,96.47,25496,2026-03-05 16:20:00
TXN_1949,IFCKG6PF,37.81,29494,2026-04-18 09:58:00
TXN_BAD_5185,INVALID_VIN,50,20000,2026-04-10 10:00:00
TXN_3392,P9ERAVNN,50.06,39698,2026-01-19 09:15:00
TXN_4097,CE9I39NB,58.08,15512,2026-04-13 03:41:00
TXN_2886,5N54C9O6,25.52,12621,2026-02-06 20:59:00
TXN_3933,53FBZQIV,86.18,29489,2026-03-25 18:32:00
TXN_3522,28SG4VAM,44.13,26058,2026-04-02 09:07:00
TXN_1006,D8E4W1H1,36.82,13542,2026-04-10 19:35:00
TXN_4240,ULDQUFO5,94.29,19200,2026-02-27 09:49:00
TXN_624,5WVOTNEM,40.86,31385,2026-04-10 03:54:00
TXN_3479,5JMR0TO4,30.63,13762,2026-04-11 01:31:00
TXN_3467,RNEJ8QLS,76.51,26799,2026-01-24 13:31:00
TXN_171,7FJK4WXU,81.88,44086,2026-03-22 08:34:00
TXN_2810,DH9A1OFM,50.74,18763,2026-02-03 10:56:00
TXN_3795,C2MOFJC1,75.96,34610,2026-01-09 01:38:00
TXN_1696,JBERXLFE,14.11,34679,2026-03-27 12:52:00
TXN_4276,KAMU5L12,36.41,34776,2026-01-28 17:33:00
TXN_515,ZFA0203J,40.96,15252,2026-04-02 01:13:00
TXN_153,HETYFYTS,87.31,29232,2026-03-03 20:36:00
TXN_2707,WG6ZG794,17.47,30684,2026-01-21 11:39:00
TXN_1231,V0UQA8HL,86.53,36005,2026-02-24 14:43:00
TXN_1325,JPC46X0S,26.69,29226,2026-04-02 18:59:00
TXN_4626,4L4NWCPT,88.99,22867,2026-03-19 18:34:00
TXN_2204,HXYY3OVV,63.32,45003,2026-02-14 17:08:00
TXN_1905,SIKYBZFO,62.02,33742,2026-01-09 22:34:00
TXN_2833,H5XE09XU,33.02,32261,2026-02-26 00:54:00
TXN_1071,HHW0UELU,36.32,49875,2026-01-19 14:15:00
TXN_2688,H43CNUHR,32.97,43067,2026-04-21 11:50:00
TXN_3785,RBM30REL,27.98,35316,2026-04-24 07:33:00
TXN_3187,IZ1JKSIF,,37293,2026-02-04 22:55:00
TXN_4294,W7M9V1XW,19.58,29634,2026-04-10 18:03:00
TXN_3934,BA9E6NSI,53.69,49456,2026-02-18 06:51:00
TXN_4830,X99MCFPS,76.96,11418,2026-02-14 12:46:00
TXN_1986,G73YNOJ9,69.62,47365,2026-03-05 07:18:00
TXN_2534,WWQ28EGZ,80.59,17583,2026-03-25 02:11:00
TXN_388,2958YX2O,44.5,22199,2026-04-01 18:58:00
TXN_2436,6WW5HR01,100.44,49975,2026-01-03 02:39:00
TXN_1147,DNFJKQ97,40.07,30421,2026-01-15 07:23:00
TXN_3750,3BQQJRXD,50.52,33265,2026-01-27 07:24:00
TXN_4814,ONFF4RF1,75.05,28283,2026-01-27 03:33:00
TXN_2962,CSG7G7GD,13.88,11862,2026-01-25 00:56:00
TXN_1510,TE3WG4NE,35.09,39450,2026-02-08 11:56:00
TXN_3250,DMPLHQH9,57.58,24352,2026-03-26 06:43:00
TXN_2007,PDT1P0PS,37.45,40536,2026-03-12 21:03:00
TXN_2728,9XND6QGB,60.67,25085,2026-04-14 07:49:00
TXN_1749,QP5HR5RV,68.82,48462,2026-03-06 10:09:00
TXN_3615,AEIRLTY7,39.14,30865,2026-01-09 05:36:00
TXN_2620,IS59WVLZ,70.36,20007,2026-01-29 12:54:00
TXN_1240,2U49U4VE,82.45,44980,2026-01-31 12:26:00
TXN_1676,MEGV90IF,30.81,21317,2026-01-28 01:09:00
TXN_3970,YTJP3DM1,30.87,26529,2026-01-20 07:31:00
TXN_2552,X9FID077,67.33,48660,2026-03-06 05:56:00
TXN_4156,W7ZXFDBB,44.9,13270,2026-01-07 00:31:00
TXN_3680,X79X4DZ5,102.29,46013,2026-03-09 06:11:00
TXN_261,Y2HPSTZK,49.67,22464,2026-03-13 03:35:00
TXN_925,6RGFM2VG,57.37,35750,2026-04-26 17:53:00
TXN_664,L61BVBOC,45.0,44355,2026-01-25 18:21:00
TXN_3460,YJWJGV58,87.43,16696,2026-01-21 05:20:00
TXN_914,Z5ISDNI1,53.81,15897,2026-03-28 08:36:00
TXN_4084,S0IEDQBM,102.43,23638,2026-03-12 02:19:00
TXN_3876,1JIRWEZ9,35.35,27577,2026-01-30 23:56:00
TXN_3305,3INZ3KF5,51.6,13742,2026-03-11 05:27:00
TXN_2047,PEBINW8A,96.64,48141,2026-01-15 20:57:00
TXN_2048,KLMWSOY6,45.87,39159,2026-01-20 22:47:00
TXN_1458,FPSGTXD6,75.82,41397,2026-03-05 17:55:00
TXN_4367,4ETBZJE6,33.6,27337,2026-01-21 04:06:00
TXN_3241,GVNLB69V,42.43,42905,2026-02-10 19:53:00
TXN_918,8BTABCE2,44.86,23001,2026-02-17 15:13:00
TXN_2154,FWC1O7Y5,97.73,31155,2026-03-18 03:31:00
TXN_294,CXH73FUL,56.87,44702,2026-01-13 17:43:00
TXN_827,WGZOUUED,22.87,36476,2026-04-20 09:25:00
TXN_3630,NOR99FMW,29.39,36548,2026-01-19 13:05:00
TXN_3033,KQ5KJN31,36.02,12661,2026-02-03 18:51:00
TXN_2021,CZV7W6JY,30.78,40921,2026-02-06 16:44:00
TXN_3708,JG77AM20,42.81,14667,2026-03-01 03:45:00
TXN_4517,ZKFIJHZR,24.12,32542,2026-03-27 05:22:00
TXN_1146,959WOUKL,62.71,10727,2026-03-16 14:10:00
TXN_2637,PYS4SS5O,87.57,24337,2026-01-13 12:59:00
TXN_1984,16WYHMZ9,23.61,29992,2026-02-03 16:14:00
TXN_4587,9L5RQB42,88.71,31481,2026-04-04 21:31:00
TXN_2232,C00OZN49,55.92,34637,2026-01-22 04:50:00
TXN_4442,XZ5T7VB8,40.28,46651,2026-01-07 04:20:00
TXN_394,V0PIDYRI,31.14,40087,2026-03-28 15:52:00
TXN_4820,BV3G89FD,48.18,20979,2026-01-10 16:11:00
TXN_4874,P3GXOVU6,19.08,14696,2026-03-03 22:04:00
TXN_1766,2N34FBWB,47.15,25215,2026-03-22 14:46:00
TXN_2641,2W6UXX6P,25.82,22279,2026-02-05 01:21:00
TXN_2956,G3XC245R,74.66,33628,2026-01-18 17:26:00
TXN_4058,DF8C5SYZ,23.3,21746,2026-02-17 02:17:00
TXN_4189,JBBLJFOD,82.74,18305,2026-02-16 07:06:00
TXN_3003,RIC12TLY,26.92,28617,2026-03-27 17:06:00
TXN_376,BQW1WPT5,13.94,43191,2026-03-15 01:39:00
TXN_3707,Y36TAOVT,53.78,10756,2026-01-05 14:48:00
TXN_2787,XE7YI0QQ,78.26,47206,2026-01-19 06:50:00
TXN_2629,76YJ5E89,30.38,22965,2026-03-10 17:01:00
TXN_3906,2G8GLHFB,64.36,32204,2026-01-26 19:13:00
TXN_3916,8NXAVL3R,20.76,19540,2026-01-05 17:29:00
TXN_193,JLQETGHI,66.96,37643,2026-04-12 00:28:00
TXN_1769,T7JOT79G,65.72,43224,2026-02-25 13:59:00
TXN_1465,922TOFUW,66.73,37291,2026-04-01 12:54:00
TXN_2540,5O4UGLPX,82.93,19291,2026-03-13 03:58:00
TXN_4452,9JPK1URQ,44.49,42938,2026-04-08 03:57:00
TXN_1715,DV6521KW,89.88,21664,2026-04-25 13:40:00
TXN_1991,NF82L5Z5,53.88,45832,2026-03-09 10:20:00
TXN_173,83AZ10ON,21.48,34233,2026-01-31 04:00:00
TXN_3361,427ENZ8W,41.9,31449,2026-01-24 23:17:00
TXN_579,RICVOQWX,73.17,22526,2026-04-24 10:12:00
TXN_1924,SCSUOG40,68.58,28283,2026-01-07 00:12:00
TXN_2082,0BGR3S2O,52.64,49003,2026-02-22 00:08:00
TXN_4475,UKKMB37I,45.22,43528,2026-04-27 19:17:00
TXN_4179,F670KCVE,30.71,19220,2026-01-05 00:33:00
TXN_4192,KC82E90N,47.67,13611,2026-03-14 04:43:00
TXN_4292,U2R7IQTX,21.96,42194,2026-01-14 20:50:00
TXN_3869,RPZ2STXS,65.34,12854,2026-01-28 11:30:00
TXN_2037,ENAR2JWE,35.28,35275,2026-01-09 00:13:00
TXN_20,M10JT56Z,66.75,34258,2026-02-25 09:48:00
TXN_1706,62VBLBET,37.12,20564,2026-03-06 05:11:00
TXN_2149,0J4VQZMH,59.75,42015,2026-03-25 01:56:00
TXN_3510,U860OBCK,30.17,37407,2026-04-08 00:09:00
TXN_1245,897XT6I9,69.46,35618,2026-03-25 06:39:00
TXN_65,GB0KI5QQ,89.87,43427,2026-02-07 15:39:00
TXN_3732,8M8Y08J0,97.8,41564,2026-01-22 22:35:00
TXN_4014,EPG4UAK7,,48149,2026-03-09 15:15:00
TXN_2687,4RAO9PBG,22.89,43270,2026-02-14 09:21:00
TXN_2843,TL6FSLY2,34.96,11786,2026-02-02 04:43:00
TXN_607,4OIM1CLP,16.64,31442,2026-01-28 08:08:00
TXN_636,SPGG672N,111.7,36717,2026-03-02 12:31:00
TXN_3066,BEDN0ZFG,17.79,13371,2026-01-10 14:08:00
TXN_2604,IN6O1VHX,79.08,39235,2026-04-16 08:24:00
TXN_3226,QILJ0PCY,-10,47558,2026-03-15 17:28:00
TXN_3757,MYPLLP81,73.99,12902,2026-01-05 22:25:00
TXN_3061,2GXWKCOP,75.23,18991,2026-03-24 07:00:00
TXN_1500,YW7KMRP3,46.11,48878,2026-03-08 04:48:00
TXN_4590,7NZALWJE,68.57,32210,2026-01-26 22:16:00
TXN_4482,2B983FA8,41.24,28437,2026-03-14 10:22:00
TXN_4640,VOON26AO,31.15,40489,2026-01-10 04:11:00
TXN_1052,JAS5FMGG,79.14,46728,2026-03-20 18:05:00
TXN_1133,AXUI27B6,26.17,43554,2026-04-22 04:36:00
TXN_4631,32AKHKE6,21.76,33412,2026-04-10 13:15:00
TXN_4642,UYZP7ZSP,33.24,30767,2026-02-15 20:18:00
TXN_2046,7UXTGUIU,23.53,40925,2026-04-17 04:14:00
TXN_4263,24I6WUXE,59.68,12634,2026-03-07 19:56:00
TXN_3395,95T71WT5,31.0,48584,2026-03-07 17:33:00
TXN_4606,A0IC6OQA,39.43,41329,2026-01-22 16:38:00
TXN_475,MCMMIMWE,104.59,18979,2026-04-20 12:54:00
TXN_315,2RGFH8X0,77.19,31685,2026-01-24 06:37:00
TXN_2711,S0VOKTGK,50.68,21251,2026-02-03 13:07:00
TXN_3272,98ND3UG8,56.0,30824,2026-01-07 09:21:00
TXN_3572,HI314JAK,79.92,23468,2026-03-30 01:00:00
TXN_3926,6VGBITXC,33.89,23832,2026-03-18 21:51:00
TXN_3580,IYLRH8R8,51.75,10797,2026-02-07 11:37:00
TXN_1642,SO4CYBA7,57.46,26096,2026-01-30 20:46:00
TXN_1199,QL9WUAZX,59.02,25045,2026-04-15 20:39:00
TXN_2840,LO8M5UFN,34.68,45519,2026-01-07 07:15:00
TXN_2393,C1N7T8VQ,29.54,32780,2026-04-28 04:21:00
TXN_2207,GVVFEYPM,73.72,20549,2026-03-27 12:31:00
TXN_2732,JP7UQ761,101.54,13824,2026-03-28 00:33:00
TXN_195,X4AXIDAE,90.94,16376,2026-03-01 11:16:00
TXN_2931,SYYUMOTZ,72.57,27318,2026-03-08 12:59:00
TXN_972,7HEXMGWP,25.41,16940,2026-01-14 08:02:00
TXN_3651,475MDKQ4,78.74,50178,2026-04-22 18:56:00
TXN_1134,EFF20F4G,32.53,15098,2026-03-23 16:05:00
TXN_2684,PXUQ46MO,64.71,23507,2026-02-08 01:38:00
TXN_2499,J0H8UFS9,21.48,36988,2026-01-02 03:06:00
TXN_2515,O4I0PFYP,39.64,45627,2026-04-24 16:47:00
TXN_477,PK1OFDPT,21.22,24749,2026-03-02 12:18:00
TXN_3222,C6O7HSIV,87.48,27728,2026-01-29 14:56:00
TXN_4804,D4QOZ3ZH,90.21,35638,2026-01-06 21:47:00
TXN_391,HTAEFTWX,39.51,41620,2026-04-08 18:14:00
TXN_99,46ODQC01,84.3,26268,2026-01-24 00:18:00
TXN_1878,O8NL0TP9,24.16,49763,2026-03-04 02:57:00
TXN_3059,AX2VDVEV,35.39,31875,2026-03-16 05:07:00
TXN_4763,4EZ6TRDX,68.96,45277,2026-01-17 01:14:00
TXN_4426,SFZTAO26,44.75,14351,2026-02-01 10:55:00
TXN_2945,R7ZTTP1N,19.45,36046,2026-01-03 20:38:00
TXN_33,UX5D3H1O,64.31,25756,2026-03-25 09:48:00
TXN_3420,QLWDLFT0,58.04,24401,2026-03-09 11:49:00
TXN_3280,61DK8I4O,21.57,38303,2026-02-25 07:27:00
TXN_3594,5U2U5HPV,38.25,17931,2026-02-25 21:39:00
TXN_2390,DY16Q9RV,83.93,24917,2026-01-29 08:47:00
TXN_2645,P01SVT1S,34.92,24988,2026-01-30 09:42:00
TXN_4838,05862Q63,21.64,43969,2026-04-10 13:06:00
TXN_3989,BLNUIU17,39.29,38655,2026-04-26 13:06:00
TXN_2752,5ETVHG2G,,23001,2026-01-27 14:36:00
TXN_378,9211RB8M,57.26,12266,2026-01-03 17:56:00
TXN_4680,ATBL3ZSR,54.07,28627,2026-02-21 21:27:00
TXN_1384,I9FBNHUJ,86.21,24174,2026-02-06 02:19:00
TXN_1737,SLKWHXHT,36.71,34368,2026-01-17 14:18:00
TXN_463,WG8Q97LR,93.69,39646,2026-03-29 15:55:00
TXN_835,6H4WHRSG,46.0,14593,2026-05-01 16:58:00
TXN_1624,7SHLFG9Z,30.44,12583,2026-04-04 14:15:00
TXN_4411,ANS33OS6,15.29,32239,2026-02-05 08:23:00
TXN_3993,QGH1H7Y6,18.61,39188,2026-02-20 08:12:00
TXN_724,L91O1NTO,,44176,2026-02-11 00:49:00
TXN_3226,QILJ0PCY,69.65,47558,2026-03-15 17:28:00
TXN_3298,06RJCEV8,43.36,30140,2026-01-24 13:21:00
TXN_162,VYIQUP4Z,70.21,44303,2026-02-28 06:01:00
TXN_2622,SBH2FLT5,44.75,12954,2026-01-15 18:37:00
TXN_1428,WX720URM,75.27,29432,2026-01-18 21:20:00
TXN_2364,9RJHJBRB,104.65,22547,2026-03-13 16:35:00
TXN_1220,A3V844ZL,58.74,19890,2026-01-10 07:16:00
TXN_1532,8KRVTNF1,17.3,45211,2026-04-04 20:24:00
TXN_2314,CO999G5V,76.26,13474,2026-01-07 01:39:00
TXN_3521,JV4E0FCH,28.59,26935,2026-04-13 18:50:00
TXN_58,L6T0R72T,18.33,12795,2026-03-27 21:00:00
TXN_2372,W4FSFWEO,13.77,37443,2026-02-23 07:03:00
TXN_479,O1DHGCZ5,58.79,48565,2026-02-08 17:51:00
TXN_2197,ZOTUXSAB,72.93,43143,2026-04-25 00:48:00
TXN_2266,7FS4IKCP,40.88,22581,2026-03-14 20:28:00
TXN_3913,MFEXP4VV,36.76,30351,2026-01-21 13:13:00
TXN_1856,JJ0G1MKZ,34.02,39439,2026-04-18 07:53:00
TXN_1968,OMCRTVVL,60.94,10985,2026-04-11 01:08:00
TXN_4107,923OBFQG,87.58,37640,2026-04-01 03:19:00
TXN_3739,ITXL1RSK,68.53,28249,2026-01-08 18:19:00
TXN_3582,ZEO2AJ3S,70.58,14634,2026-03-01 05:17:00
TXN_1795,9ZIJLUXM,25.79,43571,2026-04-28 16:42:00
TXN_3591,KOLTYUZJ,52.65,48978,2026-01-06 12:15:00
TXN_3409,BU9ULGEE,84.97,21672,2026-03-08 20:07:00
TXN_186,XEUGTV77,20.56,21687,2026-04-21 17:04:00
TXN_3514,59TZM7Y7,14.72,27494,2026-03-28 02:58:00
TXN_4645,UMNSJS4X,60.24,11123,2026-01-18 12:10:00
TXN_3210,NZD9H2K1,61.38,14234,2026-03-30 21:44:00
TXN_342,0IMTVRV6,71.96,26422,2026-01-07 15:24:00
TXN_4957,VNKNYGIZ,46.83,18630,2026-01-20 15:26:00
TXN_3745,TKH1O5V6,55.31,47898,2026-04-17 21:04:00
TXN_151,FLZMYBX4,89.68,19365,2026-02-23 06:26:00
TXN_4523,M9WC5Z8S,95.27,41938,2026-04-17 07:45:00
TXN_226,LNPK1I8C,32.36,12989,2026-04-01 16:22:00
TXN_3000,3ZDWBSAO,73.55,34604,2026-04-26 23:10:00
TXN_4582,0V0ZCP7B,77.43,18635,2026-02-13 15:10:00
TXN_1623,5XBXQOR8,24.64,24754,2026-04-22 04:16:00
TXN_2599,0HIGBFBH,33.29,19114,2026-03-21 10:28:00
TXN_1694,JD4686NQ,74.16,33410,2026-03-07 09:37:00
TXN_3184,X66SB7CR,52.39,44199,2026-04-21 02:44:00
TXN_3262,U25VLEDL,77.15,46440,2026-04-03 10:09:00
TXN_4014,EPG4UAK7,52.39,48149,2026-03-09 15:15:00
TXN_1284,X6ENPBGU,60.95,40971,2026-05-01 13:10:00
TXN_2674,KAN0G77Z,107.93,26535,2026-04-05 18:17:00
TXN_1013,9R1JK3MH,90.96,25504,2026-02-03 07:44:00
TXN_3788,FN0UFF83,46.25,34246,2026-02-12 01:23:00
TXN_2847,2Z43S3UQ,80.24,23859,2026-03-04 13:51:00
TXN_2260,FA72WT0N,97.52,26094,2026-02-03 19:18:00
TXN_1467,87729ODY,59.73,25563,2026-03-24 03:44:00
TXN_731,C01LDSWO,55.63,32222,2026-01-31 12:29:00
TXN_3682,DPAY9OOQ,69.14,26117,2026-04-18 04:57:00
TXN_1318,NZ33E32K,27.85,49505,2026-04-20 07:28:00
TXN_373,ZASH5UPG,36.9,36757,2026-02-06 18:06:00
TXN_4608,Q7IFZ5LC,31.0,31973,2026-04-28 03:46:00
TXN_3703,QAN5Z3BE,23.33,16121,2026-04-15 00:20:00
TXN_3079,R9HQYZL5,78.72,42666,2026-01-24 09:32:00
TXN_598,JJUBTWPK,57.73,43852,2026-02-24 08:10:00
TXN_1073,H30AAE0W,69.25,12078,2026-03-19 13:24:00
TXN_1752,DI0CI1IV,18.41,40380,2026-02-27 11:10:00
TXN_1174,CPHFIZZ6,50.19,13101,2026-02-26 08:30:00
TXN_1665,OCWSUNCG,60.04,12695,2026-03-17 21:49:00
TXN_2658,5EWH8UBA,84.0,16770,2026-04-18 19:22:00
TXN_2258,3HN2P015,55.57,32195,2026-02-05 22:25:00
TXN_2941,DE6B0AX3,69.91,28291,2026-04-18 19:48:00
TXN_2502,296YNSCU,51.21,14307,2026-01-28 03:30:00
TXN_4632,NEKY4XPS,47.18,19989,2026-01-10 21:50:00
TXN_1824,MXB9AL78,85.43,49814,2026-03-29 21:58:00
TXN_3063,2MJXHMP3,42.51,13139,2026-01-21 21:48:00
TXN_2917,EF88387O,80.19,44788,2026-03-24 19:12:00
TXN_3856,CZ1LYQCF,52.79,43368,2026-02-05 16:13:00
TXN_2852,6153N4UK,70.03,22361,2026-02-02 09:20:00
TXN_1659,MDZ8YIWW,84.79,42853,2026-02-28 07:49:00
TXN_3977,HRXY3NA1,46.21,47344,2026-04-08 00:58:00
TXN_1620,M5PDK0VS,37.22,47203,2026-03-24 10:09:00
TXN_3414,EQ1GKBN0,26.56,31806,2026-01-02 18:18:00
TXN_3880,HI9H5MCU,43.22,43960,2026-01-30 23:29:00
TXN_3383,3SAPKHAX,46.37,36371,2026-02-26 12:46:00
TXN_4914,UX2TZXZO,100.29,34013,2026-02-26 06:00:00
TXN_2737,AQGVDY3O,23.76,31893,2026-01-22 03:31:00
TXN_2084,VHJASQO7,41.23,14058,2026-03-05 14:11:00
TXN_3601,W6FD02LD,84.86,16932,2026-04-07 05:41:00
TXN_3761,9N91UKZZ,42.25,40847,2026-04-25 09:58:00
TXN_3263,D9LX208J,57.87,43116,2026-02-19 21:12:00
TXN_1416,7QJGVZYA,42.72,16073,2026-01-30 21:21:00
TXN_2203,V4460LMJ,77.14,43314,2026-03-17 21:17:00
TXN_1922,N3ERTFA3,92.17,33475,2026-01-03 02:38:00
TXN_251,HGDTTHW4,23.26,15056,2026-01-01 17:48:00
TXN_4983,C7H4VQLA,15.15,47826,2026-04-02 09:01:00
TXN_2269,TNN4X50R,72.11,22758,2026-04-29 14:26:00
TXN_4469,BQDQLPVI,52.69,36405,2026-01-25 15:54:00
TXN_1143,BWYC5HNC,100.58,20376,2026-04-29 18:39:00
TXN_2837,BJRS2M9G,20.57,37191,2026-03-11 17:20:00
TXN_3273,HVY9LRYJ,77.07,28104,2026-04-13 12:33:00
TXN_4209,B4ZORRR7,65.97,29196,2026-03-23 03:01:00
TXN_1141,KAKCZBYF,51.56,16506,2026-02-10 22:39:00
TXN_4894,3O05GCCV,35.46,33341,2026-04-01 10:44:00
TXN_4010,055JY59B,76.64,18426,2026-02-16 03:27:00
TXN_1921,80OPKRZK,17.41,28844,2026-03-20 04:30:00
TXN_3832,A2YV84DX,38.51,48205,2026-03-11 04:01:00
TXN_3432,AWYIK5T7,81.66,17264,2026-01-06 18:50:00
TXN_4349,AZHIPUXV,67.92,32357,2026-03-01 22:24:00
TXN_3353,76CAJPP0,49.79,37183,2026-02-03 04:56:00
TXN_883,WMK6PFPG,107.54,21990,2026-02-25 10:28:00
TXN_3920,DJOQF3H6,31.53,39699,2026-02-01 23:36:00
TXN_2689,86ETD7M3,47.7,44051,2026-04-22 19:55:00
TXN_1130,EZSPO0T7,48.38,49510,2026-01-15 02:47:00
TXN_215,ZLKSL5X6,75.99,49914,2026-01-07 13:34:00
TXN_4298,BU8T2Z4B,51.31,45243,2026-04-08 21:26:00
TXN_1246,1IK3BU4A,74.71,46927,2026-04-27 15:45:00
TXN_1830,8X25CLOT,61.68,19490,2026-02-10 11:32:00
TXN_1497,RHU5VE0C,66.55,27207,2026-03-17 06:06:00
TXN_227,LRWKYQ6S,76.09,37940,2026-03-25 10:12:00
TXN_683,ML3GEQUO,42.8,47788,2026-02-26 03:36:00
TXN_2643,4HKQ7O0R,55.96,18863,2026-03-11 20:25:00
TXN_1993,AA0PVL8V,64.03,41140,2026-04-16 04:21:00
TXN_1422,R3PHYB7X,53.67,42162,2026-02-15 18:45:00
TXN_4415,0AK5TALT,59.63,29663,2026-02-25 14:32:00
TXN_1764,5V21A6ZL,54.39,10588,2026-04-29 00:53:00
TXN_2721,QS3R1F0D,86.52,15730,2026-03-27 07:02:00
TXN_3328,WBV3QPZT,40.4,50007,2026-03-12 21:53:00
TXN_3208,EWZ0D664,98.1,23667,2026-02-11 19:55:00
TXN_915,C96R8956,23.11,46864,2026-04-12 05:04:00
TXN_3857,DXKX7NU0,75.64,11034,2026-01-05 07:35:00
TXN_2913,BX0K8YRI,-10,38009,2026-04-08 16:39:00
TXN_2767,B2AGMUPL,48.33,33025,2026-01-17 07:35:00
TXN_1994,OHWFPR5V,38.88,23630,2026-01-11 22:33:00
TXN_4603,OKDK4JPI,42.06,33375,2026-01-07 23:56:00
TXN_3385,D6D1KHIX,30.94,18334,2026-03-10 08:30:00
TXN_1962,MPN5I02C,64.41,31971,2026-04-04 08:45:00
TXN_1312,T30Y79XX,24.07,10499,2026-04-14 08:11:00
TXN_1082,LTZ2NSQD,20.35,15773,2026-03-14 05:14:00
TXN_438,0RO0K7FQ,102.51,42543,2026-04-04 01:30:00
TXN_4043,QXQTJOQ0,98.92,45990,2026-04-15 19:24:00
TXN_1975,5NJSE5JV,36.3,23541,2026-04-21 04:06:00
TXN_4904,WK68EI4F,58.94,17869,2026-03-31 11:16:00
TXN_3655,1DMR8GVI,35.97,11970,2026-01-24 05:14:00
TXN_3367,GSJYFOV4,44.83,47637,2026-01-17 23:39:00
TXN_4749,0646W2MP,81.67,30841,2026-01-01 04:11:00
TXN_416,AKDMRVL6,49.82,42961,2026-01-25 23:09:00
TXN_858,Z3WCACZ1,65.67,37041,2026-02-08 23:28:00
TXN_1653,PP3E1ZZG,38.26,14201,2026-03-28 07:24:00
TXN_2178,60Q0XC5T,47.21,19378,2026-02-26 22:45:00
TXN_130,AHDQDFJS,95.29,39781,2026-03-10 04:16:00
TXN_2538,TYHVZYZ8,35.49,16901,2026-02-07 08:50:00
TXN_2400,FVYYFJTL,70.52,46074,2026-01-30 23:43:00
TXN_1601,6EKTE4Z5,0,13938,2026-04-11 12:11:00
TXN_3996,Q8IU2E7W,54.18,11830,2026-04-06 22:34:00
TXN_3124,DDHRTIKB,18.1,33603,2026-02-10 23:57:00
TXN_1329,X6IV4OA9,22.17,34936,2026-01-16 21:13:00
TXN_3919,Z1LXPRAP,76.5,27637,2026-02-27 10:21:00
TXN_1068,9N44H0GG,81.45,19073,2026-01-08 03:08:00
TXN_4730,MCEQ607Q,68.47,47453,2026-03-29 21:34:00
TXN_1086,DIGRNP6P,44.24,26225,2026-02-18 09:00:00
TXN_3845,8T6X7GXG,22.2,42376,2026-04-20 18:34:00
TXN_791,9YUE2FQW,66.71,43561,2026-02-05 18:46:00
TXN_4118,1SDQBQUH,34.79,30751,2026-02-15 01:50:00
TXN_4909,5SNEFML8,44.22,35740,2026-02-17 12:31:00
TXN_3939,K7N55BFX,74.8,22269,2026-03-12 00:12:00
TXN_4024,3STV2N49,71.23,25862,2026-01-19 04:38:00
TXN_4088,C5WCZFDU,97.03,29246,2026-04-30 22:55:00
TXN_1931,RRQ9OKYP,34.45,24540,2026-01-15 20:54:00
TXN_891,UFV9PEAA,82.9,31631,2026-01-24 08:34:00
TXN_907,JA1UG8SI,87.1,46901,2026-03-31 23:01:00
TXN_4803,Y3P7TUC5,37.06,42633,2026-02-01 03:05:00
TXN_1039,RCQJMYM8,79.46,32493,2026-01-16 09:49:00
TXN_4000,YPEUYQXX,103.29,38195,2026-03-28 22:57:00
TXN_4733,R3RFKJHF,30.99,46356,2026-04-08 03:17:00
TXN_2539,8R06G4H5,106.45,19605,2026-01-08 05:32:00
TXN_1266,LF7CRR02,24.79,41698,2026-04-18 19:49:00
TXN_2630,PHF67FFP,37.53,30196,2026-05-01 01:00:00
TXN_3412,DR91789N,23.48,23060,2026-03-10 12:12:00
TXN_147,S2UX0HKN,84.72,40876,2026-03-27 13:29:00
TXN_3019,CFEFLU1N,92.83,15446,2026-04-21 12:25:00
TXN_4821,U9YZTDJN,55.38,49986,2026-05-01 11:04:00
TXN_1281,WUCM94QC,68.46,46700,2026-02-05 15:19:00
TXN_89,EF13YIYF,28.37,22364,2026-03-21 03:26:00
TXN_1860,BPG5K4DZ,32.14,24787,2026-01-12 21:18:00
TXN_1792,RME2MMZH,46.46,35183,2026-01-19 02:01:00
TXN_2355,BVZX19AU,18.53,30344,2026-02-14 10:48:00
TXN_1737,SLKWHXHT,36.71,34368,2026-01-17 14:18:00
TXN_979,72TG5VJQ,60.06,22494,2026-02-18 08:06:00
TXN_2730,ZOUY0ZCX,59.67,26376,2026-01-15 16:24:00
TXN_2993,1XY48B5W,30.28,11947,2026-01-14 01:20:00
TXN_3987,STPFBNSX,22.36,29493,2026-02-26 06:12:00
TXN_3342,2BYOO9C1,34.04,32748,2026-04-13 16:01:00
TXN_1666,MGM0G0PU,36.99,22045,2026-01-09 15:10:00
TXN_4055,CM1I3JNY,25.07,49330,2026-01-04 22:27:00
TXN_1840,AHLIYU7A,68.24,23287,2026-03-22 01:36:00
TXN_1112,MXH3LGFW,25.97,18365,2026-04-19 17:59:00
TXN_3454,HHVPHOFR,81.34,44078,2026-04-05 23:47:00
TXN_482,5139PJQP,57.26,14670,2026-01-03 23:23:00
TXN_3852,3L8IMCPK,23.43,31068,2026-01-25 05:57:00
TXN_893,JBXO1F9M,63.67,30032,2026-02-23 16:43:00
TXN_174,OBQIUA6Z,31.88,28270,2026-02-01 23:49:00
TXN_4419,V8FYLBN0,25.91,25621,2026-04-17 14:54:00
TXN_810,GVPIK6WD,20.83,40267,2026-01-04 20:16:00
TXN_927,A867F576,79.9,35131,2026-04-18 20:28:00
TXN_3623,Q9DFND0A,77.42,28848,2026-01-10 00:10:00
TXN_140,E0HG0H66,59.96,31812,2026-04-10 20:30:00
TXN_3986,LE75TF53,20.37,22252,2026-02-10 22:27:00
TXN_4047,DHBZGG10,34.68,47559,2026-04-07 01:37:00
TXN_23,KLNMP17F,81.07,30358,2026-03-05 03:22:00
TXN_3340,8YM95GAO,35.79,25229,2026-03-02 14:24:00
TXN_1001,ZB5Y87XT,46.39,19839,2026-01-06 19:02:00
TXN_2253,56WK8SUE,18.47,37694,2026-03-30 10:19:00
TXN_3347,JGKONO7V,27.62,22334,2026-02-12 06:43:00
TXN_3408,HH697QHC,37.45,41780,2026-03-31 13:24:00
TXN_1614,DO5R6TNM,93.19,47420,2026-03-29 10:53:00
TXN_4580,38F78W94,37.28,24476,2026-02-02 05:23:00
TXN_3711,TA9QNJX5,83.85,19164,2026-03-12 05:58:00
TXN_4512,THGGXVB7,79.97,41559,2026-01-05 12:53:00
TXN_3377,5TMKEEA2,24.97,22186,2026-02-06 00:41:00
TXN_2864,854Q251Z,26.3,29165,2026-05-01 09:04:00
TXN_1915,A3Z1XSIG,72.13,16334,2026-04-30 21:27:00
TXN_4688,0TEUXOZR,76.08,33411,2026-03-20 02:58:00
TXN_1276,B8TJPXKG,92.91,14266,2026-01-30 22:29:00
TXN_4591,SX1K08G4,53.4,37327,2026-04-12 11:51:00
TXN_2026,UGHERKPN,50.26,28068,2026-05-01 12:24:00
TXN_2449,7MCKUD3R,31.2,10827,2026-02-17 00:37:00
TXN_735,G2EXBESY,58.58,16409,2026-04-05 04:25:00
TXN_2347,93IEJTLN,59.73,40284,2026-03-04 23:15:00
TXN_272,BGUTYZ1B,45.23,45244,2026-01-04 22:53:00
TXN_314,ZMA1DGEX,81.93,42195,2026-02-26 20:30:00
TXN_3345,J4DB7H3L,34.12,25687,2026-01-01 21:55:00
TXN_83,GUGU2VN9,56.65,40304,2026-04-30 07:46:00
TXN_4438,A5JG0YOC,26.33,13901,2026-02-02 12:23:00
TXN_2380,Z1GX5SUQ,30.28,45732,2026-02-15 16:06:00
TXN_1429,Z1FQ12QY,39.79,35887,2026-01-06 14:00:00
TXN_940,O9AMJQ2P,72.02,36906,2026-03-29 14:17:00
TXN_2754,1TBXBBBQ,60.68,37672,2026-02-27 03:21:00
TXN_4566,FCVSKA0V,43.88,48724,2026-03-17 15:23:00
TXN_2020,SOB442KD,25.28,17589,2026-03-25 21:45:00
TXN_4023,UUMU8MIK,49.73,46490,2026-04-24 19:49:00
TXN_2722,YSW6A8PJ,92.15,44348,2026-03-08 18:18:00
TXN_3994,CQ54MLSO,25.36,43154,2026-03-23 14:48:00
TXN_3493,KG501BGM,33.85,29794,2026-02-14 01:18:00
TXN_3303,COK1PKC4,14.49,41817,2026-01-30 14:50:00
TXN_2994,1D62OOK6,17.18,47141,2026-01-28 02:20:00
TXN_4746,PVUDJ6XV,38.07,48939,2026-03-02 11:33:00
TXN_615,MRXBW8WT,57.51,38034,2026-02-22 05:19:00
TXN_431,9RX0KGQG,48.46,19652,2026-03-19 23:14:00
TXN_3337,1KQEHFZI,11.97,48150,2026-04-11 23:01:00
TXN_1796,BY2YM9W6,38.81,30029,2026-03-26 07:43:00
TXN_102,63V6F0WA,85.81,35893,2026-02-21 00:22:00
TXN_621,DFWR0C28,61.89,15225,2026-02-26 16:44:00
TXN_1149,KG0F1XJQ,26.83,39089,2026-01-18 12:21:00
TXN_BAD_2398,INVALID_VIN,50,20000,2026-04-10 10:00:00
TXN_4884,AG56ORVQ,62.47,22961,2026-02-28 21:06:00
TXN_650,8C1PCOAX,52.52,45614,2026-04-23 11:32:00
TXN_2252,7Q29UNZW,52.18,18595,2026-04-13 06:49:00
TXN_675,JV7PNUVO,50.04,38157,2026-04-18 16:19:00
TXN_4790,0Y7X3OJP,80.64,27200,2026-01-17 09:54:00
TXN_3077,48HRT9D7,95.6,36038,2026-01-20 12:07:00
TXN_4694,U955R748,53.2,19954,2026-02-15 09:40:00
TXN_3415,KY5PLC1B,75.81,14163,2026-01-27 07:10:00
TXN_908,SBKILS7T,35.87,39420,2026-04-07 19:38:00
TXN_4796,EUSR0V6M,31.9,24746,2026-04-21 12:34:00
TXN_548,5SXKPKBY,25.09,20877,2026-03-30 23:27:00
TXN_169,Z2QC4PAC,49.02,36742,2026-01-05 05:27:00
TXN_2848,Q6MQJOFU,88.9,41432,2026-04-24 04:44:00
TXN_1238,ND29ZH0F,57.77,41231,2026-04-30 23:48:00
TXN_2087,BZ91R437,30.91,37495,2026-04-27 13:58:00
TXN_1678,W4MQE8RH,66.35,19434,2026-04-20 16:31:00
TXN_133,0NLD8MFI,29.21,24304,2026-02-21 13:51:00
TXN_762,4QCGL6MN,59.15,39019,2026-02-28 09:11:00
TXN_1533,TW0DNYYC,30.01,41446,2026-04-30 06:23:00
TXN_3110,GLRSSJNX,75.4,26047,2026-01-16 21:18:00
TXN_4913,22X56S0V,23.73,13705,2026-04-05 16:02:00
TXN_3813,Q17I3KIV,28.54,36011,2026-03-13 14:49:00
TXN_4105,VNHJXHMF,49.84,14399,2026-04-05 07:27:00
TXN_1810,3WFHXH2N,96.05,32328,2026-02-01 04:17:00
TXN_4270,WASP9J9L,60.74,14001,2026-01-04 22:24:00
TXN_2970,645ZNCVV,63.74,17705,2026-01-05 13:19:00
TXN_308,TD0M8V1P,57.8,48698,2026-01-14 03:23:00
TXN_2796,9QJAYXTV,18.74,42841,2026-02-04 05:00:00
TXN_2158,IOIC80FE,83.46,48906,2026-03-27 12:38:00
TXN_4726,VUERFS5Z,32.47,26620,2026-01-14 00:34:00
TXN_544,SO2MZW8H,75.96,30771,2026-01-06 06:24:00
TXN_3428,HM43S26Y,26.21,40071,2026-01-20 12:54:00
TXN_2623,LZG0CKJ7,52.49,41387,2026-02-18 16:55:00
TXN_2518,DH25LZKW,25.79,31208,2026-01-25 07:57:00
TXN_2772,KUX1NEU8,65.14,38815,2026-04-08 03:09:00
TXN_380,3DC80FFM,64.87,32318,2026-03-29 12:43:00
TXN_1527,8CP644SY,56.19,41905,2026-02-18 11:29:00
TXN_2161,67MM013F,59.69,48543,2026-02-21 10:24:00
TXN_2233,TL3L19DZ,88.64,20385,2026-03-16 15:43:00
TXN_4505,C9OG6KNJ,38.48,47789,2026-04-01 23:52:00
TXN_2153,40TQ6OAH,29.59,45778,2026-01-04 17:52:00
TXN_2686,96UA80W6,89.22,43282,2026-04-21 02:19:00
TXN_994,A4S4XVTC,41.03,40597,2026-04-01 01:05:00
TXN_4581,GU931GZU,101.96,24935,2026-04-26 21:27:00
TXN_2354,SHH1VSFW,30.3,38424,2026-02-08 18:23:00
TXN_4598,UUF54DZP,32.36,40498,2026-03-22 21:47:00
TXN_4557,YCGUSW99,20.89,48327,2026-04-14 01:11:00
TXN_3115,0ICSRZBI,54.26,33430,2026-04-01 08:33:00
TXN_1704,RXTD5DGJ,17.89,36799,2026-01-31 18:06:00
TXN_1417,V87HOKPM,97.41,11564,2026-04-10 12:35:00
TXN_1243,VXSIFO84,52.3,11865,2026-03-01 16:25:00
TXN_3018,B2LCR8WU,89.52,44716,2026-03-01 03:21:00
TXN_3401,1JVKO9UC,43.99,42415,2026-04-30 13:15:00
TXN_865,TQMUJWFD,42.71,33918,2026-03-31 02:27:00
TXN_1652,JB5V2Z33,49.34,45961,2026-01-29 09:26:00
TXN_2793,6HVVYZ2K,35.57,13522,2026-02-26 19:54:00
TXN_1859,OP6CR7OB,33.99,46218,2026-01-13 05:12:00
TXN_3721,CFEFLU1N,23.94,15584,2026-01-24 20:00:00
TXN_722,Q2Q4F2SQ,21.77,42235,2026-01-24 03:10:00
TXN_3193,ATD5R1PZ,56.11,22012,2026-02-11 00:45:00
TXN_4511,C6MRXJKL,25.89,23539,2026-03-26 16:20:00
TXN_1979,ZMQ4SMZZ,53.99,39270,2026-04-14 10:35:00
TXN_1035,FVHYFSNQ,34.98,23957,2026-02-06 20:28:00
TXN_2938,NV5D7DYH,54.57,38564,2026-01-01 06:33:00
TXN_3958,8EJ7EP1Z,60.04,18162,2026-04-08 10:13:00
TXN_798,L7R8WERR,91.37,28451,2026-02-09 04:50:00
TXN_658,7E9BG6U6,48.43,15411,2026-03-29 10:03:00
TXN_2797,L3S8CXVZ,42.76,29414,2026-03-04 13:21:00
TXN_1050,4Z574AX7,34.7,28260,2026-02-23 01:29:00
TXN_1137,EPT6F7QB,25.97,25852,2026-01-27 02:44:00
TXN_2673,VJP7NRG5,28.72,28089,2026-04-30 20:22:00
TXN_3064,3VJEZJCZ,39.75,40950,2026-04-25 21:00:00
TXN_4504,MIATKLOY,40.42,47524,2026-03-07 00:59:00
TXN_428,NS56E5PN,43.18,23372,2026-04-03 03:44:00
TXN_3075,D7TDAQ9S,51.1,18110,2026-02-01 23:54:00
TXN_1573,OUIRT6AE,48.0,18885,2026-02-12 21:10:00
TXN_4964,1RDFDQHH,23.93,46038,2026-01-03 10:02:00
TXN_2888,6KUSL28Q,78.45,17669,2026-01-24 14:09:00
TXN_4619,FP603OUU,25.96,25852,2026-04-18 02:13:00
TXN_1029,MMOW8DM8,53.26,18486,2026-04-30 14:33:00
TXN_317,HM5SKV6N,88.01,21657,2026-03-30 08:00:00
TXN_3810,KSWPX7Z3,62.92,35586,2026-01-26 22:27:00
TXN_4526,97206Q1H,82.89,21479,2026-03-29 23:15:00
TXN_3370,M5UWVWVS,25.32,11843,2026-01-31 03:39:00
TXN_727,EUHPIP0Z,42.9,18938,2026-01-06 07:31:00
TXN_2054,SFGDLCSW,35.89,22066,2026-01-08 02:53:00
TXN_4586,E8ZPJDXJ,45.84,30273,2026-03-06 16:56:00
TXN_1495,R4KM8AMZ,20.86,21058,2026-05-01 02:40:00
TXN_887,YZ3N0COY,55.24,40464,2026-02-02 05:45:00
TXN_709,E3ZDVWC0,24.76,17243,2026-01-20 22:59:00
TXN_1004,7LJDT53E,105.6,33523,2026-01-08 08:21:00
TXN_2411,5J4E4OMU,100.98,49754,2026-02-17 20:17:00
TXN_449,OYSP80QX,30.63,25131,2026-03-04 18:11:00
TXN_1466,VM8GY0BN,68.73,31023,2026-01-10 11:16:00
TXN_164,J2R8NPGD,29.81,33950,2026-05-01 09:14:00
TXN_1270,IMDFG0LA,72.92,14292,2026-02-26 00:18:00
TXN_3910,DSBE20UG,65.35,17433,2026-02-16 23:45:00
TXN_3847,AC60GLTV,18.07,35760,2026-02-20 02:44:00
TXN_1999,BGN2G1AM,34.02,20351,2026-04-23 23:36:00
TXN_954,J4WIUDFR,78.62,25564,2026-03-15 12:49:00
TXN_2663,TJBU4H7C,59.66,19537,2026-03-26 19:45:00
TXN_734,K9RC2Q91,23.91,39533,2026-04-17 02:46:00
TXN_2695,ZLGZIBXF,40.88,32776,2026-04-08 15:35:00
TXN_1290,ZF9TTFED,25.03,38894,2026-04-07 16:26:00
TXN_1010,REFT9QLR,60.19,41800,2026-01-04 08:35:00
TXN_1079,EHRYXXFE,51.01,32568,2026-01-10 02:17:00
TXN_787,MGA0UKHQ,14.41,14508,2026-01-07 12:58:00
TXN_1218,OB9BVSBQ,37.77,39000,2026-01-01 12:20:00
TXN_3534,F2BOK4P7,14.16,41978,2026-01-17 10:33:00
TXN_4965,OC08I0JX,33.47,33941,2026-01-01 09:35:00
TXN_4251,2T5J6GWM,20.2,31181,2026-01-05 12:20:00
TXN_1670,NAXAPRKV,42.83,31507,2026-02-03 08:32:00
TXN_2265,XCXKEBQO,22.77,47680,2026-02-28 15:28:00
TXN_3664,NZUSEQNW,83.2,13084,2026-03-21 06:03:00
TXN_4493,ENMKJ24R,54.33,20993,2026-04-20 07:32:00
TXN_500,EXQ4VWNL,89.88,14519,2026-01-05 23:37:00
TXN_852,3SEQIEHN,75.12,24103,2026-01-12 02:57:00
TXN_3581,Q7Q24YTR,13.71,32820,2026-03-04 06:22:00
TXN_4802,RPJUTE0I,60.92,28604,2026-02-07 14:21:00
TXN_751,EPGVVFYV,41.44,39774,2026-01-15 11:55:00
TXN_4431,O1LFTJ4G,89.96,25102,2026-04-14 04:02:00
TXN_3326,D7SAQILY,62.36,39926,2026-04-04 16:38:00
TXN_3609,S3BWZR3H,44.14,23071,2026-04-10 07:19:00
TXN_1404,ABMNSJ5I,23.85,10614,2026-03-27 22:25:00
TXN_258,YBQH5VF3,97.92,27257,2026-01-19 01:00:00
TXN_1621,35RE2HVL,55.65,10343,2026-01-22 23:04:00
