vin,service_date,service_type
NC5QRJPC,2026-01-06,Engine Overhaul
H3L3XEH0,2026-01-17,Engine Overhaul
9ZK8SS14,2026-12-17,Engine Overhaul
AB8Q2VU0,2026-04-27,Engine Overhaul
VLIXWEXF,2026-07-29,Full Service
1F4UFIN7,2026-08-05,Engine Overhaul
4EZ6TRDX,2026-07-25,Battery Replacement
XQ6UU211,2026-01-23,Battery Replacement
5SHZL2NM,2026-07-23,Tire Rotation
ADPIX0E9,2026-11-02,Full Service
RN1TDS31,2026-11-23,Engine Overhaul
DSXCTFUG,2026-05-04,Oil Change
YN4MUFKI,2026-08-25,Brake Inspection
TEMDRHQU,2026-01-13,Engine Overhaul
4S8UJUMY,2026-10-21,Brake Inspection
D2QMFHY1,2026-08-03,Battery Replacement
I23Y9VQ1,2026-09-22,Tire Rotation
N2O0M7I1,2026-06-13,Battery Replacement
FSZLCJIH,2026-09-28,Engine Overhaul
QOWA0AWK,2026-12-07,Battery Replacement
NSBD1L85,2026-01-09,Oil Change
DBJGJDKS,2026-12-31,Tire Rotation
DX5TSSWE,2026-01-05,Battery Replacement
JDVE1V6H,2026-11-15,Tire Rotation
6U8ZVUFU,2026-05-06,Battery Replacement
9DW27ZMA,2026-07-04,Oil Change
LEN349FZ,2026-04-09,Tire Rotation
CCQ0P8GY,2026-04-14,Battery Replacement
GSTLWMDF,2026-08-08,Tire Rotation
RH7EBPGV,2026-03-18,Tire Rotation
BSH2IWIE,2026-08-06,Full Service
7O7Z326Y,2026-11-10,Engine Overhaul
GTQJ975D,2026-04-02,Oil Change
1U1KRPLT,2026-04-13,Full Service
CG8YU9VT,2026-09-21,Full Service
AHT21ACS,2026-06-15,Engine Overhaul
0N13YXCT,INVALID_DATE,Brake Inspection
ML3KH8L0,2026-10-10,Battery Replacement
AL6RS2ST,2026-06-15,Engine Overhaul
QNGN1RF2,2026-10-06,Brake Inspection
HL0A8YS7,2026-06-28,Engine Overhaul
L7PTZ9QM,2026-01-20,Full Service
UADC8Y0X,2026-10-16,Engine Overhaul
XSBXGWQ3,2026-06-15,Engine Overhaul
O47RS93P,2026-02-24,Tire Rotation
V6LE5QIU,2026-02-23,Full Service
A663LHAS,2026-03-31,Full Service
JGT5WF4T,2026-04-21,Engine Overhaul
LBTH3TNZ,2026-11-25,Brake Inspection
I16DKHUA,2026-04-21,Full Service
PATGE43S,2026-01-19,Engine Overhaul
XL6DA5X8,2026-03-22,Battery Replacement
WNIZUZIU,2026-10-05,Engine Overhaul
U7EKEMZ0,2026-08-09,Engine Overhaul
ULEBJMS4,2026-08-27,Tire Rotation
0I084ZD2,2026-06-15,Tire Rotation
GJI89VCF,2026-05-21,Full Service
9V1OFR0B,2026-03-02,Engine Overhaul
JRVNRO2V,2026-05-14,Engine Overhaul
1V3EDWT7,2026-04-12,Battery Replacement
MUWG3F3D,2026-08-26,Battery Replacement
76YJ5E89,2026-11-20,Brake Inspection
36QO7LTQ,2026-12-09,Full Service
86P5HFC1,2026-04-03,Engine Overhaul
ZUL35T9N,2026-09-04,Brake Inspection
X95UJZTM,2026-11-05,Tire Rotation
P6N70CDE,2026-12-06,Oil Change
5W9WKI2N,2026-12-15,Engine Overhaul
YZMPJ2WT,2026-01-02,Battery Replacement
NMEVG8A6,2026-12-27,Oil Change
6ESZ88XB,2026-01-17,Engine Overhaul
P877K90A,2026-01-25,Full Service
FLM4EZ55,2026-08-24,Battery Replacement
5WVDSJLI,2026-02-26,Oil Change
NUCTJFUB,2026-07-13,Full Service
DD8LOFRO,2026-01-20,Battery Replacement
I1XUTRQZ,2026-04-10,Full Service
YJ6E1VCD,2026-07-01,Oil Change
4WVK7J02,2026-02-02,Battery Replacement
AGHJ4V79,2026-01-19,Engine Overhaul
INVALID_2246,2026-05-10,Oil Change
2UN4BEO4,2026-06-27,Brake Inspection
4K672R83,2026-12-31,Brake Inspection
DE65XRET,2026-11-06,Battery Replacement
C01W1CLT,2026-10-25,Brake Inspection
JZP258WT,2026-05-07,Oil Change
7YPNO5YT,2026-08-17,Engine Overhaul
1RZL480R,2026-07-09,Engine Overhaul
HFO7LUGN,2026-10-06,Battery Replacement
SMM4A729,2026-02-07,Full Service
5AWAQRTX,2026-08-27,Oil Change
NI7SKVE1,2026-03-08,Brake Inspection
8T6WNWGK,2026-08-09,Battery Replacement
MO05VI3P,2026-07-12,Brake Inspection
M0MRCVQM,2026-03-12,Full Service
MZDFMPZZ,2026-11-30,Engine Overhaul
SKZOY0P0,2026-06-18,Tire Rotation
1AVJUQXI,2026-04-20,Brake Inspection
5X6FRT95,2026-09-15,Tire Rotation
KF5AODR8,2026-09-27,Brake Inspection
6UPGRB6V,2026-07-24,Tire Rotation
946LNZCA,2026-09-08,Engine Overhaul
N3MFXEF6,2026-09-06,Oil Change
YBQNEVAW,2026-12-05,Brake Inspection
1A5KB2P9,2026-08-03,Full Service
C7WJEZ1D,2026-10-24,Tire Rotation
ALX5872D,2026-07-31,Engine Overhaul
E08VQUPL,2026-03-30,Oil Change
THYHF8R0,2026-01-16,Brake Inspection
EC4INJGT,2026-02-12,Tire Rotation
G2H0RJZF,2026-09-28,Tire Rotation
9ITIXBCX,2026-03-19,Tire Rotation
BA07IXP9,2026-01-31,Tire Rotation
NL7KDMSR,2026-10-26,Battery Replacement
FGRDWE3K,2026-04-10,Battery Replacement
98VGSOX5,2026-12-28,Tire Rotation
1TU4Z6AE,2026-01-03,Oil Change
MPRY0A56,2026-03-31,Battery Replacement
57NXTXKO,2026-09-18,Brake Inspection
MT3CDL8T,2026-07-19,Oil Change
0HWI5HUV,2026-01-14,Oil Change
62SWYKH9,2026-11-11,Tire Rotation
OZT0MRTD,2026-05-13,Battery Replacement
L5UYKALN,2026-04-07,Battery Replacement
A58T5QMB,2026-03-20,Tire Rotation
6G8HFXZH,2026-10-28,Oil Change
YUMOEPR1,2026-02-05,Engine Overhaul
2Q8SSYFH,2026-09-08,Full Service
TQ6H92NU,2026-06-02,Tire Rotation
0ZC4Z500,INVALID_DATE,Brake Inspection
S08V4MTM,2026-10-11,Tire Rotation
7SRL9AVT,2026-11-07,Battery Replacement
3GK8JEAN,2026-02-11,Brake Inspection
E4PEPE16,2026-03-19,Battery Replacement
0U1GT0AW,2026-01-25,Oil Change
DUFW4XLL,2026-12-20,Engine Overhaul
6RDVSQDF,2026-03-20,Tire Rotation
XJNETXSS,2026-04-22,Brake Inspection
J8XMYZ3X,2026-11-27,Battery Replacement
LD6JN8BT,2026-11-11,Full Service
RH13G52G,2026-01-24,Oil Change
RYSGTBP5,2026-07-16,Engine Overhaul
PV9299OI,2026-01-09,Oil Change
YIP6LQVG,2026-03-03,Battery Replacement
NJ2WPVAL,2026-04-10,Full Service
BX2N6QUO,2026-04-19,Tire Rotation
J6O6H17A,2026-11-02,Full Service
HOAR400H,2026-12-19,Oil Change
DS23312U,2026-04-17,Tire Rotation
4LOAQ6UM,2026-12-10,Brake Inspection
MGV4JQJT,2026-02-28,Brake Inspection
IC52CT8I,2026-11-12,Oil Change
139VI919,2026-02-09,Tire Rotation
ED4GXIF1,2026-05-14,Tire Rotation
8QO70PQ1,2026-09-14,Battery Replacement
7ONO9B70,2026-12-10,Full Service
LIFYJR1T,2026-03-17,Engine Overhaul
JRI93WNM,2026-10-05,Brake Inspection
71HLWPQ9,2026-02-24,Engine Overhaul
XUBHHR00,2026-09-10,Tire Rotation
U9GMSZ2P,2026-02-08,Battery Replacement
XEDEVGC6,2026-10-19,Engine Overhaul
QP5HR5RV,2026-08-13,Engine Overhaul
SOI64J5W,2026-03-08,Tire Rotation
JEU0AKIV,2026-02-13,Tire Rotation
XGAFQR4L,2026-08-03,Oil Change
7RPTJIYB,2026-08-06,Engine Overhaul
USTWNAP7,2026-10-11,Battery Replacement
LHTV4PB8,2026-01-11,Oil Change
Y8A9N5CC,2026-08-29,Full Service
CB2N1XG3,2026-01-28,Tire Rotation
DMR8IJCP,2026-11-18,Engine Overhaul
ZDV20MH1,2026-06-18,Brake Inspection
LNKXAR08,2026-05-09,Engine Overhaul
D2P1CSH3,2026-11-12,Tire Rotation
UZGDWLI6,2026-07-06,Brake Inspection
OQYAXXAQ,2026-01-02,Oil Change
2ZS3HZ98,2026-05-11,Engine Overhaul
1G6YE9Q3,2026-04-19,Full Service
32GRO4HF,2026-07-28,Tire Rotation
JAA89TVN,2026-05-02,Tire Rotation
W8VEL0OQ,2026-07-13,Tire Rotation
WBIJOGRQ,2026-03-01,Tire Rotation
AFZQF1ZL,2026-12-02,Full Service
X4CAWT67,2026-02-13,Engine Overhaul
WE6IS0UI,2026-04-15,Battery Replacement
XNZWTM42,2026-11-23,Tire Rotation
BBRXCNK0,2026-07-29,Tire Rotation
GL4SZ9S4,2026-08-25,Brake Inspection
VPQ1MWZD,2026-04-06,Engine Overhaul
IYA3U5KO,2026-01-27,Battery Replacement
BY3ARDFT,2026-04-14,Battery Replacement
G7QR81IR,2026-11-16,Tire Rotation
17R9UKXU,2026-03-23,Engine Overhaul
4SY1JO56,2026-07-13,Engine Overhaul
092M4C0J,2026-05-25,Full Service
7QTXN5VX,2026-11-12,Full Service
Z7LNDKCS,2026-05-04,Engine Overhaul
GRYYBY2T,2026-01-04,Full Service
HOYLVXH5,2026-09-20,Oil Change
JPOL17HU,2026-09-25,Brake Inspection
70FS8XRA,2026-08-04,Battery Replacement
4T6NN2LN,2026-11-07,Brake Inspection
33P9DI23,2026-06-15,Oil Change
02D14ZZF,2026-01-01,Battery Replacement
OQYSYJQC,2026-04-09,Battery Replacement
55WAY5D9,2026-10-25,Oil Change
B6HPGPW4,2026-08-01,Oil Change
U8ZWH1G5,2026-02-04,Full Service
1774GN0M,2026-11-06,Oil Change
L00XH9O6,2026-10-06,Battery Replacement
N98OUZFN,2026-08-22,Full Service
54T9RF7S,2026-01-10,Brake Inspection
9WS3LXQ9,2026-06-15,Battery Replacement
4ZBS53H2,2026-06-29,Oil Change
ODO34K9R,2026-01-10,Full Service
M3VOJJ5S,2026-03-28,Engine Overhaul
EHVNCM9T,2026-04-24,Oil Change
UPDBVY5X,2026-11-15,Battery Replacement
K20H9LO2,2026-11-13,Brake Inspection
CVA4X7J5,2026-03-08,Battery Replacement
XSW6G9G7,2026-10-13,Engine Overhaul
9V3R9T4V,2026-05-01,Tire Rotation
AOMEJI4X,2026-10-08,Battery Replacement
G573PDG3,2026-07-07,Full Service
15KZTH55,2026-02-23,Brake Inspection
1YRBP92Q,2026-06-15,Tire Rotation
YWKXF5NX,2026-08-10,Battery Replacement
YB8IHWMY,2026-03-20,Engine Overhaul
HFL4QE1E,2026-09-03,Tire Rotation
WBW0394X,2026-04-25,Full Service
PIOZ2C9W,2026-01-18,Brake Inspection
FHB80PLZ,2026-09-24,Oil Change
4KBS1DAB,2026-09-05,Full Service
A2IDC83E,2026-10-19,Battery Replacement
1XS74KK0,2026-04-30,Brake Inspection
IF90NYMX,2026-07-01,Full Service
29CV1E5M,2026-04-16,Brake Inspection
KZOFTVU1,2026-08-27,Brake Inspection
QXN6E9VE,2026-09-01,Oil Change
173OOPC8,2026-08-10,Brake Inspection
S413CKC6,2026-03-31,Brake Inspection
HDOGCGV4,2026-07-02,Engine Overhaul
SUIGCL1R,2026-05-08,Oil Change
RY14Q1IS,2026-06-15,Engine Overhaul
DBX5VEZA,2026-04-22,Brake Inspection
W9Q9DHHF,2026-11-04,Engine Overhaul
AO0KTGKP,2026-02-17,Battery Replacement
PJZK2C4E,2026-09-16,Brake Inspection
WYDS6L1O,2026-08-14,Full Service
KJF0SLDT,2026-11-14,Full Service
G43BUP5X,2026-05-16,Battery Replacement
QPNY0RW9,2026-10-25,Full Service
5L68I767,2026-03-29,Brake Inspection
677NTIPL,2026-09-21,Tire Rotation
CJQPXQMN,2026-02-26,Oil Change
EO3Q2F34,2026-04-15,Battery Replacement
8KZEJ5BK,2026-04-18,Battery Replacement
GNDXICM2,2026-07-02,Engine Overhaul
GGN69WKW,2026-03-07,Battery Replacement
VQUHX5XF,2026-11-11,Tire Rotation
DR67C3YE,2026-08-24,Tire Rotation
VAJB3SAZ,2026-02-08,Battery Replacement
UY1CD7NT,2026-03-20,Brake Inspection
F2SZ0WQH,2026-01-07,Engine Overhaul
I6BEQHEG,2026-03-10,Engine Overhaul
0ZLTNASV,2026-01-31,Full Service
XEVT7NVB,2026-08-11,Engine Overhaul
D2IIX16Z,2026-10-04,Brake Inspection
LPPM6KMM,2026-11-30,Brake Inspection
U4JBXSIG,2026-10-22,Full Service
UKHQQPDZ,2026-02-24,Battery Replacement
59GBK08B,2026-10-14,Full Service
ZDD4U79P,2026-11-20,Tire Rotation
DQ7VL1ZH,2026-12-10,Full Service
L9LLL7I2,2026-07-19,Brake Inspection
ZZRE9LSO,2026-08-28,Oil Change
AXVIUF3D,2026-11-21,Engine Overhaul
NXSD1NJ9,2026-04-16,Tire Rotation
S65XY0AY,2026-11-27,Tire Rotation
1DO9LBPN,2026-10-01,Engine Overhaul
1TO0K1MC,2026-06-20,Brake Inspection
5BYW8Z1H,2026-11-29,Oil Change
FC40QXPC,2026-05-31,Full Service
0DHY3TNP,2026-07-14,Engine Overhaul
ER85VRL0,2026-10-26,Battery Replacement
9E1JOQWK,2026-04-14,Oil Change
CMRT2FN6,2026-03-14,Battery Replacement
T257BA8M,2026-11-11,Full Service
670E8F8V,2026-08-25,Tire Rotation
VYGXH7P6,2026-01-15,Oil Change
YVEDSEOL,2026-08-02,Brake Inspection
MDWEZ4FL,2026-06-18,Oil Change
W1SOH59R,2026-09-20,Battery Replacement
O98B2GII,2026-11-22,Brake Inspection
77WIO7TJ,2026-10-16,Battery Replacement
CWUTM5VC,2026-04-23,Full Service
EF4MVSWO,2026-07-06,Oil Change
H3WC22U1,2026-04-18,Brake Inspection
4C6WCXBJ,2026-08-20,Oil Change
2BDCBRI6,2026-07-16,Battery Replacement
9F4U9OC6,2026-09-14,Brake Inspection
Q9Y94J4H,2026-09-03,Brake Inspection
6J009TM6,2026-03-26,Brake Inspection
S5HAXQWF,2026-06-25,Tire Rotation
3QI7IZWM,2026-07-30,Battery Replacement
2YUUWG35,2026-11-09,Oil Change
R8GYF9ON,2026-12-19,Full Service
KDCWBCMO,2026-07-07,Oil Change
6UWLNBNX,2026-01-23,Full Service
WYSN7U4O,2026-12-15,Full Service
35FCGYDQ,2026-06-12,Battery Replacement
S532ZN06,2026-12-22,Oil Change
F0NM3WYG,2026-08-07,Oil Change
0HFUY0X6,2026-06-15,Engine Overhaul
G4XNFUH9,2026-06-15,Engine Overhaul
C7LRTOMU,2026-06-25,Battery Replacement
ZNE4UPAI,2026-08-01,Tire Rotation
3TIQ1163,2026-05-24,Battery Replacement
54YVU87N,2026-06-15,Tire Rotation
N6UB1GKK,2026-07-01,Oil Change
U9J8Y9ZT,2026-08-01,Battery Replacement
CSZSLXI9,2026-11-06,Battery Replacement
2WTUF1IG,2026-11-05,Battery Replacement
II6J55AZ,2026-10-10,Brake Inspection
S81QURIU,2026-08-03,Battery Replacement
SWVLABPZ,2026-08-11,Engine Overhaul
NY88JD1H,2026-06-11,Oil Change
SFMMH0GI,2026-10-12,Brake Inspection
JKKG4X71,2026-02-15,Tire Rotation
149J94RU,2026-06-13,Brake Inspection
T7ZL3255,2026-11-03,Full Service
EF48PKHD,2026-04-01,Tire Rotation
0ZZJPDHR,2026-10-04,Engine Overhaul
T56XPJJO,2026-08-01,Oil Change
VZBXO5KJ,2026-09-21,Oil Change
ZIIHQ44S,2026-07-17,Brake Inspection
5Y7UBRXT,2026-07-28,Oil Change
9FIDZ09K,2026-04-02,Tire Rotation
RRNJRHJK,2026-07-20,Full Service
W17PUJTM,2026-07-20,
9E5RCQ66,2026-08-11,Brake Inspection
C0E34D7T,2026-05-10,Oil Change
YP6I1JVD,2026-10-17,Brake Inspection
BO72LQP9,2026-03-10,Engine Overhaul
IHLJETVY,2026-09-10,Battery Replacement
TGA288PW,2026-06-15,Tire Rotation
RY14Q1IS,2026-06-15,Tire Rotation
5YLLIVYB,2026-06-02,Oil Change
8BABPAFY,2026-12-27,Full Service
QJYYR7JR,2026-07-28,Full Service
0D42SZ59,2026-06-19,Battery Replacement
FP12G32J,2026-04-27,Full Service
DU9RJCKW,2026-08-04,Oil Change
X9P1G1AL,2026-07-27,Oil Change
YTZRRKA0,2026-01-28,Tire Rotation
ZNGELP8S,2026-07-26,Tire Rotation
BCRM9QF7,2026-11-15,Full Service
Y9R6M1TC,2026-04-02,Full Service
XT43LLWJ,2026-04-06,Engine Overhaul
H3406P6M,2026-06-02,Brake Inspection
YVXQ8O9E,2026-04-02,Brake Inspection
NYBIWC5X,2026-02-05,Full Service
Q7URAE27,2026-07-29,Battery Replacement
KYWA6MU9,2026-02-24,Brake Inspection
YE7QEBCO,INVALID_DATE,Brake Inspection
YWA66V6S,2026-01-24,Brake Inspection
RYGEER3P,2026-04-19,Battery Replacement
KZF17JBS,2026-10-24,Tire Rotation
EYYGAOHW,2026-05-02,Full Service
FS3SIRJ8,2026-06-15,Engine Overhaul
Q7IFZ5LC,2026-07-17,Oil Change
QR1QY83F,2026-01-30,Tire Rotation
ZHKCMN8R,2026-09-21,Full Service
K2QZKEXV,2026-03-10,Full Service
06M2GEEA,2026-08-09,Oil Change
XG4JYSF9,2026-04-16,Oil Change
XHCMV4BR,2026-03-07,Battery Replacement
X67AC2JQ,2026-05-13,Brake Inspection
163PMB01,2026-06-07,Brake Inspection
B17ZV6IK,2026-08-02,Oil Change
1XCVR06K,2026-11-12,Full Service
Q26HFDNX,2026-04-05,Full Service
JM5M7K0Y,2026-04-29,Oil Change
TZRN71QV,2026-01-03,Engine Overhaul
1K49JDQO,2026-11-30,Oil Change
JC7P90EN,2026-09-24,Oil Change
8Y31ZG02,2026-09-05,Full Service
GC8MO42H,2026-09-09,Battery Replacement
F13WIW6I,2026-01-30,Tire Rotation
Y0USB96C,2026-05-26,Brake Inspection
E6XQS7EZ,2026-03-14,Brake Inspection
WLJ5ZG9O,2026-08-08,Full Service
B0WPORC3,2026-04-28,Full Service
EG76O973,2026-08-31,Full Service
STZS2NTZ,2026-05-29,Battery Replacement
0L6YXBDV,2026-07-31,Oil Change
5T7MQK30,2026-06-15,Engine Overhaul
WTDEY7Z3,2026-09-22,Engine Overhaul
1IJYRTG1,2026-01-17,Brake Inspection
TQ8AYLQ0,2026-09-21,Oil Change
XFY6ZDRZ,2026-06-19,Brake Inspection
3U1EKLCJ,2026-12-26,Tire Rotation
96UXEOGD,2026-08-13,Battery Replacement
32BNKGTO,2026-03-27,Oil Change
1BIULSVA,2026-02-20,Engine Overhaul
1L1QS4WW,2026-01-15,Battery Replacement
XI3WXZPJ,2026-05-23,Tire Rotation
86T4JVDJ,2026-10-04,Tire Rotation
QM2FC9EL,2026-03-08,Tire Rotation
YFP2ZJ1Z,2026-10-15,Brake Inspection
SQKNTSNC,2026-02-01,Oil Change
M5EGMO5D,2026-06-01,Engine Overhaul
4E9DBO1S,2026-08-19,Battery Replacement
U0PQ0B8E,2026-07-27,Full Service
VL3MJMC2,2026-05-17,Oil Change
8C83F38B,2026-12-14,Brake Inspection
2HFHF0QK,2026-05-19,Tire Rotation
7PUNZ1VR,2026-12-05,Tire Rotation
3I0PM2GT,2026-12-23,Tire Rotation
TISQPQ5G,2026-04-22,Oil Change
BLX1M5AR,2026-12-19,Engine Overhaul
3LBOG0CS,2026-09-14,Engine Overhaul
6V0SA7ZW,2026-02-25,Battery Replacement
GZOSQ0II,2026-06-15,Engine Overhaul
1JFP0665,2026-12-01,Brake Inspection
U8DWP6PZ,2026-05-24,Oil Change
ERRE9D34,2026-05-27,Brake Inspection
4P7ZOVE3,2026-11-06,Battery Replacement
W546DITG,2026-03-23,Battery Replacement
NEYP3T6D,2026-01-16,Battery Replacement
EV0YWJFZ,2026-04-02,Brake Inspection
YH01GB6K,2026-07-20,Tire Rotation
TGRYPAK3,2026-01-15,Battery Replacement
GVSQWGOT,2026-03-08,Battery Replacement
A1TV14XS,2026-03-20,Brake Inspection
4ZN26N6J,2026-06-16,Tire Rotation
JL1HHVQO,2026-11-21,Full Service
3PQ5SQVX,2026-08-09,Battery Replacement
S68NGS1B,2026-09-09,Oil Change
CB24ISHS,2026-07-11,Engine Overhaul
FS46KGKD,2026-06-25,Engine Overhaul
BGTP9V1K,2026-11-10,Oil Change
0OQQ089I,2026-10-16,Oil Change
Q6SSRMD8,2026-08-05,Engine Overhaul
PA9AZ18L,2026-04-13,Oil Change
9KPNBLQ1,2026-05-12,Engine Overhaul
30U3ATQ6,2026-12-09,Engine Overhaul
WXTO5USK,2026-06-15,Engine Overhaul
IJUQU6HM,2026-10-08,Battery Replacement
0CH2BA9T,2026-05-13,Full Service
FSXUV7ZD,2026-12-30,Battery Replacement
8H2N8GTT,2026-09-28,Full Service
EQBFDI5F,2026-08-13,Engine Overhaul
U6ZDIMAN,2026-10-02,Battery Replacement
XP3W408W,2026-11-07,Full Service
P3P7J4RP,2026-01-14,Tire Rotation
KWBMP866,2026-03-22,Brake Inspection
7VD45LWG,2026-04-28,Full Service
0QSGE6Y7,2026-11-22,Brake Inspection
L8PT3EL2,2026-12-28,Brake Inspection
9HAQP0OP,2026-11-23,Battery Replacement
0X1JDNRQ,2026-09-15,Oil Change
NDP903UC,2026-07-27,Oil Change
ONAWANI0,2026-07-20,
PTHVSNXO,2026-08-02,Brake Inspection
QP7ZTXTC,2026-06-20,Tire Rotation
NIGO832R,2026-04-05,Engine Overhaul
20C9BTFY,2026-06-28,Brake Inspection
X37QX15Q,2026-12-11,Engine Overhaul
ZMPI3YQI,2026-01-04,Tire Rotation
CT8ONJ60,2026-03-05,Full Service
GKUNMS22,2026-10-03,Battery Replacement
8YC1296D,2026-09-26,Full Service
R02C8I8T,2026-11-17,Tire Rotation
NQZHZO6X,2026-07-20,
X1ZXA4DL,2026-03-11,Engine Overhaul
7DGISYYJ,2026-02-01,Brake Inspection
5812KQFC,2026-03-29,Battery Replacement
WW4X3EDX,2026-02-16,Battery Replacement
Q25MB5Y7,2026-05-08,Tire Rotation
X7OG27XD,2026-04-02,Engine Overhaul
RDTKIGVW,2026-06-17,Battery Replacement
JQ11EWOW,2026-08-10,Full Service
O2VZERBQ,2026-11-25,Oil Change
ECEM5O78,2026-09-28,Brake Inspection
GW31F76Q,2026-11-30,Oil Change
R0FG7PRK,2026-04-26,Full Service
B3TS0X12,2026-04-27,Tire Rotation
3AR5T3NY,2026-07-17,Engine Overhaul
WV80FXTZ,2026-02-01,Full Service
5ZCAP1X4,2026-10-29,Oil Change
354CSNMS,2026-10-04,Engine Overhaul
577BN53A,2026-07-30,Engine Overhaul
M40PPTUX,2026-01-19,Oil Change
9Q5H15PG,2026-03-12,Oil Change
YLQWST3D,2026-08-31,Tire Rotation
CN5LYBQK,2026-10-21,Tire Rotation
AFEHLTN8,2026-05-09,Full Service
CY5A3VQK,2026-09-21,Engine Overhaul
YLX2F0F4,2026-11-06,Tire Rotation
DUX3VEEG,2026-08-31,Full Service
8FG220LS,2026-08-06,Oil Change
VH6T3W1Q,2026-12-05,Full Service
29CL15V9,2026-12-11,Full Service
625AGMVT,2026-07-19,Brake Inspection
U0A6ARZP,2026-03-15,Oil Change
CMYQ5S9A,2026-01-09,Tire Rotation
X1DCXGNE,2026-09-17,Oil Change
A9JGGHN6,2026-11-21,Brake Inspection
MP8O7HAI,2026-09-09,Battery Replacement
8GJF78RM,2026-09-15,Engine Overhaul
YAJ3ODHR,2026-10-14,Oil Change
LPXGG5M9,2026-06-13,Battery Replacement
5NMY5QAQ,2026-02-25,Oil Change
T316M60K,2026-02-17,Oil Change
CQ1IFN3C,2026-01-01,Engine Overhaul
SXZ50XBF,2026-08-14,Oil Change
H2YY17QP,2026-04-15,Brake Inspection
C4W7KQ27,2026-06-10,Engine Overhaul
VS3ZDRV6,2026-05-27,Battery Replacement
8U7GO6S6,2026-05-27,Engine Overhaul
CY5A3VQK,2026-10-02,Engine Overhaul
VEWGF5V2,2026-04-28,Oil Change
26R9IH2I,2026-06-14,Engine Overhaul
OU63H7BV,2026-05-17,Brake Inspection
J6M3FD63,2026-08-31,Full Service
R4TJYK8W,2026-07-09,Engine Overhaul
IOFZDTSU,2026-06-28,Oil Change
VQLNFPBK,2026-11-07,Tire Rotation
KMH2RPK1,2026-03-15,Full Service
NGD0LPA3,2026-01-03,Engine Overhaul
ZODBZ28K,2026-06-07,Tire Rotation
5DZXY9XU,2026-03-19,Tire Rotation
M8SROCYW,2026-05-05,Engine Overhaul
2GP92EY4,2026-01-24,Brake Inspection
7Q5BOY2B,2026-06-02,Brake Inspection
1SXSDYKZ,2026-08-30,Tire Rotation
OZNA5F6N,2026-05-11,Battery Replacement
PL63QV76,2026-05-30,Brake Inspection
9SCSUJSL,2026-05-01,Brake Inspection
JVCC5XL9,2026-09-10,Full Service
I7Y9PU57,2026-06-20,Brake Inspection
IWFUW1RD,2026-01-08,Battery Replacement
O5E8DVLD,2026-01-17,Full Service
PL65Z892,2026-06-14,Engine Overhaul
H4KLHCYS,2026-09-08,Battery Replacement
RKAASOVB,2026-05-26,Engine Overhaul
VCNHGNTF,2026-06-15,Engine Overhaul
816GHGOZ,2026-03-04,Engine Overhaul
VC06KXDU,2026-05-11,Engine Overhaul
X463Z9VR,2026-09-25,Tire Rotation
H4T70ATF,2026-10-16,Tire Rotation
CQAIUAW1,2026-05-22,Brake Inspection
IITIH08G,2026-06-12,Tire Rotation
4GO9XNUD,2026-03-06,Full Service
SFR766B6,2026-02-10,Engine Overhaul
F59Q0USK,2026-04-08,Full Service
DDC6GOQ2,2026-05-08,Brake Inspection
C8U0370W,2026-12-14,Oil Change
MC77FUTH,2026-09-22,Full Service
SGERYUC6,2026-06-29,Battery Replacement
42IM1IYR,2026-10-17,Tire Rotation
B8GVIU46,2026-07-16,Oil Change
Z84I5B38,2026-12-06,Engine Overhaul
Z3GMM1WJ,2026-01-23,Oil Change
SELJPRTD,2026-02-26,Battery Replacement
QRD7KJC4,2026-01-14,Tire Rotation
5RGCOY3D,2026-07-24,Engine Overhaul
Y6BZSM1W,2026-01-09,Engine Overhaul
SYU6IZ56,2026-02-12,Engine Overhaul
WLWF8AYI,2026-11-03,Engine Overhaul
0VWUI28Y,2026-01-09,Brake Inspection
GOTNFF4H,2026-07-26,Battery Replacement
NLACXQJ3,2026-08-12,Tire Rotation
YUJQ3350,2026-07-05,Full Service
CB0Y386F,2026-12-13,Brake Inspection
BHR99AUV,2026-06-30,Full Service
FHMQOTWZ,2026-09-06,Brake Inspection
FYE8EZNO,2026-12-10,Engine Overhaul
DZKLAKA1,2026-06-15,Tire Rotation
J8YB6JLU,2026-08-13,Brake Inspection
245WLNUS,2026-09-03,Full Service
RVUWE7AB,2026-11-08,Full Service
TW3CW0IH,2026-08-10,Brake Inspection
ZQ02ND6N,2026-04-06,Full Service
SJDT3HDE,2026-05-18,Brake Inspection
NMJOCMF4,2026-10-19,Engine Overhaul
LWGZQ5WI,2026-06-15,Tire Rotation
2IJRJH7W,2026-04-03,Battery Replacement
C1E8UF5K,2026-03-18,Battery Replacement
IO6IVMCA,2026-03-18,Engine Overhaul
KFSMSMXS,2026-04-02,Oil Change
25499OWX,2026-11-08,Engine Overhaul
3H9TREHS,2026-01-01,Battery Replacement
6EM0C74J,2026-11-25,Oil Change
AEZ0JFS8,2026-11-08,Full Service
7DBBUEEK,2026-09-15,Tire Rotation
FF0B11NX,2026-06-18,Full Service
YB8M18I8,2026-12-30,Engine Overhaul
OPHZJNE4,2026-11-21,Brake Inspection
NTM0ODQV,2026-08-12,Tire Rotation
JDX2L6XA,2026-11-23,Oil Change
7IZ64U7H,2026-01-22,Engine Overhaul
D52SNY6X,2026-04-19,Engine Overhaul
FIQ0SEYM,2026-01-01,Oil Change
LUJ3RH46,2026-12-03,Oil Change
C9767VPZ,2026-07-26,Oil Change
WXTO5USK,2026-06-15,Tire Rotation
EXGFBU14,2026-02-08,Oil Change
2B2BXC7P,2026-09-24,Full Service
AOU612KQ,2026-03-29,Full Service
R99A5L0G,2026-05-18,Oil Change
TZJEOWKX,2026-03-20,Oil Change
80FW9XUX,2026-08-25,Oil Change
2W4T5ADH,2026-06-09,Brake Inspection
L6H25CHK,2026-04-14,Engine Overhaul
O1Z2606K,2026-08-05,Battery Replacement
7X61GNT8,2026-12-07,Brake Inspection
S331SXM2,2026-05-12,Tire Rotation
8S2GSWZK,2026-06-22,Engine Overhaul
YNCAFSI2,2026-07-21,Full Service
A8I8MU4A,2026-10-23,Oil Change
ILFKHYCG,2026-06-28,Oil Change
RG69EJLJ,2026-05-28,Full Service
0MUDYIBC,2026-01-09,Oil Change
QTPWH8FU,2026-09-18,Full Service
4QHS1GN3,2026-09-26,Battery Replacement
SRJ5OSWT,2026-11-01,Engine Overhaul
4OQY0Z2R,2026-11-17,Engine Overhaul
V23UP9B4,2026-02-08,Engine Overhaul
38P89Y60,2026-02-13,Brake Inspection
38FOQUTB,2026-02-13,Brake Inspection
P53X5B1H,2026-11-28,Oil Change
H2TOYZYR,2026-10-22,Oil Change
IGQQ07MY,2026-10-24,Tire Rotation
MVW465R2,2026-06-25,Battery Replacement
6WV028T0,2026-04-03,Tire Rotation
5K1J5BR1,2026-06-15,Tire Rotation
55GDHO0P,2026-09-30,Tire Rotation
INVALID_1127,2026-05-10,Oil Change
4HGGCY4R,2026-09-21,Brake Inspection
XQWZAP06,2026-03-21,Brake Inspection
UQ074G2H,2026-04-09,Brake Inspection
IFEQ4NDS,2026-04-22,Full Service
NP492VSB,2026-03-15,Brake Inspection
VES6GHV2,2026-07-02,Brake Inspection
TGWVZRRC,2026-04-05,Oil Change
6ZONAGQ4,2026-11-25,Tire Rotation
XXRNJH9I,2026-10-15,Full Service
XITQE8PP,2026-09-23,Battery Replacement
DTAOCNEO,2026-03-14,Engine Overhaul
QCP7AHTE,2026-03-10,Oil Change
1ORWSJDD,2026-04-18,Full Service
7J3E1Y4R,2026-01-09,Engine Overhaul
RNYRZ89T,2026-06-18,Brake Inspection
1HCMNZMS,2026-03-27,Full Service
X7PUTHCI,2026-11-14,Full Service
J9M3IFRE,2026-05-22,Oil Change
46Q50CIW,2026-02-24,Engine Overhaul
KB04SKS3,2026-03-22,Engine Overhaul
4G8OCENI,2026-12-27,Oil Change
EI210MOA,2026-03-14,Tire Rotation
GBRKL4S1,2026-04-06,Full Service
ND1WM5XV,2026-06-04,Battery Replacement
HC4X1HSN,2026-10-09,Tire Rotation
G94U7Z1Z,2026-12-12,Full Service
5R3UKS2J,2026-04-19,Engine Overhaul
RQN50LX0,2026-01-21,Brake Inspection
NL15OP8R,2026-03-14,Engine Overhaul
X66DNRH7,2026-08-26,Battery Replacement
BO3W13RA,2026-03-11,Engine Overhaul
U44OHENO,2026-07-04,Brake Inspection
47OYOGEK,2026-07-25,Battery Replacement
P9YJLMXN,2026-07-14,Battery Replacement
U96XDMP6,2026-09-22,Full Service
XM18TWLU,2026-07-10,Tire Rotation
B5TGENGP,2026-07-28,Brake Inspection
9FJ4OLVE,2026-01-06,Battery Replacement
Y2XEVGD0,2026-04-02,Battery Replacement
YM41ESYR,2026-12-03,Oil Change
8U7MBYBV,2026-01-20,Tire Rotation
8ACXL8M9,2026-03-06,Brake Inspection
F89THOJ9,2026-10-30,Battery Replacement
CIL2SRO1,2026-10-11,Engine Overhaul
RDHH8NT0,2026-05-04,Oil Change
PRLSN7N5,2026-08-18,Brake Inspection
LTZ2NSQD,2026-05-17,Full Service
WFCGWQ2D,2026-06-03,Battery Replacement
N0DL5RFY,2026-12-14,Tire Rotation
SM7XMK89,2026-10-08,Full Service
6A03SRUR,2026-03-23,Oil Change
9924N2UC,2026-12-18,Tire Rotation
WRJNTCG8,2026-12-22,Oil Change
EGMP931Q,2026-03-16,Oil Change
LT97IURK,2026-06-26,Engine Overhaul
30YPA0FO,2026-02-05,Battery Replacement
PSZ2NMWX,2026-11-15,Full Service
69AFUJUJ,2026-07-23,Oil Change
5N24C361,2026-08-18,Battery Replacement
ZFAGJ8DG,2026-04-17,Engine Overhaul
OWUGRAEN,2026-05-29,Battery Replacement
GF5XZBLZ,2026-01-01,Engine Overhaul
YY62F7NG,2026-09-08,Brake Inspection
P3ZAETV4,2026-12-08,Battery Replacement
7SAA3Q6D,2026-04-03,Oil Change
9P6LF9BC,2026-06-27,Oil Change
WFYOQY20,2026-02-04,Engine Overhaul
8EXVKP82,2026-07-10,Full Service
0825Q2T2,2026-08-17,Tire Rotation
RSMF58L7,2026-08-18,Full Service
JY7V76WA,2026-09-25,Engine Overhaul
NAHDG3AQ,2026-08-20,Oil Change
M9VA7UHI,2026-02-09,Oil Change
KI408VXC,2026-06-14,Brake Inspection
SV2E8XNN,2026-01-29,Tire Rotation
4S8SRIGE,2026-01-17,Tire Rotation
PIZRUZ1D,2026-11-21,Full Service
RUV57E9M,2026-10-04,Oil Change
7DW8EIT4,2026-05-04,Oil Change
2VLTGYDW,2026-08-15,Oil Change
UH864NP1,2026-08-05,Engine Overhaul
99XCJIWF,2026-08-31,Brake Inspection
XPD2856Z,2026-09-14,Brake Inspection
CVV8E7C1,2026-03-20,Oil Change
C5QJUA53,2026-01-30,Full Service
RJEFY6PG,2026-04-07,Brake Inspection
R5NSZFS5,2026-11-09,Engine Overhaul
IL2LU4W0,2026-08-19,Engine Overhaul
KSGOGJK1,2026-02-07,Oil Change
FUD0RO41,2026-05-20,Battery Replacement
KRH209L7,2026-02-26,Engine Overhaul
PEZO2QQO,2026-12-05,Tire Rotation
6ZRWLRXC,2026-12-29,Battery Replacement
ETQJU7ZF,2026-03-29,Full Service
2M8PZ9Z2,2026-10-27,Brake Inspection
2ALQ9V1Q,2026-11-17,Tire Rotation
UM5BCOJR,2026-07-03,Engine Overhaul
2HNDN2KH,2026-02-05,Brake Inspection
RS6GBGAU,2026-03-13,Full Service
H9203QZ4,2026-02-19,Full Service
Z1HESIUO,2026-05-06,Brake Inspection
CHMHCWJZ,2026-01-12,Tire Rotation
TI5E7IRY,2026-09-14,Oil Change
T57ERAUP,2026-07-10,Engine Overhaul
P7F9E2OX,2026-09-20,Tire Rotation
406BPQN8,2026-08-29,Brake Inspection
LHCX9VM7,2026-12-18,Oil Change
6DJ8LXQV,2026-06-29,Engine Overhaul
81WI5TP5,2026-02-19,Brake Inspection
UGUHFGTZ,2026-12-22,Engine Overhaul
UG82UP19,2026-07-11,Brake Inspection
TP56GM5R,2026-05-21,Battery Replacement
AUWNKJRW,2026-07-08,Full Service
9SN4VJ2J,2026-03-22,Brake Inspection
NEJIXP68,2026-02-12,Tire Rotation
3ZZUPTNE,2026-04-08,Oil Change
KJKHZZ3Y,2026-06-15,Engine Overhaul
8OV78P2C,2026-11-08,Brake Inspection
SLZHJ3DI,2026-09-10,Engine Overhaul
DBKPPHUW,2026-10-04,Battery Replacement
OXCN78C1,2026-05-26,Full Service
IYVO4GOY,2026-09-06,Tire Rotation
2RJ9IP64,2026-01-14,Tire Rotation
4MI77NT1,2026-01-10,Brake Inspection
N3S9XFJ5,2026-04-13,Brake Inspection
Y3IJZR0Q,2026-05-10,Oil Change
RZTALSI0,2026-06-15,Oil Change
UTZBQHLA,2026-11-13,Tire Rotation
XPBL039H,2026-07-13,Engine Overhaul
NSHF3NC4,2026-03-06,Battery Replacement
VBU5337F,2026-09-29,Brake Inspection
MH29VW55,2026-03-02,Brake Inspection
IVTUGH52,2026-10-14,Oil Change
WYOMH4FY,2026-09-29,Battery Replacement
98127Y94,2026-02-21,Battery Replacement
206PIXAE,2026-08-02,Battery Replacement
A6JPOVRS,2026-07-30,Tire Rotation
A5JOKTTX,2026-01-20,Tire Rotation
EZMIIE0A,2026-05-28,Engine Overhaul
LEAY6ZNI,2026-12-20,Oil Change
RE407QX9,2026-01-01,Battery Replacement
0VMGQYML,2026-09-08,Tire Rotation
UECCGEP4,2026-07-18,Engine Overhaul
D2T3YH26,2026-07-30,Engine Overhaul
HWRSLO17,2026-05-24,Full Service
DJYM4P6O,2026-05-16,Battery Replacement
A5PI367W,2026-09-12,Brake Inspection
XUGU0SG2,2026-06-12,Battery Replacement
L9TTGFRN,2026-12-31,Engine Overhaul
YQMT1E0J,2026-06-16,Tire Rotation
4NSINQB4,2026-08-26,Tire Rotation
GDCHO8TX,2026-04-18,Brake Inspection
267OBWYL,2026-02-21,Tire Rotation
926D1XSJ,2026-12-08,Full Service
QYOYRL47,2026-06-05,Brake Inspection
C6FEDSYH,2026-02-20,Engine Overhaul
8ZNAPDW8,2026-10-27,Full Service
IZPHADPB,2026-01-27,Engine Overhaul
EPK08AV6,2026-03-05,Full Service
JXG9LM09,2026-05-01,Full Service
TR4R1JWD,2026-03-10,Full Service
YEQFNALJ,2026-06-17,Battery Replacement
C7EJHQC4,2026-09-16,Oil Change
RZEOUD75,2026-11-06,Brake Inspection
LRPU7U3B,2026-06-26,Brake Inspection
LW9EWCOF,2026-04-01,Oil Change
BSR0SOPF,2026-11-11,Engine Overhaul
PG3FZESX,2026-04-13,Oil Change
C5NET7XA,2026-01-06,Full Service
EV0KOJVH,2026-12-12,Oil Change
83BU4RF6,2026-12-08,Tire Rotation
E36HKYTZ,2026-09-16,Tire Rotation
B6FD31OS,2026-08-04,Battery Replacement
INVLKC9O,2026-09-27,Engine Overhaul
JV5PVJCS,2026-01-05,Oil Change
GHEV8G8S,2026-06-01,Oil Change
0PW0QBYZ,2026-05-22,Brake Inspection
KURV2AGH,2026-09-02,Oil Change
ZP3R8BI4,2026-05-14,Engine Overhaul
VDUSQXQP,2026-01-18,Brake Inspection
CC0ALAH7,2026-11-05,Brake Inspection
6YQEYN56,2026-09-28,Brake Inspection
ZKB2UPK5,2026-04-12,Oil Change
005SAJUG,2026-01-30,Tire Rotation
30SQOCSW,2026-08-24,Tire Rotation
B1S28X44,2026-05-23,Full Service
M3M6GNA8,2026-02-19,Brake Inspection
XSBXGWQ3,2026-06-15,Tire Rotation
7JNVGHPV,2026-04-14,Tire Rotation
JSENEQP3,2026-06-13,Full Service
NAPBIF21,2026-07-28,Battery Replacement
97GHX5LA,2026-11-13,Battery Replacement
BGCDENXT,2026-01-28,Engine Overhaul
ZK3ASW42,2026-05-24,Full Service
MRWQ59LS,2026-01-22,Engine Overhaul
WT3JT6E4,2026-04-01,Engine Overhaul
0CQBE3QY,2026-08-18,Tire Rotation
5AVQ0FAX,2026-02-21,Oil Change
0DT97EV4,2026-10-20,Full Service
YNIGUO4W,2026-03-13,Battery Replacement
OL2GSKW7,2026-06-01,Full Service
WMWLUKM5,2026-10-03,Tire Rotation
6R26SVLT,2026-11-02,Tire Rotation
9I4QA3C4,2026-01-17,Oil Change
9UU584KZ,2026-07-01,Tire Rotation
S8K594O8,2026-10-06,Tire Rotation
QAAGIRA9,2026-02-23,Brake Inspection
OVXOG1EU,2026-12-28,Full Service
DD9JH2B1,2026-05-19,Full Service
1YAS0LJ6,2026-04-21,Battery Replacement
3CRX8LGW,2026-06-28,Brake Inspection
IE5EB3LC,2026-03-30,Tire Rotation
GD60VWCN,2026-03-02,Full Service
XJK9KDD4,2026-06-15,Engine Overhaul
EXKT6T7T,2026-06-21,Battery Replacement
OHJJA24V,2026-06-22,Engine Overhaul
U6XG9607,2026-08-09,Brake Inspection
D6X2639D,2026-10-29,Battery Replacement
OHWZ0IGU,2026-10-12,Brake Inspection
969AOTKT,2026-02-21,Brake Inspection
JXT5UYAP,2026-03-07,Oil Change
RRBO79IE,2026-03-31,Brake Inspection
ZYPU71FB,2026-01-15,Full Service
UKMS5QTA,2026-08-03,Brake Inspection
K033DFQD,2026-11-28,Engine Overhaul
2JBLL3VR,2026-07-19,Full Service
JJR6WK6Q,2026-01-16,Engine Overhaul
CN0ZZVD7,2026-06-21,Brake Inspection
M2S6R35W,2026-08-15,Battery Replacement
E3P2XIXU,2026-01-08,Full Service
4OQ1JG8L,2026-05-31,Brake Inspection
ZTDTS6M6,2026-10-06,Tire Rotation
A7UDDCMY,2026-03-29,Brake Inspection
9ZAO3FEY,2026-01-15,Engine Overhaul
1H9QDMT7,2026-07-11,Engine Overhaul
FM1UALPV,2026-09-12,Full Service
635IIE88,2026-06-15,Engine Overhaul
70KGU5VI,2026-10-24,Tire Rotation
630MZLNW,2026-01-17,Full Service
AB9YEBN0,2026-07-09,Engine Overhaul
RHBBWDEI,2026-12-09,Brake Inspection
5LFYF5QO,2026-10-14,Full Service
A9K0DT9S,2026-08-25,Full Service
EDQYUW9J,2026-10-11,Full Service
RDCITNBJ,2026-05-17,Engine Overhaul
70YFB5A9,2026-08-03,Tire Rotation
U5FQ7YIE,2026-05-18,Oil Change
JRKRLV1E,2026-11-22,Brake Inspection
1MXJ5F4M,2026-04-19,Tire Rotation
BN3KC5DC,2026-03-30,Battery Replacement
OBCNTL85,2026-09-15,Brake Inspection
7JOEY5SF,2026-06-24,Tire Rotation
GYF7IPYV,2026-05-21,Tire Rotation
UN1QYIAO,2026-03-30,Tire Rotation
WHZF9YYV,2026-03-06,Full Service
IEUC3WKA,2026-06-21,Full Service
694DS5T8,2026-01-03,Battery Replacement
1F7LWMIP,2026-07-16,Brake Inspection
V70N3HIL,2026-10-10,Battery Replacement
G9E4O4Q2,2026-05-11,Battery Replacement
6HEXPH0R,2026-02-21,Engine Overhaul
1KK8V9NM,2026-06-23,Brake Inspection
U0P9QJTA,2026-03-24,Oil Change
743UPA3E,2026-10-19,Battery Replacement
5HC5CQXI,2026-07-26,Engine Overhaul
V3C1O4GQ,2026-06-04,Engine Overhaul
1OWL3NZU,2026-09-13,Battery Replacement
F7VRXNO2,2026-05-18,Brake Inspection
WLT67BH1,2026-06-11,Full Service
GKJ9IKN2,2026-11-18,Tire Rotation
BI10ERRD,2026-09-27,Brake Inspection
35AIT87Q,2026-05-01,Brake Inspection
33QI0YG0,2026-09-10,Full Service
DFDD3O1G,2026-09-18,Oil Change
0LSYI2RX,2026-12-05,Battery Replacement
5GMZ7PN5,2026-04-25,Engine Overhaul
EKTX4UFH,2026-02-12,Battery Replacement
GDULYYW2,2026-06-15,Tire Rotation
WRU6YMIE,2026-05-21,Full Service
QOTFRPAQ,2026-12-10,Battery Replacement
5CEK2FAH,2026-01-26,Engine Overhaul
T10CAWUS,2026-05-30,Battery Replacement
8RGVZW2U,2026-05-19,Oil Change
0OF0JEMQ,2026-12-19,Engine Overhaul
ASR2W1HO,2026-04-19,Battery Replacement
EDL6CDE1,2026-06-15,Tire Rotation
W9FGE6SE,2026-11-18,Oil Change
HLILO42V,2026-12-01,Full Service
A1OD8EC3,2026-10-14,Brake Inspection
JI8PUD7F,2026-03-17,Engine Overhaul
SUKRQMLN,2026-09-04,Brake Inspection
INVALID_4754,2026-05-10,Oil Change
M2S6R35W,2026-08-15,Battery Replacement
U4NR068J,2026-03-17,Brake Inspection
YL4SENVG,2026-06-13,Full Service
HACCWD02,2026-01-13,Battery Replacement
MIWVG57Q,2026-12-27,Tire Rotation
58GQ0OEC,2026-08-27,Brake Inspection
P8C6P6Z5,2026-06-23,Brake Inspection
WL5R404R,2026-10-22,Battery Replacement
RQ7M8RCT,2026-07-08,Full Service
YK7RXALX,2026-01-02,Brake Inspection
J2PLI4TP,2026-03-05,Oil Change
BKCP8KIM,2026-02-28,Full Service
84PAF5W8,2026-05-09,Engine Overhaul
2Q5J9MEU,2026-10-11,Full Service
HHGFFEPI,2026-07-03,Tire Rotation
T799A1B2,2026-08-21,Full Service
7RDM2YJZ,2026-08-17,Full Service
3NN6LAM1,2026-08-18,Brake Inspection
R5842GLS,2026-01-12,Engine Overhaul
04VCR5EM,2026-04-22,Brake Inspection
U5GXSPUM,2026-07-25,Oil Change
VMET7L4A,2026-08-03,Tire Rotation
O7DSJD9J,2026-05-11,Tire Rotation
K17LVHO3,2026-03-06,Oil Change
PGEOGIXT,2026-10-27,Engine Overhaul
FAVW7PH7,2026-03-18,Oil Change
M3C1S2B2,2026-08-01,Brake Inspection
52HCXA3V,2026-01-21,Brake Inspection
ND9NCWS4,2026-11-10,Battery Replacement
OQC3M77S,2026-12-26,Engine Overhaul
QL70Z42W,2026-04-15,Oil Change
LLJ7S8PP,2026-01-08,Engine Overhaul
IVE8XGUY,2026-05-06,Battery Replacement
U9FKXAWT,2026-11-07,Battery Replacement
NR9XF0AJ,2026-04-20,Engine Overhaul
N6UB1GKK,2026-01-15,Battery Replacement
7IW5QVFY,2026-03-31,Tire Rotation
IFN9D7MF,2026-04-11,Battery Replacement
6C6S5367,2026-04-29,Battery Replacement
WAIILIET,2026-09-10,Brake Inspection
MCD3VQE9,2026-01-08,Brake Inspection
BRG8HWGM,2026-11-30,Battery Replacement
SU1LEPDN,2026-01-16,Brake Inspection
QD1K5W0Z,2026-02-27,Oil Change
OMYKRBTT,2026-06-15,Tire Rotation
CZ5YOF0T,2026-06-28,Full Service
0995XSVM,2026-03-15,Oil Change
0HTJC9F1,2026-04-10,Engine Overhaul
01TFPIBF,2026-12-08,Battery Replacement
SQHYZU57,2026-03-21,Full Service
UJDZUCTW,2026-03-23,Oil Change
6PRJNTZ3,2026-08-25,Brake Inspection
4572DUA2,2026-09-23,Full Service
12ZBX851,2026-01-17,Brake Inspection
PNSHTHO2,2026-04-05,Brake Inspection
SIJZ3GKB,2026-02-23,Brake Inspection
GK0BXPUF,2026-03-24,Oil Change
A0SDP5OL,2026-12-08,Oil Change
7KAHP76I,2026-07-25,Oil Change
1YCQ4ZU3,2026-08-23,Brake Inspection
W5SURSUO,2026-11-04,Battery Replacement
6LTN7Z4D,2026-02-28,Battery Replacement
HYWKJ9QP,2026-06-10,Engine Overhaul
1M4KDTFO,2026-05-03,Oil Change
X7PUTHCI,2026-11-14,Full Service
9ZQNG1J9,2026-11-21,Oil Change
DR2WN8SU,2026-05-10,Brake Inspection
5VCL4YSZ,2026-12-13,Battery Replacement
ISFL52TV,2026-11-22,Full Service
W5PBZCAP,2026-11-12,Full Service
VX2FOX5S,2026-08-28,Battery Replacement
O2H2DE1U,2026-02-11,Full Service
979ZD967,2026-05-01,Engine Overhaul
Q1066AB4,2026-12-13,Battery Replacement
39UIGLIR,2026-04-01,Oil Change
KME2H3GE,2026-10-11,Brake Inspection
7JF4XLXP,2026-02-28,Engine Overhaul
8PQGLG52,2026-01-31,Oil Change
N6HIYO3W,2026-11-04,Brake Inspection
3DDPRP3X,2026-07-23,Battery Replacement
RYKYMNHA,2026-11-23,Engine Overhaul
JMBW92AY,2026-03-28,Oil Change
6SANONBL,2026-03-03,Brake Inspection
37KJVDMR,2026-04-08,Tire Rotation
ODK12HS2,2026-08-13,Brake Inspection
ZKFLHI7B,2026-07-20,
RQNBGCJQ,2026-10-17,Battery Replacement
WVFG27WH,2026-11-20,Oil Change
HVWMNSD7,2026-04-27,Tire Rotation
TUOPYBW9,2026-05-03,Engine Overhaul
IFA2XLYY,2026-06-27,Tire Rotation
I576QHDH,2026-03-23,Full Service
QS50C2ZC,INVALID_DATE,Brake Inspection
6VW2WOK2,2026-02-15,Engine Overhaul
4I2J4PS7,2026-07-31,Battery Replacement
FW9ME1JW,2026-11-17,Engine Overhaul
704R72VY,2026-07-28,Full Service
B9OCG1MS,2026-12-29,Oil Change
426QA1H1,2026-01-22,Full Service
28Q8RAF6,2026-02-16,Battery Replacement
JX8F72FS,2026-09-23,Tire Rotation
YTAPREM1,2026-08-21,Battery Replacement
HX68NTFY,2026-04-12,Engine Overhaul
POBXM9ZZ,2026-12-26,Full Service
IWH7FY5J,2026-11-21,Full Service
UKNSCN07,2026-04-30,Brake Inspection
QUT9FUUS,2026-11-19,Oil Change
NNVNDF1W,2026-05-04,Oil Change
C41IZK5V,2026-05-24,Battery Replacement
P8MZB5HJ,2026-08-02,Engine Overhaul
1AHRF5WA,2026-09-02,Full Service
X7JGMQG2,2026-10-26,Brake Inspection
SSGBSCJK,2026-03-11,Engine Overhaul
A5MWP7DI,2026-09-30,Tire Rotation
H247O9DW,2026-08-18,Engine Overhaul
NT262O19,2026-08-04,Engine Overhaul
CV1Q7JNO,2026-09-25,Battery Replacement
NLKBOVI2,2026-11-25,Battery Replacement
S4CF9M2W,2026-09-04,Battery Replacement
TCIXGG7W,2026-04-04,Battery Replacement
XEZJYKKM,2026-06-02,Full Service
IAVYDXN1,2026-08-14,Oil Change
869I58QF,2026-06-15,Tire Rotation
G7MQ97VH,2026-06-16,Battery Replacement
92NQZ5V7,2026-03-23,Brake Inspection
Y53YYEKJ,2026-06-29,Brake Inspection
HUALDDIA,2026-09-14,Oil Change
DALJWMYG,2026-04-23,Oil Change
5HQF3550,2026-04-18,Oil Change
CFOJSV30,2026-01-06,Battery Replacement
9FMOCBDJ,2026-08-17,Battery Replacement
0PSITHIX,2026-09-06,Battery Replacement
ATPQHZRB,2026-12-08,Engine Overhaul
AGOKNAVC,2026-04-02,Full Service
4319D64L,2026-04-09,Tire Rotation
6JRIADP9,2026-12-23,Tire Rotation
ZBOWWZCW,2026-10-29,Battery Replacement
0ZOMKETR,2026-08-06,Oil Change
GUQARNU6,2026-07-09,Brake Inspection
XL4OYR0I,2026-10-28,Brake Inspection
XLJ32SWH,2026-06-09,Battery Replacement
4925KBAO,2026-02-21,Tire Rotation
ETGJ05OT,2026-06-14,Brake Inspection
9X6O4DW5,2026-03-12,Engine Overhaul
T3CRCRE7,2026-08-05,Brake Inspection
HM1HAJTI,2026-08-15,Battery Replacement
3TJ8RC6R,2026-02-02,Full Service
W7M6BEFI,2026-07-27,Battery Replacement
L0RFOZF4,2026-03-25,Oil Change
OODVBT5X,2026-11-19,Brake Inspection
FEDMWPPA,2026-03-15,Engine Overhaul
L678DP76,2026-09-08,Brake Inspection
S31JAH9O,2026-12-16,Battery Replacement
AAK7QLSJ,2026-12-24,Oil Change
2ZAJPMSN,2026-07-12,Full Service
XZVPGBQD,2026-07-30,Oil Change
0MHX4INH,2026-08-23,Tire Rotation
V4IXX8WZ,2026-05-21,Oil Change
5VJBQV9F,2026-02-22,Engine Overhaul
R7XR9O6D,2026-09-22,Engine Overhaul
Z4YAFM3R,2026-06-28,Full Service
QTD3JXTV,2026-01-06,Battery Replacement
E7FB2GA4,2026-03-09,Battery Replacement
YUJJ1NPG,2026-12-31,Full Service
UH430X3L,2026-01-30,Brake Inspection
WI4M5SJG,2026-10-29,Tire Rotation
D1WLDGKJ,2026-07-30,Tire Rotation
GJKH5N84,2026-07-14,Brake Inspection
XWCHE68M,2026-07-10,Tire Rotation
9NB9NIRB,2026-06-18,Brake Inspection
JR0YN6JY,2026-03-21,Full Service
CSLR34RL,2026-09-16,Tire Rotation
9UC4D304,2026-11-21,Oil Change
8AYRJY91,2026-01-09,Battery Replacement
8LSPM3LZ,2026-09-15,Battery Replacement
KF2P6G1T,2026-11-04,Engine Overhaul
53CQP4EJ,2026-02-23,Engine Overhaul
NPRWW09Q,2026-03-03,Tire Rotation
ACVO9TOH,2026-12-17,Brake Inspection
GVT6XJWG,2026-09-25,Oil Change
C9OG6KNJ,2026-03-05,Full Service
1XMA9Y37,2026-01-04,Engine Overhaul
SU5BVEH3,2026-05-12,Full Service
LSSO8HKZ,2026-07-27,Tire Rotation
DV6BSGT5,2026-07-12,Battery Replacement
8KDPAJDN,2026-01-24,Oil Change
LTL6HAC6,2026-03-04,Full Service
KJPOGJMV,2026-07-27,Engine Overhaul
QT77S0Y3,2026-01-18,Battery Replacement
KRF234IJ,2026-01-08,Tire Rotation
9JPK1URQ,2026-04-27,Oil Change
QFG6Q3JY,2026-08-01,Battery Replacement
BGPDUW27,2026-03-29,Full Service
7IJ5DAJ8,2026-12-26,Full Service
YUDYHTNW,2026-07-23,Full Service
16EPYW33,2026-11-25,Engine Overhaul
LBIJ3532,2026-10-25,Brake Inspection
JYKQQI8R,2026-01-08,Oil Change
NQOGF65N,2026-06-11,Tire Rotation
254GKTX8,2026-03-12,Engine Overhaul
UOHLAXRB,2026-10-26,Battery Replacement
X54B9R3H,2026-05-13,Full Service
IXP0Q1G3,2026-04-01,Battery Replacement
6UO04WEF,2026-09-26,Battery Replacement
WVDT0SOI,2026-06-02,Oil Change
BAYEXSXJ,2026-11-02,Oil Change
J51TUYR3,2026-09-26,Tire Rotation
OYH4BREO,2026-03-12,Battery Replacement
32GRO4HF,2026-05-16,Engine Overhaul
H2SAFOCY,2026-02-23,Brake Inspection
YVTM0OTV,2026-02-06,Engine Overhaul
MICIRR74,2026-10-18,Engine Overhaul
SEHSQMZU,2026-10-23,Battery Replacement
PUE5A398,2026-05-12,Battery Replacement
0OUIZECF,2026-05-13,Battery Replacement
S1QQFBKZ,2026-09-29,Engine Overhaul
T5EIDAYS,2026-03-20,Tire Rotation
GZIQTDO6,2026-06-14,Oil Change
GQ05OWS1,2026-06-22,Oil Change
XRGUHGEC,2026-04-06,Brake Inspection
32KB8OE6,2026-10-23,Battery Replacement
2KKLLL1P,2026-03-17,Full Service
E6CEOISK,2026-11-05,Tire Rotation
BR6SNLXS,2026-06-14,Battery Replacement
FMU7K3FS,2026-08-10,Tire Rotation
6HL6FN8T,2026-03-16,Brake Inspection
8P5U53ZZ,2026-10-25,Full Service
MMU831P7,2026-11-09,Full Service
NPG3TS61,2026-01-31,Full Service
KL2KKDA1,2026-05-23,Engine Overhaul
VWNX7N32,2026-01-04,Brake Inspection
4Q90FY1U,2026-12-30,Brake Inspection
6RT30VVR,2026-12-21,Engine Overhaul
9I9E69BO,2026-12-19,Battery Replacement
8U9D53PN,2026-04-09,Oil Change
4ZJA7Y7E,2026-06-08,Engine Overhaul
7R9GJ6NY,2026-10-22,Full Service
JVF03DD7,2026-12-29,Engine Overhaul
HYPDE429,2026-04-16,Oil Change
SN6D23UX,2026-05-14,Engine Overhaul
0FPN9KOR,2026-09-17,Full Service
LVQHWJVA,2026-12-28,Full Service
ALRK0VS7,2026-07-05,Tire Rotation
YW3AZLLR,2026-10-01,Brake Inspection
P2BD6FB6,2026-05-02,Oil Change
V8K2JQ05,2026-12-12,Oil Change
XGRG3AB8,2026-10-08,Tire Rotation
PWAPSILO,2026-06-05,Battery Replacement
MIWW0SQ1,2026-07-12,Engine Overhaul
LJS0UG4I,2026-07-30,Full Service
XJR1S49B,2026-11-09,Brake Inspection
JYYTMVS4,2026-10-05,Oil Change
HNO3KLR4,2026-09-30,Battery Replacement
FH383BQZ,2026-10-26,Tire Rotation
JQJPTRX0,2026-12-28,Full Service
5QXN8FVC,2026-07-19,Brake Inspection
4NNLHLLJ,2026-09-14,Tire Rotation
03S7FC7Z,2026-10-18,Battery Replacement
NV3BHPH5,2026-06-05,Tire Rotation
WXPGT5AC,2026-09-04,Full Service
Y8XFVIWN,2026-01-09,Engine Overhaul
6BEFS8O4,2026-05-08,Full Service
11V9BNJ5,2026-02-27,Battery Replacement
JMYQG85G,2026-11-17,Oil Change
723XU6PJ,2026-06-25,Full Service
VOGQSY51,2026-03-17,Oil Change
DYQELY65,2026-12-14,Full Service
YL32VQ3L,2026-12-28,Brake Inspection
FCT6KFXE,2026-09-21,Tire Rotation
2GJU45HD,2026-02-19,Oil Change
3O1H1JGZ,2026-08-01,Battery Replacement
AAUPRDWA,2026-05-04,Battery Replacement
HF2K7N97,2026-04-14,Oil Change
RUFE4G4W,2026-03-15,Tire Rotation
9XEXIZ24,2026-03-11,Oil Change
60H8QZCD,2026-05-15,Battery Replacement
3DVKTOCG,2026-06-11,Full Service
4B86ENH3,2026-10-06,Oil Change
9WOLCII2,2026-10-10,Full Service
H4BZY8LY,2026-10-19,Battery Replacement
RVRRU1KZ,2026-10-21,Brake Inspection
39F8PBUA,2026-08-31,Brake Inspection
J02WK0FU,2026-08-01,Battery Replacement
2M23BV2V,2026-01-08,Tire Rotation
S4ORABHV,2026-06-17,Battery Replacement
VY0L3KZ3,2026-06-29,Tire Rotation
WSHXV4HQ,2026-06-13,Battery Replacement
4QBGJ7T1,2026-08-14,Engine Overhaul
XZVSK5Q2,2026-12-05,Battery Replacement
TN75YN4U,2026-07-04,Brake Inspection
GIROLHCH,2026-05-16,Oil Change
E385QK7V,INVALID_DATE,Brake Inspection
C2DL9X03,2026-02-22,Brake Inspection
OLDOE6J1,2026-10-07,Engine Overhaul
2EKSW4LC,2026-08-18,Oil Change
DAZBDKQR,2026-05-03,Tire Rotation
BABORT48,2026-09-02,Brake Inspection
RQN50LX0,2026-01-21,Brake Inspection
QVQU2DWV,2026-01-12,Brake Inspection
FABYC1WZ,2026-07-18,Battery Replacement
9WIN7UCI,2026-12-20,Full Service
JK392PVW,2026-02-19,Battery Replacement
UHBCAMOT,2026-01-25,Engine Overhaul
BPZ5OKC7,2026-12-08,Engine Overhaul
LIRWALMA,2026-02-16,Oil Change
4FCUOXI6,2026-07-15,Brake Inspection
WDCQ1K41,2026-08-05,Brake Inspection
AEK2TPM8,2026-10-11,Full Service
QAU5FQP0,2026-12-05,Full Service
9ZMGH0IA,2026-05-16,Oil Change
MP1IEOVW,2026-10-19,Oil Change
INVALID_9290,2026-05-10,Oil Change
0Z1BUU2Q,2026-07-29,Full Service
9HEWRAH5,2026-09-23,Brake Inspection
G9U2KUXP,2026-01-29,Tire Rotation
ORD8YPLZ,2026-12-22,Battery Replacement
CMPN5TBH,2026-11-22,Oil Change
8X4IMKAK,2026-06-15,Tire Rotation
BW11VZE1,2026-03-17,Full Service
8FA9Z7Z4,2026-01-01,Tire Rotation
14XV67O9,2026-04-06,Engine Overhaul
0Z6MMN0X,2026-04-13,Engine Overhaul
UOOIHXLT,2026-03-10,Brake Inspection
DH0Z3L4W,2026-05-05,Tire Rotation
VI5LKKFR,2026-02-17,Full Service
VQQ0ZCA2,2026-05-15,Battery Replacement
8O0VIDOM,2026-07-05,Battery Replacement
7KFSALEA,2026-08-19,Full Service
JAJ4KZTC,2026-10-29,Tire Rotation
OPM80MP0,2026-02-11,Brake Inspection
Q2HR1U9E,2026-12-20,Tire Rotation
EYDCAWLN,2026-04-24,Battery Replacement
9MLS74VQ,2026-06-17,Tire Rotation
LA0Q7RMQ,2026-10-24,Full Service
75RF99YY,2026-09-13,Battery Replacement
7Y0YGCQ1,2026-01-07,Oil Change
QS5YAP1E,2026-05-04,Battery Replacement
7FB8BPZA,2026-11-08,Engine Overhaul
M0MVZO2Q,2026-07-03,Oil Change
0YF5GQFG,2026-08-29,Battery Replacement
KY9Q6PSZ,2026-03-10,Oil Change
A7UF56E0,2026-12-15,Battery Replacement
EJGON7WT,2026-03-11,Brake Inspection
UQ66Y2K8,2026-09-10,Full Service
RGKSSI4U,2026-09-25,Battery Replacement
HMDYXKYK,2026-05-31,Full Service
6LGXMA7F,2026-04-21,Oil Change
XF9LTAHK,2026-01-24,Engine Overhaul
EBFX36RX,2026-11-24,Brake Inspection
0LU1NLPA,2026-06-21,Full Service
HFTPV629,2026-09-23,Full Service
DNMDZ32X,2026-08-24,Tire Rotation
U5D06W9P,2026-10-14,Full Service
6J3V3D2Z,2026-06-21,Full Service
FA4OAHKY,2026-03-25,Battery Replacement
D496JDM1,2026-10-03,Full Service
D174AMMW,2026-05-24,Oil Change
AHK3QXXT,2026-04-24,Engine Overhaul
F73T0PAS,2026-11-16,Full Service
CBFKE1L8,INVALID_DATE,Brake Inspection
X9BX7F96,2026-10-30,Full Service
KZHMNP6X,2026-02-08,Battery Replacement
RFPMNFFG,2026-05-12,Engine Overhaul
WO4MZP0L,2026-03-11,Tire Rotation
RLNOKL2R,2026-10-17,Oil Change
Y7UMGN8L,2026-06-18,Brake Inspection
YW9H0QSH,2026-04-16,Full Service
JGDOGNJY,2026-02-11,Battery Replacement
5P9KY83J,2026-06-04,Brake Inspection
ODLTZ6TC,2026-03-13,Engine Overhaul
1IRG5IO7,2026-03-04,Tire Rotation
92M7MVPK,2026-11-24,Tire Rotation
LSGCQDJL,2026-05-31,Full Service
9QHEYNYH,2026-01-20,Oil Change
WYE7JJUP,2026-03-11,Brake Inspection
A2LOCCEW,2026-02-05,Full Service
DQIIJD25,2026-08-26,Full Service
7KFA2U48,2026-05-26,Tire Rotation
2FFYI02C,2026-04-26,Tire Rotation
KZHMNP6X,2026-02-08,Battery Replacement
TLPTMUUI,2026-08-15,Battery Replacement
Z2QWBYR1,2026-11-20,Brake Inspection
C1KB88GK,2026-04-18,Brake Inspection
5WDZE71L,2026-09-25,Oil Change
0QEE15G4,2026-07-22,Brake Inspection
JBGD3NA5,2026-03-09,Tire Rotation
DUMHN4C5,2026-11-06,Tire Rotation
DYQELY65,2026-12-14,Full Service
INVALID_4907,2026-05-10,Oil Change
OIUBIUZW,2026-08-02,Oil Change
GNW0U6KR,2026-01-11,Full Service
P01TS57Q,2026-01-17,Oil Change
5ATL2G8R,2026-12-31,Oil Change
HAN3SYTG,2026-04-09,Engine Overhaul
TYUYMP5M,2026-11-04,Tire Rotation
JT2MQBBQ,2026-02-04,Oil Change
B0AKMHDW,2026-05-24,Battery Replacement
7CXOZ141,2026-01-04,Oil Change
CFTRBOBG,2026-09-20,Battery Replacement
YDGFUA41,2026-12-11,Tire Rotation
QMSNKV5F,2026-07-01,Oil Change
2176TYEG,2026-08-15,Engine Overhaul
0C1F9G8O,2026-10-17,Brake Inspection
1LATCHQY,2026-04-28,Oil Change
BTZEZ3OW,2026-09-25,Engine Overhaul
8BDETB6P,2026-08-16,Full Service
62J7RCHG,2026-09-14,Engine Overhaul
XWXY4TUB,2026-09-27,Engine Overhaul
AKJCA5FT,2026-10-25,Full Service
VBX4T3M6,2026-09-03,Oil Change
I7JJYRNS,2026-01-16,Brake Inspection
7ID1UO5S,2026-10-30,Oil Change
3VCCBOJS,2026-01-07,Battery Replacement
8FILWIIC,2026-07-15,Tire Rotation
RUCVRGZZ,2026-09-01,Engine Overhaul
J7NRXVR0,2026-12-26,Oil Change
Q31FKN1Y,2026-03-25,Full Service
Q5N8JCTG,2026-08-25,Battery Replacement
9851K1Y9,2026-12-21,Brake Inspection
ET5SCBN4,2026-03-20,Brake Inspection
67HH39FI,2026-03-30,Brake Inspection
R5JYAV9L,2026-06-15,Engine Overhaul
3RHI4BK7,2026-09-21,Battery Replacement
YHCQEMCV,2026-11-10,Brake Inspection
2T8COVNF,2026-07-01,Engine Overhaul
LGSYUKP7,2026-05-04,Full Service
LO5O0S86,2026-04-23,Tire Rotation
PC7S2K0D,2026-07-13,Full Service
GSDB7IF3,2026-05-28,Brake Inspection
RADDW58Q,2026-02-23,Full Service
2XODGGYP,2026-08-15,Battery Replacement
XDKCL1U9,2026-09-17,Engine Overhaul
VCTF5X3Q,2026-06-28,Battery Replacement
XJRHNXN1,2026-08-29,Tire Rotation
64DOH456,2026-12-24,Tire Rotation
73OFQK2F,2026-12-11,Brake Inspection
Q88ZY1S2,2026-11-19,Full Service
KEDQQHJD,2026-01-06,Full Service
H6XKR9TU,2026-02-25,Brake Inspection
OX2TWQB8,2026-10-04,Oil Change
QQVMIIAS,2026-11-12,Battery Replacement
E5N4I87M,2026-11-07,Brake Inspection
FL84KUU6,2026-07-29,Engine Overhaul
ILY5QBWL,2026-10-16,Oil Change
XZ7T1IE8,2026-09-13,Battery Replacement
PD6UBBG5,2026-05-01,Tire Rotation
QBFRFWKF,2026-11-22,Engine Overhaul
DI4KM7GF,2026-02-20,Brake Inspection
INC9PKCN,2026-06-15,Brake Inspection
PRPNY5H8,2026-12-14,Battery Replacement
FO6ZNG3L,2026-08-12,Oil Change
2KN7PTT2,2026-07-20,Brake Inspection
AVWU9XY4,2026-06-13,Brake Inspection
XGXHRHQ6,2026-06-19,Brake Inspection
HQTRSXSU,2026-10-16,Full Service
BZ70S5JW,2026-07-10,Oil Change
JKLXQMGL,2026-04-18,Oil Change
AG0PEQ7F,2026-03-08,Tire Rotation
FW5NTPLU,2026-11-11,Battery Replacement
JRYK1LE1,2026-01-22,Engine Overhaul
66UF9D40,2026-08-22,Tire Rotation
682ZJO40,2026-10-22,Tire Rotation
UHFQQEGY,2026-11-02,Tire Rotation
LK0N1AY1,2026-03-23,Oil Change
AVFPC31K,2026-02-07,Oil Change
BBNJ67B3,2026-08-10,Engine Overhaul
3F5ALGZJ,2026-11-11,Full Service
IL3DCSYD,2026-06-04,Brake Inspection
1AME66SJ,2026-01-17,Brake Inspection
N02LO9MT,2026-12-20,Full Service
WK68EI4F,2026-03-23,Tire Rotation
9F9K3XNK,2026-03-22,Brake Inspection
TZ13CU2V,2026-03-14,Full Service
KVBFZ8GM,2026-08-17,Battery Replacement
AL6RS2ST,2026-06-15,Tire Rotation
F8265QPP,2026-08-27,Engine Overhaul
V8W77HOD,2026-02-11,Engine Overhaul
AJCSVUHU,2026-04-12,Engine Overhaul
WL03PX0L,2026-09-16,Oil Change
MWLPTL6C,2026-04-12,Engine Overhaul
ZB4CAOT2,2026-09-16,Tire Rotation
RK274T3U,2026-04-05,Engine Overhaul
CXCDFTMN,2026-01-17,Engine Overhaul
NMFDUTJS,2026-05-16,Engine Overhaul
W0WGEBTH,2026-06-14,Oil Change
O68N18BU,2026-12-13,Full Service
HUYHWBYC,2026-11-07,Oil Change
AA16LZZG,2026-07-05,Tire Rotation
68N4DK6S,2026-09-05,Battery Replacement
INVALID_8082,2026-05-10,Oil Change
QSOM2KK4,2026-08-09,Battery Replacement
YAFCEIOM,2026-10-18,Full Service
DJDNVDSA,2026-07-23,Oil Change
VBCX2T0K,2026-09-14,Tire Rotation
AOMYDWLA,2026-10-09,Battery Replacement
URMHOQ1Y,2026-12-12,Full Service
POQHSBE1,2026-12-13,Engine Overhaul
SDQ41INE,2026-05-15,Battery Replacement
8D45FQL2,2026-08-06,Battery Replacement
IWOCOS1H,2026-03-24,Engine Overhaul
KU3JNLJA,2026-09-21,Oil Change
ZWUFQDX9,2026-10-09,Full Service
82TIRXFP,2026-12-07,Tire Rotation
RW3J2QEQ,2026-10-21,Engine Overhaul
F4K0OTZP,2026-10-12,Tire Rotation
4T97XI5Z,2026-10-16,Oil Change
LVTRY9K2,2026-08-11,Engine Overhaul
XBHWJ021,2026-12-21,Engine Overhaul
QWI9K64P,2026-03-04,Tire Rotation
B0NC1AMI,2026-08-13,Battery Replacement
IM1SQEJI,2026-11-27,Brake Inspection
AXCAG84B,2026-06-09,Engine Overhaul
B2PCFVDW,2026-08-27,Brake Inspection
QGR9R7HX,2026-02-22,Oil Change
Z1BASZTX,2026-04-30,Oil Change
PIVA76XQ,2026-08-01,Oil Change
8I7X0PG2,2026-10-22,Brake Inspection
Z8L0FKB7,2026-06-17,Full Service
DXVA1UL4,2026-09-12,Full Service
UCUA56EB,2026-02-26,Battery Replacement
KLWEO2IE,2026-11-02,Tire Rotation
LX5W79BC,2026-03-25,Oil Change
1BGZUTT9,2026-01-02,Oil Change
L9K4GUMS,2026-05-22,Engine Overhaul
E9K5LNV9,2026-03-21,Engine Overhaul
BRWULJM5,2026-04-18,Oil Change
T6Q4524F,2026-03-01,Engine Overhaul
5W8040BG,2026-01-14,Brake Inspection
D0YOTSUC,2026-04-29,Oil Change
XG127B0R,2026-07-22,Battery Replacement
7USDANLM,2026-01-13,Full Service
64Y3W4LM,2026-09-14,Battery Replacement
7QPA7DT9,2026-01-23,Full Service
GBZZW5U6,2026-02-04,Brake Inspection
C24OAVPV,2026-07-12,Oil Change
W0ABAH20,2026-02-18,Battery Replacement
QIY6IEWX,2026-07-05,Oil Change
I3K56FRA,2026-06-30,Brake Inspection
L8RI3PTW,2026-06-12,Engine Overhaul
UKGIAHU7,2026-02-06,Full Service
9WDINFW7,2026-01-15,Brake Inspection
VMQO4DE6,2026-02-06,Full Service
F0FLWHOR,2026-04-06,Brake Inspection
6I5JQOA7,2026-04-13,Full Service
3KV2HVFA,2026-04-12,Brake Inspection
7HEHFQVT,2026-04-24,Oil Change
INVALID_1694,2026-05-10,Oil Change
8A65E5TZ,2026-10-16,Tire Rotation
M9LHCM7E,2026-01-15,Engine Overhaul
4D0NJYHY,2026-10-06,Full Service
13IGLAQI,2026-04-22,Engine Overhaul
F97VBTPK,2026-11-16,Battery Replacement
L9DOVEZ8,2026-06-22,Tire Rotation
YMKMZTJ8,2026-04-01,Brake Inspection
SRX468LN,2026-10-17,Brake Inspection
869I58QF,2026-06-15,Engine Overhaul
3TWLJQEI,2026-09-08,Full Service
RABBNW2S,2026-11-06,Engine Overhaul
Y0YN61PA,2026-05-24,Brake Inspection
88X7TE9B,2026-08-14,Oil Change
H6HC2Q9M,2026-07-25,Battery Replacement
4HAKZHW8,2026-12-05,Brake Inspection
LGBJ388U,2026-03-26,Brake Inspection
E1VXTXFA,2026-04-24,Oil Change
OIUJG9BK,2026-12-25,Oil Change
S9FDXJ2D,2026-07-24,Tire Rotation
I4HT6XUO,2026-06-15,Tire Rotation
UHVYQUJ8,2026-03-13,Battery Replacement
0GZGDIJ0,2026-07-04,Tire Rotation
072KUAYY,2026-03-23,Engine Overhaul
ENERA519,2026-06-06,Engine Overhaul
NBSHPVV1,2026-02-22,Tire Rotation
A5XB5GR4,2026-01-04,Brake Inspection
2OIGV6WD,2026-11-03,Battery Replacement
AVEDA8GS,2026-05-27,Tire Rotation
RL1RVHCS,2026-04-14,Full Service
9M76CSIZ,2026-06-23,Oil Change
BHP3SGPN,2026-08-23,Brake Inspection
EVH90UDU,2026-08-18,Full Service
GDULYYW2,2026-06-15,Engine Overhaul
OQ3TGSBG,2026-02-25,Oil Change
8R1IF61M,2026-08-30,Full Service
IR1LXDV5,2026-10-19,Battery Replacement
77NBB4E0,2026-12-15,Full Service
ESC8Y26Z,2026-11-06,Brake Inspection
069J0XNA,2026-04-16,Battery Replacement
BD8B9859,2026-12-04,Battery Replacement
HU9923II,2026-04-11,Oil Change
2X6IRLI2,2026-12-15,Engine Overhaul
LE79B0JZ,2026-11-16,Oil Change
2ICQNBZM,2026-08-02,Oil Change
MY8LY5OE,2026-01-05,Oil Change
4N7PF09C,2026-03-09,Tire Rotation
0CMLFQJ5,2026-09-08,Full Service
PUJTV7SN,2026-10-11,Oil Change
4ZRWFYVT,2026-10-14,Oil Change
YPR7XF4T,2026-04-15,Tire Rotation
5UMBOALY,2026-08-27,Engine Overhaul
PG0FEB1B,2026-01-28,Brake Inspection
U33IAW1Z,2026-02-21,Brake Inspection
08O70UZE,2026-12-31,Tire Rotation
AZQUUNY2,2026-03-21,Oil Change
3OK08XUJ,2026-06-04,Brake Inspection
HPPZZKT3,2026-02-20,Engine Overhaul
TN1WT3U3,2026-11-15,Full Service
4AEVDG1R,2026-02-20,Brake Inspection
MK46VP31,2026-04-13,Full Service
52BXOU9L,2026-01-17,Brake Inspection
U18OPPPC,2026-07-30,Brake Inspection
MGULS5NA,2026-12-12,Brake Inspection
YS74TFQ8,2026-02-23,Tire Rotation
Z97W2D3A,2026-12-04,Brake Inspection
X5RNXF9A,2026-08-31,Full Service
5KOVYE3W,2026-06-29,Oil Change
B6MXE1QQ,2026-09-05,Engine Overhaul
2X4SAFGZ,2026-07-11,Full Service
63UZ55J8,2026-10-18,Tire Rotation
ITED8SC9,2026-04-06,Battery Replacement
Q495WFQN,2026-11-01,Full Service
A9193PYH,2026-07-10,Oil Change
XRIQ9RPS,2026-10-24,Brake Inspection
QDI69UDR,2026-01-22,Brake Inspection
8IHHMBFZ,2026-05-27,Full Service
KZXU8SCH,2026-11-16,Battery Replacement
8R5JLUHZ,2026-02-12,Oil Change
F6MFW7H3,2026-02-27,Brake Inspection
YBHK17H6,2026-10-14,Brake Inspection
SMOVBFSG,2026-05-26,Tire Rotation
52QVEN0S,2026-06-14,Brake Inspection
HCP81ZRL,2026-05-17,Oil Change
XCS2CC00,2026-01-14,Brake Inspection
A3UZJGXA,2026-09-01,Engine Overhaul
CEMZ6FKX,2026-09-15,Battery Replacement
50F7QTLH,2026-09-01,Brake Inspection
CUYQ67CW,2026-03-07,Engine Overhaul
PRT0223C,2026-08-30,Brake Inspection
Z3QBIZYG,2026-07-13,Engine Overhaul
KJO2OG3N,2026-06-20,Full Service
9RPVNKON,2026-09-17,Engine Overhaul
SKO8Q56T,2026-02-24,Brake Inspection
7O29L4EY,2026-05-11,Brake Inspection
KAEANZKF,2026-01-14,Tire Rotation
EDZMU228,2026-11-23,Tire Rotation
36ZP2WVM,2026-12-09,Oil Change
SRG0DZJT,2026-10-28,Tire Rotation
HOKA510X,2026-05-05,Brake Inspection
HTBU6E0H,2026-08-16,Battery Replacement
2R7RLUKK,2026-11-02,Brake Inspection
O696CWU1,2026-06-15,Engine Overhaul
HQEOHD1G,2026-07-27,Oil Change
70IV8BTA,2026-05-21,Full Service
O22YCNWQ,2026-09-11,Battery Replacement
57L25TCB,2026-01-31,Full Service
TQZ8GTRD,2026-09-13,Engine Overhaul
ZVLNIHVC,2026-04-19,Tire Rotation
EL2VW563,2026-10-25,Full Service
3WQ0SIXO,2026-07-28,Oil Change
95DTEHM9,2026-09-12,Tire Rotation
79FNOBIS,2026-12-02,Battery Replacement
I6OY8ED3,2026-05-12,Brake Inspection
76K6KU6B,2026-09-23,Battery Replacement
9840ANXA,2026-02-18,Battery Replacement
GP7MDZZP,2026-07-16,Brake Inspection
3EUUZCOH,2026-03-04,Engine Overhaul
SZ76OAA0,2026-05-31,Tire Rotation
90TRN2ER,2026-03-01,Battery Replacement
QO0CYHLB,2026-07-07,Tire Rotation
K6A5XTSD,2026-08-25,Tire Rotation
GYBE75NR,2026-06-30,Brake Inspection
2E87BGDE,2026-03-18,Full Service
N7QCDJKY,2026-02-23,Engine Overhaul
58MIAQWZ,2026-07-18,Brake Inspection
R5WXLY5Q,2026-10-02,Full Service
14A9C5OO,2026-02-11,Tire Rotation
I181FZQC,2026-07-06,Engine Overhaul
2A00O3HL,2026-03-14,Brake Inspection
0OM9NOA6,2026-06-02,Full Service
X3DHT6AK,2026-01-18,Engine Overhaul
4VWSC09T,2026-02-15,Oil Change
9RNX96E0,2026-10-26,Battery Replacement
8A3005RL,2026-01-18,Brake Inspection
LEGWDYSX,2026-12-29,Oil Change
9WS3LXQ9,2026-12-22,Oil Change
0OO82Q4W,2026-03-15,Oil Change
K0OTW8NN,2026-09-18,Oil Change
T44J05RB,2026-02-01,Battery Replacement
FI8A4M4D,2026-04-26,Brake Inspection
38VFOWBW,2026-07-06,Tire Rotation
AQM5YUC4,2026-03-02,Battery Replacement
CHG4ZGE6,2026-10-24,Engine Overhaul
MVYM9GY0,2026-04-13,Tire Rotation
UKOIUZ95,2026-06-09,Battery Replacement
BDC8PAL6,2026-09-20,Tire Rotation
3RCUWW5D,2026-02-08,Full Service
0GCXP7GH,2026-07-01,Tire Rotation
81QHGX4W,2026-03-24,Tire Rotation
UUHFUG1H,2026-01-03,Battery Replacement
38WXXUIN,2026-12-12,Oil Change
IOPM8AA5,2026-11-18,Full Service
IS1QIW8C,2026-03-31,Battery Replacement
YAVKWLYU,2026-12-28,Tire Rotation
BF09IK4M,2026-06-16,Brake Inspection
LYB82D4X,2026-09-12,Battery Replacement
ZP5AIDMP,2026-05-30,Brake Inspection
H88F9S8H,2026-05-18,Engine Overhaul
74H29GIJ,2026-05-03,Battery Replacement
CX3JGRDF,2026-09-19,Engine Overhaul
5PD0HYPT,2026-08-26,Tire Rotation
F4CDXYMB,2026-11-10,Tire Rotation
1C3Z95VK,2026-07-05,Full Service
R65A00Q3,2026-11-19,Brake Inspection
SHAL2SBS,2026-06-14,Engine Overhaul
JTIUDOHN,2026-08-09,Engine Overhaul
M19OF23H,2026-07-13,Oil Change
G0ZK5BWI,2026-12-23,Tire Rotation
3056NP55,2026-06-02,Engine Overhaul
W6U3DGG7,2026-06-17,Brake Inspection
RANKJB5L,2026-08-25,Tire Rotation
7L3DRYKV,2026-01-02,Oil Change
83S42WS3,2026-10-18,Oil Change
4FFNYQS6,2026-06-15,Engine Overhaul
UTCWZ58O,2026-12-27,Tire Rotation
B5BJEGTV,2026-01-02,Brake Inspection
ZRYZLH1B,2026-08-02,Tire Rotation
ZV7ZH7WD,2026-11-02,Oil Change
WKF0T61H,2026-01-12,Tire Rotation
R8DXYJOY,2026-04-14,Full Service
SADTXVTO,2026-01-19,Brake Inspection
4A2X8POB,2026-11-03,Full Service
LYF0BIK4,2026-06-26,Full Service
BLJBY2VD,2026-11-30,Tire Rotation
CGHLWZ8G,2026-02-10,Tire Rotation
LVRGI6D3,2026-01-20,Battery Replacement
C40N9I00,2026-04-10,Oil Change
RWJM2THS,2026-01-20,Oil Change
OYUTDNJC,2026-05-17,Tire Rotation
X7YSKGQW,2026-06-10,Battery Replacement
INVALID_4023,2026-05-10,Oil Change
62DUNWWQ,2026-04-19,Oil Change
239RWWG5,2026-09-23,Battery Replacement
LICALHQ8,2026-10-27,Full Service
JQBPHMZN,2026-07-01,Brake Inspection
OUBY119K,2026-12-03,Oil Change
GA6BX1UB,2026-05-26,Full Service
GDYHIE6Z,2026-03-30,Brake Inspection
XON3O3OD,2026-12-07,Engine Overhaul
IOC9W2EO,2026-06-07,Full Service
6BI4SKA3,2026-04-02,Brake Inspection
SMI76LSM,2026-02-21,Oil Change
3I01XQ3Y,2026-01-17,Battery Replacement
QURIIM91,2026-06-01,Brake Inspection
Z9R324DF,2026-03-01,Brake Inspection
PJNKRZ5A,2026-01-07,Tire Rotation
L1IXQS7R,2026-12-16,Oil Change
ME15R0LP,2026-12-26,Oil Change
ILG7NYA5,2026-11-16,Tire Rotation
6V2PCODX,2026-03-02,Oil Change
R3FYKB6H,2026-06-16,Engine Overhaul
925WVNE6,2026-07-26,Oil Change
CCAFI98S,2026-12-14,Full Service
07SYZ58M,2026-03-08,Full Service
452QMYNL,2026-10-24,Engine Overhaul
GR0WC566,2026-11-11,Brake Inspection
PGLT3T18,2026-07-24,Full Service
2VDSKMS5,2026-06-23,Full Service
6B8VM42V,2026-09-30,Oil Change
Q85B314C,INVALID_DATE,Brake Inspection
ANMS9YR1,2026-09-18,Brake Inspection
L6DVXS4A,2026-12-21,Battery Replacement
MPUGIZG8,2026-05-02,Oil Change
M6R27EZS,2026-06-24,Tire Rotation
TNBJVDLZ,2026-03-25,Tire Rotation
8LC5J4LC,2026-03-09,Engine Overhaul
LLXHVMTP,2026-05-18,Full Service
15GEMW93,2026-01-09,Full Service
IBISSSZI,2026-01-18,Oil Change
RHUQCOSP,2026-12-17,Battery Replacement
AKW4Z2GC,2026-12-16,Battery Replacement
ME9FSOJ9,2026-12-13,Tire Rotation
2N0GC50D,2026-07-05,Tire Rotation
ZJK276QO,2026-03-17,Battery Replacement
8D0JVB82,2026-03-16,Oil Change
2SV11NPD,2026-04-07,Battery Replacement
BSJ4B5Q1,2026-05-02,Battery Replacement
2WE3JNLD,2026-05-31,Tire Rotation
5SMR3H0F,2026-03-22,Brake Inspection
PU0BS07D,2026-03-25,Tire Rotation
RXEQ859K,2026-04-16,Tire Rotation
GFAAW3VH,2026-08-28,Oil Change
C1TABPKP,2026-04-19,Brake Inspection
4ZLO1G1E,2026-11-13,Oil Change
N56W0TPO,2026-12-19,Full Service
UN1M8E1Q,2026-03-16,Battery Replacement
INRMLLZW,2026-09-28,Tire Rotation
9YQ197OH,2026-08-28,Tire Rotation
4F0AGT8V,2026-08-22,Battery Replacement
TCHHV34V,2026-01-21,Full Service
R0EJUROM,2026-11-12,Brake Inspection
FKIJIH0I,2026-01-15,Engine Overhaul
LWOFXJNX,2026-03-26,Engine Overhaul
JUQHULGF,2026-12-19,Full Service
WCJBPDHM,2026-07-19,Full Service
R4C35SN3,2026-08-14,Full Service
HRV3FS5Y,2026-01-03,Brake Inspection
5SNML861,2026-02-06,Battery Replacement
CET63CMA,2026-12-10,Engine Overhaul
1OD6EF6I,2026-06-15,Tire Rotation
CD29TFVZ,2026-02-25,Full Service
Y5T1E1LC,2026-05-23,Full Service
JC0T3I2H,2026-05-01,Battery Replacement
UL176UJB,2026-09-08,Full Service
232SER9O,2026-07-13,Battery Replacement
WA8ASI5E,2026-08-14,Battery Replacement
H42DVKAA,2026-06-23,Full Service
V02H8UV2,2026-11-27,Tire Rotation
NJD213GY,2026-03-12,Battery Replacement
60BKFFFS,2026-04-11,Brake Inspection
71UA916O,2026-04-27,Oil Change
U2HYU4SU,2026-10-07,Engine Overhaul
83V5XM87,2026-11-16,Full Service
72S09JW3,2026-06-07,Engine Overhaul
M2GX1CIJ,2026-05-09,Battery Replacement
SQGWP61U,2026-08-20,Oil Change
DBILJSYJ,2026-12-03,Engine Overhaul
38F5L4I7,2026-01-07,Engine Overhaul
8WRAQR8G,2026-02-22,Oil Change
9MV6JYLK,2026-04-17,Battery Replacement
CH6P1LF3,2026-10-02,Battery Replacement
ORC8DQPR,2026-01-02,Engine Overhaul
HGK0CINO,2026-08-01,Brake Inspection
3WTEKS3A,2026-12-13,Oil Change
7US64NB9,2026-06-03,Tire Rotation
ONEZYDMA,2026-06-13,Full Service
6Q1Z7U2O,2026-10-04,Battery Replacement
2YDS212T,2026-07-16,Brake Inspection
ORJPP9KK,2026-06-15,Engine Overhaul
4VICD70V,2026-11-06,Brake Inspection
9U4960QQ,2026-10-12,Engine Overhaul
KVRIIQ78,2026-07-15,Engine Overhaul
APQFQLZ6,2026-12-20,Full Service
EFYVNH8N,2026-09-15,Full Service
8KBC2SEX,2026-11-08,Battery Replacement
YQ87RMNU,2026-08-20,Battery Replacement
O3TVULNX,2026-07-01,Brake Inspection
INVALID_5704,2026-05-10,Oil Change
J9OV1IGL,2026-05-08,Full Service
OU228XOF,2026-06-15,Battery Replacement
IE3N1YHM,2026-12-08,Battery Replacement
7V3XGSZO,2026-06-16,Brake Inspection
EOIKVSF2,2026-02-24,Brake Inspection
UXV4AZ8Q,2026-06-23,Battery Replacement
6OGFGBBU,2026-03-30,Tire Rotation
VRA45DDI,2026-07-25,Brake Inspection
42SC1T8O,2026-12-01,Battery Replacement
UKNSCN07,2026-01-10,Oil Change
YP8R1BWU,2026-07-09,Brake Inspection
GCTDUSCP,2026-11-08,Full Service
XEHD2F2U,2026-07-23,Full Service
XK88W2BW,2026-06-07,Battery Replacement
TP821I8G,2026-09-08,Tire Rotation
L9EFW0OR,2026-01-29,Battery Replacement
A3OVEZRZ,2026-08-13,Tire Rotation
EBE3MQL1,2026-07-19,Brake Inspection
IBGTEQA0,2026-01-06,Brake Inspection
W1YYVWQ1,2026-09-18,Full Service
P6Q07EYN,2026-10-24,Full Service
YIAY2P7J,2026-12-13,Brake Inspection
JZA7AWNW,2026-09-13,Engine Overhaul
14PNIFQE,2026-05-21,Brake Inspection
XZ8RW19K,2026-03-07,Battery Replacement
ZB8HDNIN,2026-03-06,Engine Overhaul
AGS8YIDZ,2026-02-07,Battery Replacement
N4ZNTZS5,2026-08-10,Full Service
6F8YXU0M,2026-08-27,Oil Change
D2FEJJ64,2026-05-04,Battery Replacement
I6CB9P2U,2026-11-06,Tire Rotation
JIZ03QNM,2026-08-02,Brake Inspection
CQBP9CE9,2026-07-05,Tire Rotation
KHO6S0K8,2026-01-28,Oil Change
75K4320X,2026-06-07,Battery Replacement
7ILBUBMG,2026-12-07,Oil Change
PAK0ZHK6,2026-02-28,Oil Change
PMQFIZ9C,2026-06-15,Engine Overhaul
7BMWQRLO,2026-02-01,Battery Replacement
FHB99JIQ,2026-11-22,Full Service
8OLJHFTG,2026-11-20,Engine Overhaul
NK1F4S1H,2026-01-11,Oil Change
R87RZLCX,2026-04-11,Full Service
HXBQ3QI9,2026-12-20,Tire Rotation
PVS8GN8S,2026-05-16,Brake Inspection
MYU0JDR2,2026-02-04,Engine Overhaul
BJ7END8B,2026-03-01,Full Service
8KESU0EX,2026-03-31,Engine Overhaul
EVBNFBAQ,2026-02-20,Oil Change
GJNZOIFZ,2026-05-20,Tire Rotation
F3KRRI3W,2026-10-03,Tire Rotation
IC33HGO7,2026-03-06,Brake Inspection
EFTN3B1O,2026-02-28,Battery Replacement
GOEIIEXQ,2026-01-30,Engine Overhaul
AJIABRG6,2026-01-29,Full Service
INVALID_4410,2026-05-10,Oil Change
4KEBMWSI,2026-12-14,Engine Overhaul
FY6S2IOY,2026-10-30,Full Service
T5237JCN,2026-06-28,Tire Rotation
D11PQDNX,2026-12-15,Oil Change
K9E7L2L7,2026-12-02,Tire Rotation
GI839I4I,2026-11-08,Engine Overhaul
HQ7J3V9X,2026-11-19,Engine Overhaul
07LOUGYW,2026-02-11,Engine Overhaul
H4CR45EK,2026-01-21,Engine Overhaul
6P7OVRF7,2026-05-19,Oil Change
H5CSN9BY,2026-06-15,Tire Rotation
N0CX8FDT,2026-11-25,Full Service
NWEGQTD6,2026-10-05,Engine Overhaul
VAUL0ZHZ,2026-01-12,Battery Replacement
6KGWNV1Y,2026-08-27,Full Service
LJJA3GP9,2026-05-11,Engine Overhaul
O87E5BPF,2026-03-11,Battery Replacement
JGPSG7RT,2026-07-16,Engine Overhaul
0HFUY0X6,2026-06-15,Tire Rotation
8JBOQ1T2,2026-06-16,Tire Rotation
G11LQ3FV,2026-12-30,Full Service
92T5Z6OK,2026-06-27,Battery Replacement
HMRC3R99,2026-09-06,Full Service
SSRNN22N,2026-11-23,Brake Inspection
FANJ8E3B,2026-06-04,Oil Change
Z7I7Z77W,2026-08-07,Full Service
NPDIQZYH,2026-04-11,Battery Replacement
CN6TAW33,2026-04-10,Engine Overhaul
1FHVH3CQ,2026-04-19,Oil Change
TWEJ4N80,2026-06-26,Tire Rotation
PRS1CXYC,2026-11-09,Full Service
7D9XFZRQ,2026-09-09,Engine Overhaul
9M8R8L3Y,2026-08-17,Battery Replacement
ZWAPCPZ5,2026-10-10,Battery Replacement
62IYJVM8,2026-12-15,Brake Inspection
WCXX8634,2026-04-23,Tire Rotation
MU7ZOOXS,2026-10-28,Engine Overhaul
Y90RJCU4,2026-02-02,Battery Replacement
7WY8ZSMF,2026-01-30,Brake Inspection
OI35IRSI,2026-11-10,Battery Replacement
FWKPWCSA,2026-07-10,Tire Rotation
JWGDXVSR,2026-09-09,Oil Change
1XH8ZREH,2026-08-17,Engine Overhaul
6YMZ94EY,2026-03-18,Oil Change
XBRT8NLD,2026-07-07,Brake Inspection
AF0L9C57,2026-10-15,Battery Replacement
VSOQZZHX,2026-05-04,Engine Overhaul
2XM7IX6U,2026-09-04,Brake Inspection
W1IU7612,2026-11-07,Tire Rotation
XZ2ALO4D,2026-05-16,Brake Inspection
WRF619FL,2026-08-24,Brake Inspection
KJHHGGD9,2026-02-10,Brake Inspection
FANYCR3E,INVALID_DATE,Brake Inspection
KTX5W6PG,2026-08-19,Full Service
RYSEIB7U,2026-09-16,Battery Replacement
GU88623U,2026-01-30,Tire Rotation
PNESW2TM,2026-08-11,Oil Change
PAYD997G,2026-01-21,Engine Overhaul
JXT0GYPE,2026-02-14,Brake Inspection
2E3UFWM3,2026-06-21,Tire Rotation
C98VZMQM,2026-11-30,Battery Replacement
A3O4WDOK,2026-05-04,Full Service
CEHQBUXU,2026-04-29,Full Service
5W104K88,2026-05-03,Battery Replacement
NH3NM7YJ,2026-02-28,Battery Replacement
CIQTESI1,2026-04-19,Full Service
NJQ377PJ,2026-01-20,Tire Rotation
W9SY9PJU,2026-05-03,Brake Inspection
5HDYPIRB,2026-03-25,Tire Rotation
L9UTJ187,2026-05-24,Full Service
M16UMGQS,2026-11-05,Tire Rotation
NEUHAPQV,2026-01-18,Full Service
4MECDCNG,2026-09-25,Brake Inspection
16JHNPFH,2026-12-30,Battery Replacement
1V15XBE8,2026-09-12,Brake Inspection
7XX6Y9XS,2026-05-27,Engine Overhaul
AVOJKRJM,2026-08-06,Brake Inspection
J85LOXIC,2026-09-22,Battery Replacement
2PKN0VY4,2026-01-24,Battery Replacement
JY2R2JDR,2026-07-13,Full Service
KF7QRAPO,2026-01-21,Oil Change
N00MHK88,2026-01-02,Full Service
CNT7M1VL,2026-07-21,Engine Overhaul
TNXTD3L2,2026-09-17,Engine Overhaul
6NHM79PT,2026-07-30,Battery Replacement
5KQUVN4Q,2026-08-31,Engine Overhaul
X8UHT5WD,2026-01-09,Battery Replacement
015SYCEI,2026-07-02,Oil Change
TOI8NZ4P,2026-12-16,Full Service
G3WUZR6M,2026-12-02,Brake Inspection
VWUUTOL2,2026-01-07,Battery Replacement
BZMUDGH7,2026-04-26,Battery Replacement
XI1Y64ZU,2026-06-15,Tire Rotation
W0FUJTKX,2026-08-14,Oil Change
T5X0RHYM,2026-11-05,Full Service
3LKR3L8Y,2026-10-23,Battery Replacement
9AXJACHE,2026-09-23,Full Service
6LRD3BO4,2026-01-15,Battery Replacement
OWR556V3,2026-08-14,Tire Rotation
4W4HEJ3V,2026-04-06,Engine Overhaul
0LNP072T,2026-04-21,Full Service
LN0A8S80,2026-06-14,Tire Rotation
T2KQBCZW,2026-08-13,Oil Change
F7W9993D,2026-09-28,Tire Rotation
3BQDF7UY,2026-05-27,Tire Rotation
UHTHOWZZ,2026-06-01,Engine Overhaul
ZI7LMWD3,2026-10-12,Tire Rotation
8GMW8X7X,2026-07-01,Battery Replacement
4JSAPQM9,2026-01-24,Brake Inspection
HM3QW2YB,2026-03-25,Full Service
0ZED6HNN,2026-07-01,Oil Change
EE52X8DV,2026-03-25,Tire Rotation
OBSHZLXR,2026-09-12,Tire Rotation
9QS5Z9H5,2026-05-15,Engine Overhaul
P5EEO4O9,2026-04-18,Brake Inspection
YRYC8YX9,2026-05-26,Brake Inspection
LLMA026E,2026-07-13,Oil Change
2FU0LGH3,2026-08-19,Full Service
7MSJBJJJ,2026-06-06,Brake Inspection
I1NSJXI3,2026-12-19,Oil Change
F7X8ZXF5,2026-01-14,Engine Overhaul
2Y3FJB5T,2026-05-04,Oil Change
IRZR6HDY,2026-07-31,Full Service
AV2TPB9G,2026-05-13,Brake Inspection
7LVGEEPS,2026-05-07,Engine Overhaul
H0T9CDXC,2026-12-27,Battery Replacement
2XLC5B5G,2026-04-08,Brake Inspection
U48NG9UE,2026-12-27,Oil Change
1FLKG30V,2026-05-31,Engine Overhaul
VX328QFF,2026-07-04,Full Service
WUDRY4OL,2026-02-19,Engine Overhaul
INRNJB8L,2026-03-18,Battery Replacement
EKUOK2EH,2026-07-06,Battery Replacement
6SZI2P53,2026-09-18,Full Service
KDEEJ70G,2026-04-16,Brake Inspection
WNU9DDWG,2026-07-30,Tire Rotation
XYZ71OP6,2026-05-15,Brake Inspection
2HNWX13K,2026-07-23,Oil Change
ZNRG9NHG,2026-12-06,Oil Change
ESQI23YQ,2026-08-29,Oil Change
OX9PQKKP,2026-07-16,Battery Replacement
PI5EC288,2026-05-13,Oil Change
L0G1VJ8P,2026-01-22,Full Service
RAN4DKA8,2026-04-11,Battery Replacement
RSQTCYRU,2026-04-10,Tire Rotation
G50T3JCM,2026-01-06,Engine Overhaul
1OKL09ZM,2026-05-03,Engine Overhaul
GZ66RMLF,2026-10-20,Full Service
VUJHA0VG,2026-10-14,Brake Inspection
U0SU2FJ9,2026-09-03,Battery Replacement
9SVL7T9F,2026-06-10,Oil Change
7LCWKUPC,2026-04-10,Engine Overhaul
HT4ZKO9P,2026-10-13,Engine Overhaul
1AQEXJ9V,2026-07-06,Brake Inspection
JDAQRYQ7,2026-06-29,Oil Change
QGMFVS5R,2026-04-24,Battery Replacement
4TH1QFVF,2026-12-12,Full Service
8JET6G6O,2026-03-27,Oil Change
SLHM5SYN,2026-07-12,Battery Replacement
SRT87IGT,2026-12-14,Full Service
I2TXDGM1,2026-12-04,Engine Overhaul
8QP6XG2K,2026-12-30,Engine Overhaul
RLJNMIUL,2026-04-11,Battery Replacement
TYXYI8E0,2026-05-13,Tire Rotation
CUW830MR,2026-04-11,Brake Inspection
FUOSBAX2,2026-04-15,Oil Change
H5T7DPSH,2026-01-03,Full Service
OROZ8XL6,2026-12-02,Brake Inspection
2VLKOYZ9,2026-02-14,Oil Change
QSKWU5XE,2026-03-09,Full Service
LPNAUHZ8,2026-11-05,Tire Rotation
HFKDJGA0,2026-09-18,Brake Inspection
MG1DG6W1,2026-06-07,Full Service
D9T4WIUZ,INVALID_DATE,Brake Inspection
F4BBEL7X,2026-10-17,Oil Change
ZF7EEB00,2026-08-18,Oil Change
4FFNYQS6,2026-06-15,Tire Rotation
XYQ9VB21,2026-11-13,Engine Overhaul
QWG7G2PU,2026-02-15,Full Service
5RDCVC4E,2026-05-14,Oil Change
DZGKOKHY,2026-10-25,Oil Change
N0XHQVSO,2026-10-07,Engine Overhaul
LW4LNICB,2026-10-08,Battery Replacement
SNTAYGYF,2026-03-07,Brake Inspection
S6A7Y9EP,2026-04-07,Full Service
4IA3Q02C,2026-01-12,Engine Overhaul
76IVIP82,2026-01-27,Battery Replacement
3ZMAOZ84,2026-08-27,Full Service
PKWI01SA,2026-05-18,Engine Overhaul
IFXB434Q,2026-10-01,Engine Overhaul
UW6GN4MA,2026-01-17,Battery Replacement
KHO3Q915,2026-06-02,Brake Inspection
3RRIC8C8,2026-04-28,Engine Overhaul
16Q6GWE0,2026-03-18,Tire Rotation
OMYKRBTT,2026-06-15,Engine Overhaul
7OV6B4L9,2026-06-05,Battery Replacement
UKBG4VJJ,2026-06-18,Engine Overhaul
22KR5B4E,2026-03-22,Full Service
1C4HC89W,2026-05-01,Tire Rotation
50153VBN,2026-02-22,Oil Change
8KZXV251,2026-04-22,Tire Rotation
T25QMVMO,2026-05-11,Oil Change
TLT636CN,2026-07-21,Full Service
5KYUNNJ4,2026-11-26,Battery Replacement
SHK53GTX,2026-05-27,Tire Rotation
3TIJQCWT,2026-07-20,
1EPKW6P3,2026-08-29,Full Service
PC3FGICZ,2026-09-19,Brake Inspection
P5CFZXD5,2026-07-20,
8008GKQT,2026-10-17,Tire Rotation
POMCK00B,2026-04-25,Full Service
ONSKLK1A,2026-04-13,Engine Overhaul
KXKAQ9OG,2026-08-13,Oil Change
L8OJH0DL,2026-07-25,Tire Rotation
Y0O4ISHW,2026-09-18,Oil Change
1DYETPBR,2026-01-24,Full Service
XUCEBEGT,2026-12-15,Tire Rotation
O8KUCET4,2026-09-07,Engine Overhaul
OFPE766P,2026-10-12,Engine Overhaul
0HD4QHYG,2026-04-04,Brake Inspection
AP5QQUCM,2026-06-15,Tire Rotation
XJEOZMW3,2026-01-01,Battery Replacement
6ABOOP3N,2026-08-19,Brake Inspection
AL94S28J,2026-05-11,Battery Replacement
TKSUKCNX,2026-06-20,Full Service
O25U67N3,2026-02-20,Full Service
GKTATIAV,2026-06-25,Tire Rotation
M321R84Z,2026-12-09,Battery Replacement
4PFFCFNC,2026-12-28,Battery Replacement
WD6E811J,2026-08-02,Brake Inspection
3RDJW0N0,2026-08-16,Full Service
TKP68KDO,2026-06-21,Oil Change
WBZGCZK3,2026-03-31,Oil Change
ZYKRJC9Y,2026-12-14,Tire Rotation
OGQO96BV,2026-07-21,Battery Replacement
LWGQR4Y4,2026-11-06,Brake Inspection
LMDW58XX,2026-10-06,Battery Replacement
VIPZL0XQ,2026-08-29,Brake Inspection
79UY7UIJ,2026-12-02,Oil Change
ALNU764G,2026-12-29,Full Service
YKSS4MQT,2026-06-13,Brake Inspection
H0N5A23J,2026-02-19,Brake Inspection
P36FRR15,2026-06-01,Brake Inspection
8FNPMMW4,2026-06-11,Tire Rotation
E3Q6SKVU,2026-02-02,Battery Replacement
PTZGX6L2,2026-08-04,Full Service
IWFK6IOE,2026-09-23,Battery Replacement
MW2UZFP7,2026-04-26,Engine Overhaul
17VPZMI5,2026-07-14,Full Service
Q1KAOPE5,2026-06-27,Full Service
ZJ0GZSHN,2026-02-01,Full Service
2MBAYSG7,2026-12-15,Full Service
DFKJBY4I,2026-06-13,Engine Overhaul
IROMLGZN,2026-07-20,Engine Overhaul
WR641982,2026-03-20,Engine Overhaul
4KJ37HLS,2026-12-13,Full Service
C7K4UOIT,2026-12-03,Oil Change
CTSNHC5D,2026-07-27,Tire Rotation
28V6MNXY,2026-11-21,Full Service
CSAYSN0E,2026-04-07,Oil Change
EF6AFBBU,2026-12-02,Tire Rotation
5GC8D6PP,2026-05-31,Engine Overhaul
SUHHGRMB,2026-05-18,Brake Inspection
DWBIGQPE,2026-05-18,Tire Rotation
HKXPKTBZ,2026-04-18,Full Service
YCT5CUGT,2026-02-12,Engine Overhaul
V9OZJVVI,2026-01-05,Full Service
RE3Q10NZ,2026-01-15,Engine Overhaul
08R0Q5N4,2026-12-31,Battery Replacement
0H1VRFYF,2026-01-09,Battery Replacement
DDWM45PG,2026-07-02,Tire Rotation
EJYV7C1J,2026-12-03,Tire Rotation
J44AAM7H,2026-04-27,Oil Change
9MBE6LJH,2026-06-28,Full Service
QVWHDBXM,2026-09-02,Brake Inspection
IGPDEJ57,2026-12-29,Brake Inspection
LJ6PZ60Y,2026-03-19,Tire Rotation
ODX9CTPH,2026-10-19,Full Service
QRY8DSEK,2026-07-22,Tire Rotation
84OICEEJ,2026-01-07,Oil Change
7QXUSCWQ,2026-06-24,Battery Replacement
C6FEDSYH,2026-02-20,Engine Overhaul
5J1NBSE0,2026-11-24,Tire Rotation
1CGMK1WE,2026-07-30,Tire Rotation
E7GPLWPL,2026-09-05,Battery Replacement
NPB9O25V,2026-08-08,Tire Rotation
SB4RRCZP,2026-03-13,Full Service
9T8GXPPE,2026-05-27,Oil Change
YB8R246R,2026-01-23,Oil Change
1S1OZFPF,2026-12-17,Engine Overhaul
XH5QP54G,2026-11-09,Tire Rotation
FTV2KZHX,2026-06-13,Full Service
SY8PG4YF,2026-10-28,Oil Change
INVALID_4361,2026-05-10,Oil Change
82RU21QK,2026-03-09,Oil Change
L78CCBW1,2026-05-25,Tire Rotation
GANX5ACH,2026-01-08,Tire Rotation
YH319WUS,2026-09-05,Battery Replacement
PVZVESNK,2026-03-14,Battery Replacement
B1M9U050,2026-07-22,Battery Replacement
34I4Y99Y,2026-08-23,Oil Change
8011MFEI,2026-10-06,Full Service
7NGS4NA5,2026-11-25,Oil Change
GUG9Z0U6,2026-10-26,Full Service
WMYI63AV,2026-11-11,Full Service
S3DK8FR9,2026-05-20,Oil Change
W1UC5977,2026-02-21,Oil Change
D25RSO5M,2026-11-15,Battery Replacement
6FFGMZSX,2026-12-04,Battery Replacement
0I8XB76Y,2026-12-09,Oil Change
3T28JAFM,2026-11-03,Full Service
50I2E6LV,2026-01-26,Tire Rotation
UXCHVQZU,2026-03-27,Brake Inspection
A07JRHPO,2026-12-17,Battery Replacement
IF90NYMX,2026-10-30,Oil Change
89ITHIQH,2026-12-14,Brake Inspection
A0I6LLWE,2026-04-29,Battery Replacement
KSX2PZE0,2026-04-18,Battery Replacement
PK8BK0PM,2026-01-18,Battery Replacement
1HELNDIQ,2026-04-03,Tire Rotation
YDLOVM29,2026-06-10,Oil Change
UQC0G9PD,2026-10-25,Brake Inspection
DE6Y5W6C,2026-05-05,Full Service
P5EEO4O9,2026-04-18,Brake Inspection
ENTQBCL5,2026-11-10,Brake Inspection
E79JF0DM,2026-03-04,Oil Change
KNXNRL5H,2026-09-01,Oil Change
MCPXJUFK,2026-06-09,Engine Overhaul
8S8M9MH2,2026-01-11,Battery Replacement
HNVPCW4Y,2026-03-13,Tire Rotation
09GDKD1C,2026-08-14,Tire Rotation
8NLF87XQ,2026-01-27,Tire Rotation
OERMYBNU,2026-08-03,Brake Inspection
QSLXEKZR,2026-09-07,Tire Rotation
9RH7T6L5,2026-10-30,Oil Change
4F512RRH,2026-10-09,Tire Rotation
Z69B4XNN,2026-03-04,Battery Replacement
ZVMA59M6,2026-06-10,Oil Change
J65LTGKD,2026-01-12,Brake Inspection
T4I9E8X6,2026-08-09,Oil Change
TOOHPOSR,2026-11-29,Engine Overhaul
6HI9PN1J,2026-09-04,Full Service
44ZXAMZM,2026-01-25,Brake Inspection
H19QM4ZX,2026-01-18,Battery Replacement
GIZ87SBO,2026-05-06,Engine Overhaul
G8IZ164G,2026-11-29,Tire Rotation
K6I6AGHT,2026-04-05,Oil Change
EW2CB6RP,2026-01-02,Full Service
T88OKNFI,2026-10-08,Full Service
S17CRAMF,2026-08-10,Battery Replacement
5PK5UBTA,2026-06-15,Tire Rotation
MUNXS22V,2026-12-30,Full Service
DC7EBF5G,2026-03-27,Tire Rotation
BTF3SNNA,2026-08-29,Full Service
QZ4TBJFL,2026-07-03,Full Service
CKL2EJQR,2026-09-16,Brake Inspection
JV0PED75,2026-01-17,Brake Inspection
PKWPPIP7,2026-05-07,Tire Rotation
UGF72EAL,2026-01-04,Battery Replacement
LUHUK8KG,2026-08-17,Oil Change
IWCD009Y,2026-10-31,Battery Replacement
PSC24FED,2026-07-24,Battery Replacement
2YEZL8O5,2026-10-12,Oil Change
VZMQ3RPO,2026-05-23,Brake Inspection
7Q8J7QWA,2026-07-07,Oil Change
7X27YA76,2026-11-20,Full Service
RTLRONIK,2026-07-19,Tire Rotation
LEDANL70,2026-10-08,Battery Replacement
9S94B4J7,2026-10-20,Full Service
7QHLO0KU,2026-08-18,Full Service
SHHMGU4G,2026-12-30,Oil Change
V3KZMRK3,2026-09-21,Engine Overhaul
8G20ECYH,2026-08-17,Full Service
K5WSWE0R,2026-04-07,Oil Change
OTPUFJHZ,2026-03-30,Brake Inspection
8120RKA0,2026-02-13,Brake Inspection
AWGWOLEI,2026-11-10,Brake Inspection
EI210MOA,2026-03-14,Tire Rotation
LP4LBGW3,2026-12-10,Battery Replacement
OX4FPGTP,2026-08-14,Tire Rotation
S99FTSDY,2026-06-10,Tire Rotation
0F26I1WL,2026-07-23,Oil Change
01WDJC7I,2026-09-07,Brake Inspection
S6D34T60,2026-04-29,Brake Inspection
N6PPAV3K,2026-12-21,Full Service
U7SENKA7,2026-08-08,Battery Replacement
F3TZEQVV,2026-10-26,Full Service
K14SM252,2026-06-09,Oil Change
Z1YLM2I9,2026-09-29,Full Service
54YVU87N,2026-06-15,Engine Overhaul
G4XNFUH9,2026-06-15,Tire Rotation
0GFU356Y,2026-01-23,Tire Rotation
UXFP8GNC,2026-04-15,Tire Rotation
6YRA2IH9,2026-04-15,Full Service
63RKX4O1,2026-05-08,Tire Rotation
I5LFZN7K,2026-10-10,Oil Change
0MJCWIJC,2026-05-27,Battery Replacement
T4DXSS0H,2026-08-30,Oil Change
2O8MON7Y,2026-03-30,Battery Replacement
70SLC2ZE,2026-11-11,Tire Rotation
GUE27S96,2026-05-31,Battery Replacement
9Z59JLT3,2026-07-01,Brake Inspection
TQ1V1IW7,2026-08-18,Brake Inspection
CAOTZD5N,2026-01-10,Engine Overhaul
LEGWDYSX,2026-12-29,Oil Change
Q4ND8A93,2026-10-19,Brake Inspection
0UCBACNT,2026-03-14,Battery Replacement
BJ0WF9MZ,2026-03-17,Battery Replacement
UBVZI51Z,2026-09-13,Battery Replacement
O5N07QKE,2026-11-02,Engine Overhaul
RV66Z88L,2026-02-08,Full Service
GF6L1T2E,2026-05-24,Tire Rotation
TGG024XZ,2026-08-16,Battery Replacement
TRN7EH6O,2026-09-29,Tire Rotation
WL00D8TA,2026-04-01,Engine Overhaul
5WB5YBFV,2026-10-03,Tire Rotation
1YG5RQB9,2026-12-26,Engine Overhaul
KTA4Z62E,2026-11-21,Oil Change
VFEWARKH,2026-06-26,Engine Overhaul
XQLKZY80,2026-02-25,Brake Inspection
I3C6PY7L,2026-05-27,Oil Change
A0716BSI,2026-06-13,Brake Inspection
UPZZPX90,2026-01-12,Battery Replacement
NSQ91C8P,2026-08-13,Full Service
L033G2BW,2026-07-10,Engine Overhaul
2HYYNQRF,2026-04-03,Brake Inspection
FVV9T50A,2026-04-03,Brake Inspection
VXFXJ357,2026-08-04,Full Service
4VZPXTCD,2026-02-27,Full Service
D9EI2MEZ,2026-05-11,Engine Overhaul
M5HGC8CA,2026-08-30,Engine Overhaul
MK9WN2X8,2026-04-17,Oil Change
4MW31FC0,2026-07-20,Battery Replacement
66TGIAKL,2026-06-03,Engine Overhaul
Q9APZ49U,2026-03-16,Brake Inspection
HWUGO5KK,2026-03-09,Battery Replacement
UQWYNIVC,2026-10-29,Brake Inspection
33MWK4KK,2026-07-23,Brake Inspection
XUEX23LX,2026-01-17,Engine Overhaul
HXWB9YD2,2026-03-03,Tire Rotation
LUU3RCYL,2026-08-02,Engine Overhaul
LC4CD6R6,2026-07-10,Engine Overhaul
2D50CUQ8,2026-12-25,Engine Overhaul
JYQTFV0C,2026-12-28,Oil Change
4IKYK92C,2026-11-15,Tire Rotation
2IHFMFJ6,2026-07-26,Oil Change
306IS1JD,2026-11-20,Full Service
YUISM4J8,2026-10-02,Tire Rotation
074NIJOW,2026-11-22,Oil Change
8U4UR454,2026-10-27,Brake Inspection
4FBKXVNF,2026-04-29,Oil Change
5N7BSWDK,2026-11-10,Full Service
HB1SQTTW,2026-11-28,Brake Inspection
YRQ8AX1P,2026-07-25,Tire Rotation
PKPVH0SX,2026-01-21,Oil Change
8VUV2XBZ,2026-02-26,Tire Rotation
HCPJ9P9B,2026-01-23,Engine Overhaul
XI1Y64ZU,2026-06-15,Engine Overhaul
W9TA4J7G,2026-09-10,Oil Change
GFF3LJG3,2026-06-17,Battery Replacement
OXA03QSG,2026-01-12,Battery Replacement
DR1MDUPC,2026-06-21,Brake Inspection
AS1J66UA,2026-07-24,Battery Replacement
HEOP30E4,2026-03-10,Tire Rotation
YTTTE18U,2026-08-04,Full Service
E806DT7B,2026-01-19,Battery Replacement
UZW83K54,2026-06-15,Tire Rotation
L1AC1500,2026-05-13,Brake Inspection
176UO9YL,2026-12-14,Oil Change
GL3WTYR9,2026-06-25,Full Service
AEM53OHO,2026-01-22,Oil Change
7D9HENCZ,2026-02-20,Engine Overhaul
R3NOMRMH,2026-12-01,Brake Inspection
W9Q8FYUM,2026-12-08,Tire Rotation
8FILWIIC,2026-07-15,Tire Rotation
78N2GRA7,2026-06-12,Full Service
H5CSN9BY,2026-06-15,Engine Overhaul
CI2CZPG1,2026-10-09,Engine Overhaul
AYW8DVY0,2026-11-28,Battery Replacement
L8PT3EL2,2026-12-28,Brake Inspection
0WMUPS35,2026-05-02,Brake Inspection
X8797PRR,2026-07-05,Engine Overhaul
K7SHYW9N,2026-11-08,Brake Inspection
5NT6Y5RH,2026-11-29,Tire Rotation
6JFPY7CV,2026-07-20,Brake Inspection
4EJ11AT8,2026-08-02,Oil Change
1YCAUFSE,2026-05-23,Battery Replacement
1BN11K18,2026-12-16,Battery Replacement
HUJ6ZL1S,2026-03-18,Oil Change
XFEO7B40,2026-01-16,Brake Inspection
R5JYAV9L,2026-06-15,Tire Rotation
PUICT7M6,2026-12-14,Oil Change
2GA5PHP6,2026-07-18,Engine Overhaul
KIBC4UBN,2026-11-25,Engine Overhaul
2MTXG7AA,2026-01-04,Battery Replacement
20PDNEKP,2026-10-16,Oil Change
YB2CDOHU,2026-02-05,Battery Replacement
23UUF8JK,2026-08-10,Battery Replacement
VDUSQXQP,2026-06-18,Tire Rotation
GWMF3F2W,2026-04-03,Battery Replacement
7CR60SDT,2026-05-29,Full Service
21102Q85,2026-11-23,Tire Rotation
SUYZJEKS,2026-04-20,Brake Inspection
9AP3SR20,2026-05-29,Brake Inspection
4O3VUAB8,2026-11-14,Battery Replacement
I3TDAIT8,2026-03-05,Engine Overhaul
505XGS34,2026-04-08,Battery Replacement
YI24LJ7Q,2026-04-17,Battery Replacement
8ZTWPQGA,2026-06-27,Battery Replacement
0QI43VGA,2026-07-31,Brake Inspection
0JL541CD,2026-01-03,Engine Overhaul
7W0MV2BA,2026-07-12,Oil Change
4V6UHTVN,2026-08-13,Oil Change
GKIKP32G,2026-01-10,Oil Change
RN1439TO,2026-12-19,Oil Change
67WX3YXK,2026-06-12,Engine Overhaul
P5M9SGOF,2026-11-25,Engine Overhaul
TRQVDU8U,2026-09-01,Engine Overhaul
8U3QZU9G,2026-09-09,Brake Inspection
1HH3E523,2026-01-15,Engine Overhaul
X6YVP2HQ,2026-10-18,Brake Inspection
6D1V4KCR,2026-03-07,Oil Change
WKK7UE9N,2026-12-30,Brake Inspection
MNBB1FGW,2026-05-08,Battery Replacement
GWBZJ6B8,2026-12-18,Tire Rotation
EZSRQU9L,2026-10-03,Battery Replacement
O7C2XVYI,2026-05-10,Tire Rotation
DT1BWUYH,2026-08-16,Engine Overhaul
IDE61MDN,2026-06-15,Tire Rotation
5K1S46DA,2026-01-10,Oil Change
7O0TZQ7W,2026-06-08,Engine Overhaul
3NRWVE8V,2026-05-26,Brake Inspection
54KNJP3M,2026-11-16,Brake Inspection
LAAKDVO9,2026-04-18,Oil Change
25KISQIP,2026-03-05,Engine Overhaul
6023YAQF,2026-10-24,Engine Overhaul
RRF6X9ZM,2026-05-08,Oil Change
X5VLGQ0C,2026-01-19,Full Service
NAJ2YMIZ,2026-12-03,Tire Rotation
SB4RRCZP,2026-07-13,Engine Overhaul
DEPAOVTK,2026-07-12,Oil Change
JPE6CZWR,2026-01-04,Oil Change
RYFV5MM1,2026-06-16,Oil Change
VRXW4N8M,2026-06-20,Tire Rotation
6680UKXN,2026-09-30,Oil Change
KNUOZ3AA,2026-02-09,Engine Overhaul
BVPRT299,2026-03-19,Tire Rotation
MQLAFMVY,2026-09-04,Oil Change
BNB23E3E,2026-12-07,Engine Overhaul
FMP7AZTW,2026-05-13,Tire Rotation
V6QKVI71,2026-12-28,Tire Rotation
IO32ZNNB,2026-01-22,Tire Rotation
6UFALYN7,2026-01-22,Full Service
GH97O7Z9,2026-04-26,Battery Replacement
X4HKMXTU,2026-07-24,Full Service
5PDGFYZV,2026-03-06,Brake Inspection
KGTVYUGF,2026-12-30,Tire Rotation
BXGSDOFX,2026-03-11,Oil Change
MQ111Y3C,2026-08-08,Oil Change
5PK5UBTA,2026-06-15,Engine Overhaul
X1LXC859,2026-03-19,Brake Inspection
DU6RAEBW,2026-01-08,Engine Overhaul
3IH3EBBX,2026-08-18,Battery Replacement
Z4RWZBSN,2026-06-07,Oil Change
2WGD87C9,2026-03-16,Brake Inspection
B3L0XDZ4,2026-04-05,Engine Overhaul
27GEZ3AW,2026-02-07,Brake Inspection
M6B1O2K9,2026-05-06,Battery Replacement
3K7XPA7V,2026-11-08,Engine Overhaul
DE2QEH9G,2026-01-01,Full Service
NFJFF2NB,2026-10-03,Engine Overhaul
NT0FNA2E,2026-01-18,Engine Overhaul
Z58J4N9D,2026-10-15,Full Service
7SK3N76C,2026-06-15,Tire Rotation
AFGEDOGV,2026-11-18,Oil Change
FIA9BFLX,2026-06-15,Engine Overhaul
53410MTW,2026-05-06,Tire Rotation
VD47NSIQ,2026-11-16,Battery Replacement
MHETWIOY,2026-07-01,Full Service
BLHY124A,2026-04-13,Battery Replacement
23YEUGFX,2026-01-07,Battery Replacement
NSJGR23D,2026-12-24,Tire Rotation
7L7FW1CA,2026-12-03,Full Service
1WGVQONL,2026-06-02,Brake Inspection
5O3OXX9H,2026-06-28,Brake Inspection
WJ9JUXO6,2026-05-10,Brake Inspection
9CJ2R69V,2026-09-01,Tire Rotation
LV856U08,2026-09-20,Full Service
OOG11O38,2026-01-20,Battery Replacement
5C92JY79,2026-06-10,Engine Overhaul
BEY9C3HW,2026-04-20,Tire Rotation
NKDRCFS5,2026-03-14,Oil Change
XM4D6F3A,2026-08-08,Oil Change
CQLBU2LJ,2026-03-16,Brake Inspection
MLRC3XRM,2026-10-08,Brake Inspection
FU68O927,2026-02-27,Tire Rotation
XL83K1ZR,2026-06-05,Battery Replacement
6NWP98L8,2026-11-20,Engine Overhaul
I307BALR,2026-04-18,Battery Replacement
Z9TR5IJT,2026-01-22,Oil Change
ZKNRVOGR,2026-02-01,Tire Rotation
HIK0FYYJ,2026-11-12,Battery Replacement
W1UTKGUO,2026-03-04,Brake Inspection
VVUZJDGU,2026-02-05,Full Service
I1RL9KCI,2026-05-06,Brake Inspection
CDR2WRS7,2026-01-16,Full Service
HWOJWEQC,2026-03-25,Brake Inspection
Y3WPWXCA,2026-12-21,Battery Replacement
5DL7GMM6,2026-05-02,Tire Rotation
JO9HW9UF,2026-03-25,Brake Inspection
9R1BV9O5,2026-04-09,Engine Overhaul
R8LORW0K,2026-02-23,Brake Inspection
CNNP45HJ,2026-09-08,Engine Overhaul
Y7ECV4EI,2026-01-23,Full Service
W0723H53,2026-09-17,Engine Overhaul
N8LZHXI1,2026-11-05,Full Service
DD5OH3GZ,2026-07-29,Tire Rotation
4GBUG7QN,2026-12-14,Brake Inspection
83YE4OBO,2026-09-26,Battery Replacement
JO0EWF29,2026-10-16,Tire Rotation
CUJEQORY,2026-09-28,Tire Rotation
HGUXT5Q5,2026-08-05,Engine Overhaul
RUEOKZGO,2026-07-20,Full Service
FHM8RJ4R,2026-02-14,Battery Replacement
SRKQW9YC,2026-12-06,Engine Overhaul
J5OWFH0Q,2026-01-08,Brake Inspection
9XPAWZU6,2026-12-01,Full Service
VO1W7X75,2026-12-30,Oil Change
2S91EU3V,2026-06-29,Engine Overhaul
OJ156U99,2026-03-30,Brake Inspection
IG3AFKD1,2026-11-15,Battery Replacement
1L51MLSC,2026-09-20,Oil Change
FC5F26LS,2026-12-16,Full Service
JXWXY8SP,2026-05-03,Full Service
60DBDDPY,2026-06-19,Full Service
WV2I1VKJ,2026-02-26,Full Service
KJKJ11KB,2026-12-16,Brake Inspection
BN2E12GD,2026-08-06,Tire Rotation
GVUHO10D,2026-08-22,Oil Change
F2VAD34F,2026-11-16,Brake Inspection
O6A7SMDC,2026-12-05,Battery Replacement
V14TUPL3,2026-12-31,Battery Replacement
821ZBGJE,2026-03-31,Brake Inspection
FR7SYIW3,2026-12-15,Oil Change
AWQDYYFU,2026-12-01,Full Service
8NEL58GH,2026-01-12,Oil Change
040BAKM8,2026-10-16,Brake Inspection
O5B5UNQD,2026-11-25,Oil Change
YY44S552,2026-04-04,Engine Overhaul
NAX1AA04,2026-10-06,Tire Rotation
5MFDBBS7,2026-05-05,Battery Replacement
FV273C4Y,2026-03-09,Engine Overhaul
OMP6SGZ4,2026-08-01,Engine Overhaul
ETMG39QQ,2026-05-19,Brake Inspection
EZO5D8I4,2026-10-04,Battery Replacement
R4V7WBZL,2026-11-28,Brake Inspection
XUJHFCBV,2026-04-06,Engine Overhaul
4AZMR9UI,2026-09-24,Engine Overhaul
BO95OP6I,2026-09-30,Battery Replacement
0AP35EET,2026-01-31,Brake Inspection
X1Z0NO2J,2026-12-24,Battery Replacement
Q2B83UZ0,2026-02-16,Oil Change
8YVZNGJO,2026-06-15,Engine Overhaul
6XSO6HEP,2026-09-10,Tire Rotation
364GNXVX,2026-08-14,Brake Inspection
9FVO0N2T,2026-12-24,Brake Inspection
RXU423Y8,2026-08-21,Brake Inspection
9XDVHCRY,2026-08-20,Tire Rotation
W7QI4XDG,2026-11-07,Engine Overhaul
GTAOOAAI,2026-07-20,
VSCNGT5V,2026-02-10,Battery Replacement
6NCD027N,2026-12-18,Brake Inspection
V1WBZSEJ,2026-11-27,Brake Inspection
FJEG1FR3,2026-07-02,Engine Overhaul
F3VVYFN8,2026-01-08,Battery Replacement
Z8M77UV1,2026-06-10,Battery Replacement
BQL2X2F8,2026-10-27,Battery Replacement
H6GHUO17,2026-01-28,Tire Rotation
981QKJCB,2026-10-14,Battery Replacement
XJ0V5VCU,2026-11-09,Oil Change
I4HT6XUO,2026-06-15,Engine Overhaul
VRLB3921,2026-08-08,Tire Rotation
CQOAZPJY,2026-05-19,Oil Change
TT5D3TZM,2026-01-15,Oil Change
OT53LG5M,2026-04-11,Oil Change
0ZEMZE8Q,2026-10-28,Full Service
JSWASXA6,2026-02-03,Full Service
595Y6526,2026-11-24,Full Service
TW5MWLR0,2026-07-27,Brake Inspection
FND392ER,2026-06-06,Tire Rotation
VEEQ5JTN,2026-07-07,Tire Rotation
YSPG9WRR,2026-11-06,Full Service
PAOFPLUN,2026-01-23,Brake Inspection
I0U4TXJY,2026-08-11,Tire Rotation
5CEK2FAH,2026-01-26,Engine Overhaul
KVS4F55K,2026-05-10,Engine Overhaul
UHREYUCT,2026-09-19,Battery Replacement
Y6NAD3Q9,2026-11-01,Brake Inspection
VPMVQP8G,2026-12-16,Oil Change
FF19L4JB,2026-11-26,Battery Replacement
KAYOP8P3,2026-05-02,Full Service
FO5BIS8Y,2026-04-04,Tire Rotation
80BGRXMR,2026-12-08,Full Service
R7KFECRH,2026-09-26,Brake Inspection
HX2TEJIG,2026-11-20,Engine Overhaul
A2BB378X,2026-05-06,Tire Rotation
G923JFX7,2026-08-24,Battery Replacement
IFRBUBQA,2026-01-23,Engine Overhaul
E4NNCJVB,2026-08-05,Tire Rotation
FCB5A8CU,2026-09-08,Full Service
MTX05TF1,2026-05-31,Battery Replacement
69JR53BS,2026-05-26,Brake Inspection
XHWXOFEX,2026-06-19,Full Service
3RJH79BW,2026-09-11,Brake Inspection
X3A06IV4,2026-10-12,Oil Change
NRT6FB1S,2026-12-15,Tire Rotation
W84UW7W7,2026-04-24,Brake Inspection
MTWEBWYS,2026-06-04,Battery Replacement
G619Q4Z4,2026-11-24,Oil Change
Z7EHXIOV,2026-06-29,Engine Overhaul
YT2YMN0V,2026-12-10,Battery Replacement
PB9VS49R,2026-02-25,Engine Overhaul
M3UAO420,2026-03-15,Brake Inspection
15PBIRJC,2026-05-07,Brake Inspection
6B4NLXXR,2026-04-10,Engine Overhaul
GZBDO8EZ,2026-06-15,Tire Rotation
H3RVCGYG,2026-03-13,Engine Overhaul
8HLD5Z0L,2026-10-31,Oil Change
7O7Z326Y,2026-11-10,Engine Overhaul
MLTYJTMP,2026-03-17,Tire Rotation
06N8BKEY,2026-03-25,Brake Inspection
JG4SPXQD,2026-02-19,Tire Rotation
4OE3KU1D,2026-09-27,Oil Change
HX4QZU63,2026-09-01,Brake Inspection
1QM02ICW,2026-03-13,Full Service
0DGCJ3O3,2026-04-11,Battery Replacement
SLG1S65Q,2026-09-07,Tire Rotation
I70JEWFA,2026-05-17,Tire Rotation
18YJ7U0R,2026-05-08,Full Service
OXMOY8Q5,2026-03-13,Tire Rotation
IT7FMV8U,2026-06-07,Brake Inspection
QXKEA2EO,2026-11-07,Full Service
ECJQBAKR,2026-07-21,Full Service
7IJRBNFH,2026-11-24,Engine Overhaul
IN6O1VHX,2026-02-20,Full Service
W1TDNXKC,2026-08-07,Engine Overhaul
DMWZ8BHI,2026-01-31,Full Service
GYNJT0BX,2026-06-15,Engine Overhaul
UB4F6TVX,2026-01-07,Engine Overhaul
FHH5PPLD,2026-12-29,Tire Rotation
566Q37W6,2026-04-22,Full Service
2H9XF7CR,2026-08-22,Brake Inspection
KTHHS157,2026-04-28,Brake Inspection
JM5M7K0Y,2026-04-29,Oil Change
SOGV2ILJ,2026-06-30,Tire Rotation
PLHTLXTD,2026-04-30,Oil Change
YX6N3UD1,2026-07-19,Engine Overhaul
G6YS6L1Q,2026-12-19,Engine Overhaul
U0UC5HT5,2026-10-14,Battery Replacement
6023YAQF,2026-10-24,Engine Overhaul
FXNBA5MD,2026-06-14,Full Service
V7M8ZZ2V,2026-08-24,Tire Rotation
PO57VC7P,2026-08-07,Engine Overhaul
AOOQOPZ6,2026-10-09,Battery Replacement
55S4LS6V,2026-05-10,Tire Rotation
NJ08AIKK,2026-07-17,Oil Change
BHZJQBF4,2026-10-23,Oil Change
Z6BRNG1W,2026-12-24,Engine Overhaul
GOQSY3W8,2026-04-03,Full Service
L5R127OY,2026-10-31,Brake Inspection
ZLXERD82,2026-04-25,Oil Change
9PV4RETM,2026-12-26,Full Service
LEF3VBNT,2026-05-25,Battery Replacement
H9AMI909,2026-02-08,Full Service
SCXHYRM9,2026-08-12,Battery Replacement
BQDXTCWY,2026-05-11,Tire Rotation
FG1WVP0K,2026-01-30,Full Service
4DFC2JKB,2026-05-28,Oil Change
XTX3Z3SH,2026-11-18,Oil Change
WR4IJ2I9,2026-07-16,Battery Replacement
6DXMCAHK,2026-05-25,Battery Replacement
L804H88E,2026-06-20,Brake Inspection
3X6L2QTW,2026-09-16,Battery Replacement
Q46AKP7O,2026-10-12,Oil Change
DIARHGSS,2026-04-29,Oil Change
MH3M5UU4,2026-10-13,Oil Change
32WS3P74,2026-11-13,Engine Overhaul
4B1UNMJJ,2026-04-02,Full Service
C8V1UK13,2026-09-02,Brake Inspection
VDME5PFM,2026-08-14,Brake Inspection
1D818CCC,2026-08-29,Full Service
WGOIFY9Z,2026-02-15,Tire Rotation
1BFCKAOZ,2026-07-30,Tire Rotation
068URT1R,2026-04-26,Oil Change
PJ0PHNI3,2026-11-16,Battery Replacement
4S8QUWJ2,2026-02-04,Battery Replacement
T66JASRC,2026-01-07,Brake Inspection
0VP5LIOB,2026-09-16,Engine Overhaul
GYQZM49N,2026-11-10,Brake Inspection
XOKM6V8K,2026-02-20,Brake Inspection
FTDZ590R,2026-08-20,Full Service
SRG0DZJT,2026-10-28,Tire Rotation
ISH4KHJV,2026-01-15,Engine Overhaul
WIRD0Y3X,2026-03-14,Engine Overhaul
W2E2HDW7,2026-10-17,Engine Overhaul
OY1LS879,2026-12-12,Battery Replacement
IJOCMUQR,2026-09-10,Engine Overhaul
CAIFQMVP,INVALID_DATE,Brake Inspection
BO3945ZA,2026-11-07,Full Service
LV1YX8J3,2026-11-18,Oil Change
RN25LZHE,2026-07-09,Engine Overhaul
G983WBI7,2026-08-07,Tire Rotation
NB6GOWIL,2026-04-23,Battery Replacement
093Y1ZWR,2026-12-31,Brake Inspection
S04P02LY,2026-07-14,Oil Change
HN72V2ED,2026-10-07,Engine Overhaul
WUWGBTQ5,2026-01-16,Oil Change
1JHQKF7Q,2026-10-09,Engine Overhaul
GYNJT0BX,2026-06-15,Tire Rotation
7651YNMV,2026-09-20,Oil Change
4DGRY6H4,2026-04-26,Brake Inspection
X6PU39EZ,2026-06-18,Brake Inspection
31IM7JB8,2026-02-03,Brake Inspection
9KT3HY9V,2026-10-31,Oil Change
64HL34XJ,2026-03-02,Engine Overhaul
GN4YBB8Q,2026-02-17,Tire Rotation
INVALID_4629,2026-05-10,Oil Change
JX1EXWRY,2026-04-07,Oil Change
BO4405EX,2026-01-18,Brake Inspection
8X4IMKAK,2026-06-15,Engine Overhaul
HIWUN9DN,2026-02-05,Tire Rotation
IJAL13FH,2026-08-22,Full Service
PWGPWZ65,2026-03-20,Battery Replacement
4UB6DXQI,2026-08-06,Engine Overhaul
1EIJJPNP,2026-09-01,Tire Rotation
ZO0ZZ5VH,2026-09-24,Engine Overhaul
UV4GS5FJ,2026-08-17,Tire Rotation
X47S1KY4,2026-12-19,Tire Rotation
HAGZPI66,2026-12-10,Engine Overhaul
I9OJFAY7,2026-08-17,Oil Change
NP0MMBB2,2026-12-09,Oil Change
ZM1F6YNB,2026-01-03,Tire Rotation
5MOBAT0B,2026-08-23,Full Service
8GUX37E3,2026-01-28,Full Service
AK1I345H,2026-07-18,Oil Change
C4GZ3TOU,2026-06-11,Oil Change
D52JZMOG,2026-09-09,Battery Replacement
QTFZG2SM,2026-02-09,Full Service
S1E0B06X,2026-02-20,Engine Overhaul
6FSU6R7J,2026-06-19,Engine Overhaul
Z1MGNNAY,2026-02-16,Battery Replacement
JLOOT8VJ,2026-06-18,Oil Change
IONQ0F3L,2026-03-21,Oil Change
671SZ1MQ,2026-09-27,Full Service
EW4DZFNE,2026-11-30,Battery Replacement
JVEDIM0M,2026-09-26,Full Service
ZB5RRG5A,2026-10-22,Brake Inspection
ZBQO2X1A,2026-07-25,Oil Change
QDFU07EI,2026-12-05,Full Service
EZH7GZJA,2026-05-31,Full Service
A3ULJCHM,2026-12-24,Engine Overhaul
F7OULPLC,2026-07-02,Engine Overhaul
6KULAEHY,2026-10-01,Brake Inspection
PECCWHZI,2026-05-04,Engine Overhaul
PI425XJ6,2026-06-13,Full Service
5D0NQGBW,2026-01-18,Battery Replacement
PIZXOA7M,2026-09-17,Engine Overhaul
4SN00N07,2026-04-16,Oil Change
OU228XOF,2026-06-15,Battery Replacement
U3JJLNUX,2026-10-25,Engine Overhaul
NYTFTRQD,2026-06-01,Full Service
UVSZ4VBR,2026-08-22,Engine Overhaul
CKLI0PK4,2026-03-16,Battery Replacement
ODSQRCF3,2026-09-13,Tire Rotation
O4CP0QZ4,2026-08-05,Tire Rotation
66LCMCGR,2026-07-04,Engine Overhaul
B5XD5LQE,2026-04-19,Brake Inspection
NZ9ZIIBL,2026-04-25,Battery Replacement
TRCMIIZ0,2026-06-29,Oil Change
JX2ZQZJG,2026-05-31,Tire Rotation
O83C76Z1,2026-12-11,Battery Replacement
6BNCZLYQ,2026-10-02,Engine Overhaul
4SRAO8XF,2026-06-29,Oil Change
UFF6IWTD,2026-10-30,Engine Overhaul
N3YY70W7,2026-12-28,Oil Change
NCO4S0A9,2026-06-05,Full Service
CDKLF31T,2026-11-15,Oil Change
UV6VKRKX,2026-05-03,Brake Inspection
ERCN0DL0,2026-01-14,Full Service
ALPLRPH7,2026-07-12,Oil Change
XVI1K7IX,2026-01-07,Engine Overhaul
7V6SHWI0,2026-04-10,Full Service
UONGWZE6,2026-01-08,Engine Overhaul
R1456QP4,2026-10-27,Battery Replacement
FS3SIRJ8,2026-06-15,Tire Rotation
Z5JMQCRQ,2026-11-15,Engine Overhaul
WNXGMX5W,2026-04-07,Brake Inspection
VM8IQTCV,2026-10-25,Full Service
GGVGM8DN,2026-08-06,Full Service
XDLK5ODI,2026-10-08,Engine Overhaul
ERR6KLC3,2026-06-20,Brake Inspection
UN5NTK50,2026-10-02,Full Service
FQKJFKAA,2026-05-22,Battery Replacement
ZFXJOWJ0,2026-06-02,Engine Overhaul
RAPCQIX8,2026-11-25,Oil Change
SKRYN9MB,INVALID_DATE,Brake Inspection
5TUK4F5Q,2026-11-19,Tire Rotation
FGW7EZ2Z,2026-12-15,Tire Rotation
TL5Z1KFI,2026-06-20,Tire Rotation
6DK5XG0P,2026-12-21,Brake Inspection
99MOHKVB,2026-05-11,Full Service
D0XVCBAS,2026-02-05,Engine Overhaul
423NKQGF,2026-10-22,Battery Replacement
2K3V04C5,2026-06-28,Full Service
SSVSG7BB,2026-04-11,Engine Overhaul
B3VKNGL9,2026-02-27,Oil Change
91SQ7RPL,2026-10-19,Tire Rotation
INVALID_9636,2026-05-10,Oil Change
KEYGDALS,2026-01-02,Engine Overhaul
EZ57645M,2026-09-15,Engine Overhaul
0JVMM7WR,2026-04-01,Battery Replacement
LJ2L1YNL,2026-06-27,Full Service
GYKSVA59,2026-03-05,Tire Rotation
V2YTFVFI,2026-04-14,Oil Change
HHLZP8PO,2026-11-26,Full Service
ASTA5MI8,2026-10-03,Brake Inspection
40ENZGHV,2026-04-30,Battery Replacement
PUB0FHRF,2026-11-03,Engine Overhaul
YK0EPLAM,2026-06-26,Battery Replacement
62UH4MKM,INVALID_DATE,Brake Inspection
SXIERXFZ,2026-10-07,Battery Replacement
QN92VZO2,2026-07-18,Tire Rotation
MPMR89GU,2026-03-10,Full Service
4E1Q9NPY,2026-05-09,Tire Rotation
LGXX02TF,2026-01-13,Battery Replacement
VR2FGPOA,2026-12-30,Oil Change
2GDG7O8V,2026-12-12,Battery Replacement
TZWF4DMO,2026-05-18,Engine Overhaul
XTU8UZYM,2026-10-22,Oil Change
NHRKMGZV,2026-05-27,Oil Change
PZP3D4WJ,2026-10-23,Battery Replacement
Z7FK6L28,2026-07-02,Full Service
M7IFQO3P,2026-05-23,Full Service
OQ4TCJGV,2026-02-24,Brake Inspection
6AXX75E7,2026-04-02,Tire Rotation
S0WVLMIT,2026-10-26,Oil Change
DDY3X3L0,2026-10-07,Tire Rotation
WC7QEOTC,2026-11-12,Battery Replacement
B2TYEVRB,2026-04-09,Brake Inspection
EJHHGWS2,2026-05-24,Battery Replacement
3IJMY96C,2026-10-27,Oil Change
NT67WNOL,2026-01-22,Full Service
HS28AHDV,2026-05-21,Full Service
YC6J6MIO,2026-06-30,Oil Change
T95FPVJK,2026-04-18,Oil Change
QZHPJ1P4,2026-02-10,Engine Overhaul
URYD3URU,2026-12-19,Full Service
56TJUXKP,2026-09-08,Battery Replacement
8IT60UPN,2026-06-12,Engine Overhaul
6GV9NK3W,2026-08-29,Tire Rotation
X9MQIHM0,2026-11-22,Oil Change
L46EZO28,2026-01-22,Oil Change
TYE0CNHZ,2026-09-27,Tire Rotation
ETSM89G3,2026-09-11,Tire Rotation
RDGCLPNB,2026-03-10,Tire Rotation
9HOHFVWX,2026-12-11,Engine Overhaul
5DSXZ5HW,2026-10-13,Engine Overhaul
EC1P2VMA,2026-07-22,Brake Inspection
OQ00X7SC,2026-02-02,Brake Inspection
I3TDAIT8,2026-03-05,Engine Overhaul
N0BA75PT,2026-01-13,Tire Rotation
FMYXNN1F,2026-01-14,Tire Rotation
XH1RBBAI,2026-04-20,Engine Overhaul
KLR8PYD7,2026-11-24,Full Service
PGQTO8QA,2026-07-05,Engine Overhaul
H6F5ODE6,2026-09-27,Oil Change
IWEQM01G,2026-10-23,Full Service
XOMLMXKA,2026-07-15,Oil Change
VE21GJVX,2026-12-08,Tire Rotation
N7Z56LAO,2026-06-30,Tire Rotation
VFQQIFNT,2026-01-21,Engine Overhaul
V8W77HOD,2026-02-09,Oil Change
UNDDSOFI,2026-10-19,Tire Rotation
C4A0T9TK,2026-06-26,Brake Inspection
LPCC4BQ4,2026-12-15,Brake Inspection
MJTYNRBV,2026-05-26,Engine Overhaul
Y7F9N8WV,2026-11-04,Battery Replacement
U4ZDDLPD,2026-01-17,Brake Inspection
171BK9KM,2026-04-25,Engine Overhaul
Z2GC830I,2026-03-16,Tire Rotation
7DGH98YE,2026-05-14,Brake Inspection
SBYYE2LR,2026-09-21,Battery Replacement
5WNCML6H,2026-04-25,Full Service
688F30D9,2026-07-13,Engine Overhaul
WMLHLTGB,2026-11-07,Tire Rotation
XJ1AVZ4Z,2026-10-07,Oil Change
X7C6C465,2026-03-11,Full Service
UIYC5O7C,2026-08-25,Engine Overhaul
PCF4KHKF,2026-07-28,Battery Replacement
J7CWXDRS,2026-10-19,Brake Inspection
BN04052N,2026-06-25,Brake Inspection
QJWIOSX6,2026-12-09,Tire Rotation
66GDDMGF,2026-09-02,Battery Replacement
P1W6J6PZ,2026-03-04,Tire Rotation
3RW7KIMS,2026-07-09,Battery Replacement
2416DLWE,2026-02-14,Full Service
T6RO7ONU,2026-10-20,Oil Change
159U7988,2026-12-23,Tire Rotation
24DJV9UF,2026-10-27,Engine Overhaul
7DM5F824,2026-08-26,Full Service
UZW83K54,2026-06-15,Engine Overhaul
0W1LVQ32,2026-09-30,Brake Inspection
47MJP7KL,2026-02-18,Full Service
S99FTSDY,2026-09-07,Oil Change
J3LG6QRG,2026-07-07,Oil Change
OI96GIRO,2026-07-25,Tire Rotation
2ZRADYK0,2026-06-23,Oil Change
NZ9NWP3L,2026-08-18,Battery Replacement
XGKRZBPA,2026-06-10,Full Service
YK4215MU,2026-11-26,Oil Change
5VV4Y6VA,2026-07-30,Tire Rotation
4B1UNMJJ,2026-04-02,Full Service
6HIEH15Z,2026-11-25,Full Service
OKYN2IPH,2026-08-14,Engine Overhaul
SYXOD7DK,2026-11-30,Engine Overhaul
X6GO898E,2026-03-02,Tire Rotation
YM15VY07,2026-09-03,Tire Rotation
YTX527UQ,2026-09-07,Brake Inspection
MKZN57KW,2026-05-09,Battery Replacement
YYGO8SRS,2026-11-18,Battery Replacement
L2X6OSL1,2026-10-28,Brake Inspection
INVALID_8036,2026-05-10,Oil Change
HFYAIPJM,INVALID_DATE,Brake Inspection
FSQRR92D,2026-04-03,Oil Change
3E5Z1EG4,2026-01-30,Tire Rotation
VX6R3VI0,2026-06-09,Engine Overhaul
V2XYTTX2,2026-04-08,Full Service
SSNQLJ02,2026-07-25,Brake Inspection
6GKGMFYY,2026-08-22,Brake Inspection
RJLVGWJV,2026-10-10,Full Service
EMCQO5S0,2026-03-07,Engine Overhaul
3RAPXBR4,2026-06-05,Engine Overhaul
SYDKJ8FP,2026-03-18,Tire Rotation
OTGKKL12,2026-01-26,Battery Replacement
A6BAA4NL,2026-05-18,Full Service
W0YLM6DK,2026-06-08,Full Service
303E1P4Z,2026-12-22,Oil Change
66O6YMI2,2026-10-23,Tire Rotation
3B6O6WMM,2026-01-19,Battery Replacement
846768RU,2026-05-03,Full Service
YKKEND9L,2026-12-28,Brake Inspection
J2DOH94D,2026-11-05,Battery Replacement
KIX9WWH8,2026-01-16,Brake Inspection
HN4480ZZ,2026-07-22,Battery Replacement
0XF032DH,2026-06-23,Oil Change
04Q9ONUC,2026-04-27,Oil Change
3VKD4TRB,INVALID_DATE,Brake Inspection
P8CGW0MQ,2026-06-15,Battery Replacement
209PZP3N,2026-06-27,Oil Change
0JHX0I5W,2026-08-06,Oil Change
CHVV0T0A,2026-10-01,Engine Overhaul
N9N8HE6V,2026-12-04,Brake Inspection
C53QN1W0,2026-01-13,Full Service
99HA5VIP,2026-06-17,Engine Overhaul
Y4BA9ODP,2026-11-08,Oil Change
VT21G2M7,2026-08-27,Full Service
JKB086IN,2026-05-05,Brake Inspection
O5CMVBIZ,2026-12-21,Brake Inspection
T04S5ZPS,2026-03-03,Full Service
RMQG26E8,2026-10-26,Battery Replacement
CCBBC7ZT,2026-08-18,Brake Inspection
AM8FEW3X,2026-03-14,Oil Change
RYY7GC4I,2026-07-16,Full Service
BUF7Y9XM,2026-09-26,Oil Change
048YE1NZ,2026-05-10,Oil Change
VYDNMFQP,2026-02-22,Engine Overhaul
3GNAAC82,2026-01-22,Oil Change
FCULQK1Y,2026-01-14,Full Service
TOYMY9CW,2026-03-26,Battery Replacement
5AUIK8U1,2026-11-21,Brake Inspection
YMS4C324,2026-07-05,Oil Change
75PPW08V,2026-06-25,Battery Replacement
OPOKA9MU,2026-06-10,Oil Change
HOC38OAF,2026-01-26,Tire Rotation
EK5QC56L,2026-01-13,Full Service
QVUWX6ZX,2026-12-02,Full Service
R5P6Y8IG,2026-12-31,Oil Change
BOP192C2,2026-05-27,Battery Replacement
SS1CWYTZ,2026-04-26,Oil Change
OH07I8K9,2026-07-17,Brake Inspection
P0EJ6M72,2026-02-24,Oil Change
9A9VYEVV,2026-10-10,Full Service
5K0YEHNE,2026-04-07,Brake Inspection
R7QXJ4RJ,2026-01-26,Tire Rotation
K9YCF4P5,2026-06-12,Battery Replacement
PZOD1MAO,2026-09-11,Oil Change
L7A9Y7SK,2026-01-05,Battery Replacement
V21170QM,2026-02-22,Brake Inspection
U1QO0EZG,2026-08-30,Tire Rotation
7JCPILP9,2026-10-23,Brake Inspection
1JOMBCAU,2026-12-02,Tire Rotation
L1FMCPJJ,2026-03-10,Battery Replacement
9573PAQ7,2026-05-21,Battery Replacement
P8Y7HMTZ,2026-08-22,Full Service
B3PJ9PMZ,2026-10-09,Tire Rotation
XQ8LJ964,2026-01-12,Tire Rotation
4WVK7J02,2026-02-02,Battery Replacement
NE8USGRX,2026-04-13,Tire Rotation
D83KV7X0,2026-08-08,Brake Inspection
TPWN51NA,2026-12-30,Oil Change
HL7S4OJ9,2026-04-20,Brake Inspection
FARCS7JY,2026-10-23,Tire Rotation
AM4NHSJ8,2026-10-15,Brake Inspection
76SI4Y9A,2026-05-04,Engine Overhaul
Q9ATTW24,2026-01-31,Oil Change
04Q9ONUC,2026-04-27,Oil Change
P8PPQ3OC,2026-05-19,Full Service
XOL1TLQB,2026-10-30,Engine Overhaul
1FOM7KYX,2026-06-25,Brake Inspection
68SM0URI,2026-03-04,Tire Rotation
XJSKPQ0V,2026-12-06,Full Service
Y6B2YTF7,2026-04-12,Full Service
GZBSAC9G,2026-06-11,Oil Change
W3UMWTOG,2026-07-15,Oil Change
B2GXPN3B,2026-06-04,Engine Overhaul
NX50IK2F,2026-05-08,Brake Inspection
4HLPDSYQ,2026-05-05,Full Service
QPLN2OQF,2026-07-04,Battery Replacement
FA9FO4TS,2026-02-02,Brake Inspection
T5DSPX2G,2026-05-18,Oil Change
6DC59JRP,2026-06-07,Engine Overhaul
6F2TTSDI,2026-08-03,Full Service
TVKM58QH,2026-07-09,Battery Replacement
IFWW7R60,2026-02-09,Full Service
EJKO7M3Y,2026-12-21,Battery Replacement
YHXF8G98,2026-11-14,Engine Overhaul
5A5QAJNX,2026-07-06,Brake Inspection
OU228XOF,2026-09-27,Tire Rotation
0C72WCEM,2026-12-26,Oil Change
5K1J5BR1,2026-06-15,Engine Overhaul
0BBF17YL,2026-08-03,Engine Overhaul
8ZRMTPM5,2026-07-13,Tire Rotation
2US129GM,2026-10-21,Oil Change
15YTPGDD,2026-08-19,Full Service
MWP0N91M,2026-04-15,Engine Overhaul
KGBYC1BK,2026-09-23,Battery Replacement
AWPXX76A,2026-09-14,Battery Replacement
D0023VX4,2026-07-20,
ZOAG0JX0,2026-09-09,Full Service
6ONASNTL,2026-05-29,Brake Inspection
VGAEMHJJ,2026-07-12,Full Service
WTVW8IAB,2026-05-17,Engine Overhaul
JA67W390,2026-12-31,Brake Inspection
7NCZQT03,2026-04-11,Engine Overhaul
6BIYRCLB,2026-07-09,Tire Rotation
DMV4V3OF,2026-09-30,Engine Overhaul
I9M4HSM1,2026-11-14,Full Service
S9GQM0SW,2026-07-09,Brake Inspection
ZZ6PKVJD,2026-01-05,Engine Overhaul
YGAB8NLM,2026-02-06,Full Service
71FAFXET,2026-11-06,Brake Inspection
R51UEA40,2026-08-16,Full Service
CHNN3LRQ,2026-12-25,Battery Replacement
66IS72RK,2026-11-05,Tire Rotation
Y7LNYPWG,2026-12-30,Oil Change
QKN5NKAI,2026-01-30,Battery Replacement
G1P4I6BD,2026-04-24,Tire Rotation
NN13LHQR,2026-02-20,Battery Replacement
UHAG09IB,2026-03-27,Battery Replacement
3DUX1RDC,2026-12-30,Tire Rotation
YKUUBFTU,2026-05-24,Full Service
MT3NIIPJ,2026-12-02,Oil Change
RVBYY067,2026-03-03,Brake Inspection
48I4VHE9,2026-10-02,Battery Replacement
HFHMTF6M,2026-06-15,Tire Rotation
XBY5XBK0,2026-12-23,Brake Inspection
3V3Z5AWP,2026-04-13,Engine Overhaul
Z88GBHIU,2026-01-17,Oil Change
0VU0VCV0,2026-09-10,Brake Inspection
GUUS6469,2026-01-04,Full Service
A0RM1UBY,2026-03-18,Engine Overhaul
CG2L961M,2026-11-23,Engine Overhaul
VI5SNK1Y,2026-01-16,Tire Rotation
KDK24EJV,2026-07-08,Brake Inspection
3ERLWGKG,2026-12-16,Engine Overhaul
FVNF360O,2026-01-01,Engine Overhaul
BGJ1DGAR,2026-05-25,Battery Replacement
ZRM7DTM0,2026-01-29,Engine Overhaul
1643WAWG,2026-05-29,Full Service
4RAWS6F6,2026-06-28,Engine Overhaul
4TGVU0ZW,2026-04-19,Full Service
YNRN7R12,2026-05-15,Engine Overhaul
8YDELPX3,2026-12-27,Battery Replacement
H5MSEVSV,2026-04-24,Brake Inspection
Y9EUFHIB,2026-07-30,Tire Rotation
BEO6WOS5,2026-08-05,Full Service
1X12BBAF,2026-06-05,Battery Replacement
N8ZJ9W0V,2026-08-03,Tire Rotation
RQ84DBJI,2026-10-08,Full Service
6RSDX93X,2026-07-08,Engine Overhaul
7O9RW3VS,2026-08-05,Brake Inspection
1L0Y8392,2026-01-13,Battery Replacement
PFGUFBG3,INVALID_DATE,Brake Inspection
JHWRXWXG,2026-11-09,Full Service
TCS8TWMJ,2026-05-21,Engine Overhaul
IDE61MDN,2026-06-15,Engine Overhaul
06ZPTTTX,2026-08-08,Battery Replacement
E2F3MJCR,2026-04-25,Engine Overhaul
B9B79T3Q,2026-11-27,Full Service
YNBW5TL5,2026-10-28,Engine Overhaul
V6BBVWBV,2026-01-08,Full Service
JOW2PWWZ,2026-07-29,Oil Change
E4A5LJDR,2026-06-13,Oil Change
Z4V025BJ,2026-10-09,Tire Rotation
C8YETX5Q,2026-08-15,Full Service
ZL7EU6RT,2026-10-01,Oil Change
OQC0DWLA,2026-10-29,Tire Rotation
D06ZJ0KS,2026-04-21,Oil Change
M1KOCI6W,2026-02-10,Oil Change
NYOT2VGL,2026-05-06,Engine Overhaul
4RDLIQA2,2026-12-21,Engine Overhaul
L9NUVF9F,2026-10-19,Battery Replacement
5VO9QKIZ,2026-12-28,Engine Overhaul
R6YTGD4U,2026-03-03,Full Service
V64VYRYB,2026-07-07,Brake Inspection
1ULTT1TV,2026-10-30,Engine Overhaul
I3V2RMDD,2026-02-23,Battery Replacement
8V18CY6Y,2026-12-22,Engine Overhaul
IOTMES7N,2026-08-23,Brake Inspection
D0J6WQHB,2026-12-20,Engine Overhaul
JH5YXCNB,2026-09-02,Full Service
1RDPQYBI,2026-05-05,Brake Inspection
PDXDU044,2026-11-26,Battery Replacement
ZIE70RJT,2026-05-21,Engine Overhaul
CCDNDE4Z,2026-10-22,Brake Inspection
XJ5O03ZW,2026-07-17,Brake Inspection
LO3HMO08,2026-06-15,Brake Inspection
ULL6RHW7,2026-04-14,Oil Change
AJMDQAAF,2026-04-18,Tire Rotation
XTXK302T,2026-12-27,Oil Change
B8N3K092,2026-01-14,Brake Inspection
IKYH3HDF,2026-01-26,Brake Inspection
TS681XK4,2026-04-13,Oil Change
1L1DRISZ,2026-04-28,Full Service
EUIHC3OM,2026-08-15,Full Service
6UA2G8XB,2026-10-16,Battery Replacement
PUSP3JEO,2026-09-12,Engine Overhaul
HOQRD4TS,2026-09-23,Engine Overhaul
XJK9KDD4,2026-06-15,Tire Rotation
L7ZFZ0HB,2026-01-17,Full Service
8SDOP7I7,2026-04-21,Oil Change
6LVTADZR,2026-09-02,Tire Rotation
UUCNHOYJ,2026-12-06,Battery Replacement
B5TXWWQI,2026-07-07,Battery Replacement
WNALTEE6,2026-10-06,Oil Change
TYG8GD9P,2026-03-18,Full Service
UAPOQ3UT,2026-05-31,Tire Rotation
KTPD8SOM,2026-02-09,Tire Rotation
09Z906R4,2026-02-03,Full Service
DX61KSPS,2026-03-10,Full Service
A9YGW377,2026-08-21,Full Service
GKP7TEI5,2026-09-14,Full Service
ZNS0U4C5,2026-08-07,Full Service
KCY4DQAW,2026-04-20,Full Service
QZ1T20CR,2026-04-14,Engine Overhaul
TICMQ0BA,2026-10-23,Brake Inspection
W6CFDFBO,2026-12-17,Tire Rotation
RHMN0T6X,2026-03-11,Full Service
6QSPSPQL,2026-05-26,Full Service
Z0UF4PNQ,2026-11-04,Engine Overhaul
KRTAW5FQ,2026-09-24,Battery Replacement
WGWHACYA,2026-02-15,Brake Inspection
4UNPMF28,2026-12-10,Oil Change
9Q2L4HR8,2026-11-07,Engine Overhaul
AI7FZHQP,2026-02-24,Oil Change
I6YQMQV4,2026-01-10,Engine Overhaul
Q4EL9DGG,2026-04-24,Engine Overhaul
NH0KH50Y,2026-05-08,Oil Change
0PVQE8NM,2026-08-30,Brake Inspection
5X15EWOA,2026-12-12,Brake Inspection
G8JN83VE,2026-06-10,Full Service
UBGV2MOU,2026-09-22,Tire Rotation
NHJLASDD,2026-03-27,Engine Overhaul
Y5ECFQWE,2026-04-08,Oil Change
JA1UG8SI,2026-07-28,Engine Overhaul
YNIMMY9A,2026-06-23,Oil Change
2ZSH1Z69,2026-08-28,Battery Replacement
PSCXK23U,2026-08-25,Brake Inspection
CPBWZHGR,2026-09-05,Battery Replacement
5KETCW9N,2026-01-28,Full Service
WIIIFM2G,2026-02-18,Brake Inspection
ZMTSHFA8,2026-03-14,Full Service
TSTHSA7H,2026-07-27,Engine Overhaul
XP0Z8QV4,2026-05-27,Brake Inspection
0UCQLSQN,2026-05-02,Full Service
50OUCC9E,2026-12-09,Battery Replacement
GBULVK5V,2026-12-13,Battery Replacement
KJR4T9GH,2026-08-01,Engine Overhaul
83SNPL6T,2026-04-02,Battery Replacement
XF9LTAHK,2026-01-24,Engine Overhaul
BOP0XOBD,2026-10-01,Tire Rotation
SS8RDBZI,2026-10-15,Oil Change
6LUVF4MI,2026-11-09,Engine Overhaul
P5UW6ZT3,2026-07-26,Brake Inspection
T64E10SH,2026-04-22,Brake Inspection
0PF6QBBY,2026-08-10,Brake Inspection
RST47OIL,2026-01-06,Full Service
17O0GB4V,2026-09-15,Tire Rotation
YZYTDA30,2026-05-16,Brake Inspection
07NQHR15,INVALID_DATE,Brake Inspection
7E2EQ3VF,2026-01-17,Battery Replacement
TI5HDAYE,2026-06-27,Brake Inspection
HPNM1OIB,2026-08-22,Full Service
G0XFTSGK,2026-05-20,Brake Inspection
QNBFI3G5,2026-10-13,Tire Rotation
GZ6GW8JL,2026-08-17,Brake Inspection
1N7I9A96,2026-06-11,Brake Inspection
BTFN3GPT,2026-09-30,Engine Overhaul
BNBC9FTG,2026-03-28,Full Service
V4FZNVC2,2026-04-11,Tire Rotation
FO3GCSAM,2026-03-17,Brake Inspection
OS160R81,2026-07-16,Full Service
JN7G6ZMJ,2026-12-04,Tire Rotation
7WAK52HL,2026-08-28,Full Service
KRMN709I,2026-03-08,Full Service
GF9TZTRQ,2026-06-03,Engine Overhaul
CAO6324W,2026-06-19,Engine Overhaul
ZBH42V7D,2026-09-20,Engine Overhaul
BC86GQVD,2026-11-01,Full Service
1KZA5RN0,2026-02-11,Engine Overhaul
FL7UU8QX,2026-06-26,Brake Inspection
LP4JSZPZ,2026-12-23,Tire Rotation
Z8EUSAQ2,2026-01-02,Battery Replacement
DGY84SHG,2026-03-28,Full Service
KQ0LQ6XA,2026-03-18,Tire Rotation
17FSBPJ1,2026-12-06,Oil Change
G49NDOHS,2026-06-15,Engine Overhaul
YX5AJL6Y,2026-06-02,Engine Overhaul
0AE90KL8,2026-12-12,Battery Replacement
P9UZPL8W,2026-11-03,Full Service
WXSO5ZKV,2026-05-17,Engine Overhaul
GMLQMIL3,2026-08-01,Brake Inspection
TKJ6X32H,2026-07-20,Full Service
INVALID_7002,2026-05-10,Oil Change
VBT75ZT8,2026-03-16,Battery Replacement
AOMYDWLA,2026-04-28,Battery Replacement
119G0O9U,2026-07-02,Battery Replacement
IAI1FUJR,2026-07-20,
S09YUIL3,2026-05-29,Oil Change
06VMVSAR,2026-05-01,Brake Inspection
LDQWAGEQ,2026-05-21,Brake Inspection
XS1P9HTJ,2026-08-15,Full Service
EFTN3B1O,2026-02-28,Battery Replacement
AFTDGW3Q,2026-11-13,Battery Replacement
ONZQATS9,2026-02-17,Battery Replacement
6XUALB1U,2026-11-11,Battery Replacement
VM1WRI7U,2026-01-10,Oil Change
XKPNQ68H,2026-07-20,
W01EKZUO,2026-05-18,Full Service
MU39LG7D,2026-04-30,Battery Replacement
Y6K3SR19,2026-03-31,Oil Change
5YY79NUH,2026-11-03,Oil Change
6FKJ87RU,2026-09-25,Full Service
2044M4FT,2026-08-12,Tire Rotation
NDDO8NDR,2026-09-14,Engine Overhaul
79IPCRGX,2026-03-16,Battery Replacement
JTM9MSZ1,2026-06-04,Brake Inspection
OA4L7DNV,2026-11-16,Full Service
3GPETYJF,2026-10-10,Oil Change
DZ4J7KOC,2026-12-20,Tire Rotation
EMZBTT9V,2026-07-08,Battery Replacement
M7H12W2M,2026-01-03,Oil Change
6PFH9XG9,2026-04-20,Engine Overhaul
XYYSVAD5,2026-06-11,Engine Overhaul
NM98LA93,2026-10-09,Tire Rotation
BB9VYSAW,2026-12-02,Oil Change
066BBVE7,2026-03-30,Oil Change
7CUIVTD9,2026-12-21,Full Service
FOYDF289,2026-03-24,Brake Inspection
REEARKXH,2026-09-22,Tire Rotation
LJ1FRVLQ,2026-11-17,Tire Rotation
YK9FRXP8,2026-01-05,Battery Replacement
GJZMDIDY,2026-07-20,
UZWVAZX0,2026-07-20,
NIGE5OW4,2026-05-18,Brake Inspection
AD4W7NJW,2026-07-17,Oil Change
1AD279J6,2026-12-27,Battery Replacement
B1BTJYZC,2026-02-01,Oil Change
WPHIPC0A,2026-08-20,Full Service
X0UNJ5M2,2026-05-28,Engine Overhaul
ZPX37QZZ,2026-02-01,Full Service
AOULJMZ0,2026-09-21,Full Service
2DYMZJJQ,2026-09-19,Engine Overhaul
PDB2L8D9,2026-07-17,Tire Rotation
2FV24XST,2026-07-28,Brake Inspection
FFEIKR9I,2026-08-16,Oil Change
M6FJLBY4,2026-11-01,Tire Rotation
K80HVTG6,2026-09-14,Tire Rotation
P32Y1MLQ,2026-05-04,Full Service
LTKNVCG3,2026-04-10,Engine Overhaul
1IY5X8G5,2026-01-17,Tire Rotation
GU5YMY88,2026-06-15,Tire Rotation
GH1YPV39,2026-11-01,Full Service
MW1RACUB,2026-03-04,Engine Overhaul
AE7GU5Z7,2026-11-03,Battery Replacement
8Y4BWGNI,2026-04-20,Brake Inspection
ADHSFNKX,2026-09-14,Brake Inspection
LRTQZ5YE,2026-11-06,Tire Rotation
4J0VW3AA,2026-03-14,Full Service
LK2Q4CF3,2026-05-14,Engine Overhaul
4ZF6Q6MO,2026-04-05,Full Service
NBQO6Q9L,2026-02-09,Engine Overhaul
AAVXB0T2,2026-06-08,Tire Rotation
X7AV79L8,2026-06-25,Tire Rotation
NBWHQPM2,2026-10-22,Full Service
OK0X1RER,2026-05-10,Tire Rotation
W1Z503HJ,2026-10-18,Full Service
GZDYJFVJ,2026-12-04,Engine Overhaul
QFE8HAPW,2026-06-17,Engine Overhaul
JESAIALA,2026-03-22,Battery Replacement
GZX4L9XV,2026-04-28,Tire Rotation
CGUOV7YW,2026-11-13,Full Service
K2NDJX5P,2026-12-03,Oil Change
9BUFUYCF,2026-12-08,Brake Inspection
KHSEPQWX,2026-11-10,Tire Rotation
53SFS3X8,2026-11-04,Oil Change
ACDIQVMR,2026-09-01,Battery Replacement
8Y1YKYB0,2026-02-14,Engine Overhaul
MZPY2JHP,2026-03-08,Brake Inspection
AP5QQUCM,2026-06-15,Engine Overhaul
NUE0WS3S,2026-07-06,Brake Inspection
FDIXCVP0,2026-10-04,Engine Overhaul
VXQCST8Z,2026-02-20,Tire Rotation
31EL9XLY,2026-02-25,Engine Overhaul
A682SHO2,2026-06-12,Tire Rotation
BBHM2CNX,2026-02-09,Battery Replacement
3H987131,2026-07-30,Oil Change
FP1TTU0Q,2026-07-12,Battery Replacement
W0KQZ37O,2026-05-26,Full Service
8XXR9Z2M,2026-09-10,Brake Inspection
S9G5D81M,2026-03-05,Tire Rotation
ADO22Q22,2026-04-23,Oil Change
FRNSUH7A,2026-08-12,Engine Overhaul
4G697HFN,2026-12-05,Battery Replacement
JK75RFMB,2026-12-07,Battery Replacement
9D4OSEIP,2026-03-18,Battery Replacement
55RX0N7X,2026-08-07,Tire Rotation
6POROKDN,2026-02-25,Engine Overhaul
M7IYX64V,2026-08-29,Engine Overhaul
BDCQJ282,2026-12-17,Brake Inspection
2B34KHJJ,2026-11-10,Tire Rotation
1F39ABMF,2026-03-16,Battery Replacement
9U7WWPIF,2026-09-28,Full Service
8WWBUC3Y,2026-10-29,Tire Rotation
T55WQ2KQ,2026-06-15,Engine Overhaul
XSM9HMZK,2026-05-13,Engine Overhaul
CC1L1YYE,2026-01-29,Brake Inspection
308432N2,2026-07-27,Full Service
KX2X8QWC,2026-09-21,Tire Rotation
AX47VQIF,2026-09-26,Brake Inspection
HQ1BOM8H,2026-10-09,Tire Rotation
VFXFCNS7,2026-10-05,Full Service
HEDGMAMW,2026-05-16,Battery Replacement
YNJU2LKO,2026-04-07,Battery Replacement
6P8GG5Y8,2026-04-11,Full Service
SIBIP47O,2026-06-05,Battery Replacement
AKTR04HS,2026-08-24,Tire Rotation
7PLT98LA,2026-05-31,Engine Overhaul
834RY913,2026-01-15,Tire Rotation
49MOIP38,2026-11-21,Battery Replacement
NHWJZJSV,2026-11-15,Brake Inspection
Y8SFA58O,2026-07-01,Tire Rotation
868JJ01J,2026-05-05,Brake Inspection
6TITT8C8,2026-02-14,Brake Inspection
P0COHYXG,2026-03-24,Battery Replacement
253PIO4I,2026-12-22,Battery Replacement
X3IOC4LS,2026-05-06,Brake Inspection
LGRNQ69V,2026-03-25,Tire Rotation
XMEIIGUW,2026-10-22,Full Service
TN81ZV8V,2026-09-28,Battery Replacement
BKA8XTYW,2026-05-05,Oil Change
AJWFGB8F,2026-08-17,Tire Rotation
F1BBRKEB,2026-09-08,Oil Change
ZSJTIIMP,2026-02-03,Oil Change
75YVJIT4,2026-02-05,Oil Change
4ARHJTRL,2026-11-09,Oil Change
M5GKRHCQ,2026-04-03,Battery Replacement
GOS9KPQL,2026-02-11,Oil Change
ETPSAZU3,2026-08-08,Full Service
R6V7ETKQ,2026-06-06,Battery Replacement
FCICLMCR,2026-08-07,Brake Inspection
LFNICBYI,2026-11-17,Engine Overhaul
QVB3CT7B,2026-11-25,Oil Change
U6WCZW3S,2026-07-25,Tire Rotation
43X7JRTQ,2026-07-14,Tire Rotation
GZBDO8EZ,2026-06-15,Engine Overhaul
8DW384AX,2026-08-15,Oil Change
HXI6S070,2026-07-11,Battery Replacement
QG2A1B1Y,2026-08-16,Full Service
S50DN505,2026-07-14,Oil Change
SRP1YC09,2026-01-10,Brake Inspection
HQOXK8WR,2026-02-19,Tire Rotation
T6WJFB2N,2026-05-25,Engine Overhaul
570808SI,2026-10-26,Battery Replacement
CJQPXQMN,2026-01-11,Brake Inspection
IN782F67,2026-06-15,Engine Overhaul
LTHX62UT,2026-09-26,Engine Overhaul
J85OTSTX,2026-10-01,Brake Inspection
6SP3RQX2,2026-10-05,Battery Replacement
E16WT8BH,2026-11-28,Engine Overhaul
7SS0M3SE,2026-10-11,Engine Overhaul
0EFEUYVP,2026-08-25,Engine Overhaul
VPRZJWS0,2026-11-26,Brake Inspection
CYBPR0AD,2026-04-05,Brake Inspection
DW8ZFLR3,2026-10-15,Oil Change
A8ETRQ8R,2026-06-10,Oil Change
V5BTQY8N,2026-05-03,Brake Inspection
BYD8QJ4G,2026-08-25,Engine Overhaul
QW819MRS,2026-02-23,Full Service
MX9X1Y0U,2026-12-25,Oil Change
BVHSICRL,2026-04-21,Full Service
B42WTQHA,2026-06-26,Battery Replacement
9OVUR6J0,2026-05-23,Battery Replacement
DSVICDRN,2026-12-26,Battery Replacement
39DHKTVH,2026-12-28,Tire Rotation
J1YXK1RF,2026-02-08,Tire Rotation
6PIGC4Z1,2026-05-21,Battery Replacement
9XFOOWLX,2026-12-13,Tire Rotation
U4RT92WM,2026-08-02,Battery Replacement
981QKJCB,2026-10-14,Battery Replacement
VMI6Q0K1,2026-08-06,Oil Change
IU19SNMR,2026-10-04,Tire Rotation
ZLI3UF94,2026-08-29,Battery Replacement
9E0G7PRA,2026-03-24,Oil Change
NTX495NB,2026-11-28,Engine Overhaul
J06GCMI0,2026-11-14,Full Service
T7OIRYNI,2026-03-13,Full Service
C4AEPOKR,2026-11-21,Brake Inspection
K1I2B76J,2026-06-30,Oil Change
XSZFA5KZ,2026-11-26,Full Service
EL57HEZ8,2026-04-13,Brake Inspection
MA9K07PR,2026-08-16,Battery Replacement
JGT2LYH2,2026-08-13,Oil Change
PETFQMTT,2026-05-02,Full Service
CKLI0PK4,2026-03-16,Battery Replacement
D39QS30H,2026-09-30,Tire Rotation
IYOSFXUG,2026-12-07,Oil Change
M6SX71AG,2026-11-28,Battery Replacement
ATLIW0EO,2026-11-17,Brake Inspection
CCD0ML0J,2026-09-19,Full Service
VBXYDAHY,2026-05-29,Tire Rotation
ETIQHANG,2026-11-23,Full Service
6UEZL557,2026-07-03,Oil Change
AVO7NZA5,2026-10-22,Brake Inspection
8E05NTJI,2026-12-01,Oil Change
4XPFZBNX,2026-10-22,Brake Inspection
88SNOT4S,2026-09-01,Full Service
JMDX9K12,2026-04-11,Battery Replacement
T3NBJLXA,2026-10-17,Brake Inspection
UFO5MIIL,2026-11-16,Engine Overhaul
PWYD6QSP,2026-12-23,Battery Replacement
08PDQL2Z,2026-11-23,Full Service
30MOKMFJ,2026-08-07,Oil Change
KRRRJMNU,2026-02-13,Battery Replacement
HA312V4A,2026-05-07,Tire Rotation
W71G5FN5,2026-03-03,Tire Rotation
T4I5IYS8,2026-10-18,Battery Replacement
6QA9BK80,2026-03-11,Oil Change
VGAEMHJJ,2026-06-07,Brake Inspection
KWTM4ESC,2026-08-19,Full Service
2YXUEWLT,2026-11-12,Full Service
9QJAQZH1,2026-01-24,Oil Change
0A0HB6HY,2026-01-02,Tire Rotation
AH4BFNA9,2026-12-29,Tire Rotation
OB3JDB5S,2026-06-12,Battery Replacement
UEW1YTPF,2026-11-24,Oil Change
H7W2KEME,2026-07-12,Engine Overhaul
T42HXINQ,2026-11-11,Tire Rotation
3L68BMUG,2026-04-06,Tire Rotation
VQF3G03T,2026-10-07,Brake Inspection
J2VILI1P,2026-09-19,Oil Change
R319LBVA,2026-11-16,Full Service
EKET179J,2026-08-24,Battery Replacement
K6REAIHB,2026-09-16,Full Service
Z5UT4LKW,2026-05-12,Brake Inspection
NHXIXX9G,2026-10-12,Full Service
IETKDT02,2026-04-17,Tire Rotation
X5ZDT1ZI,2026-10-28,Full Service
EDDRCBKK,2026-09-21,Tire Rotation
36C52W1G,2026-04-02,Full Service
4T0OOUBG,2026-01-19,Engine Overhaul
EE3625GK,2026-12-05,Engine Overhaul
3O0H8CPN,2026-12-13,Oil Change
VY86CWAU,2026-04-17,Full Service
PBU3MKL7,2026-01-11,Full Service
RFP8QCLS,2026-05-15,Tire Rotation
QJ2OY8Z6,2026-01-16,Brake Inspection
9WWHOZ89,2026-02-26,Engine Overhaul
1UYRM9JY,2026-12-11,Full Service
9DW27ZMA,2026-07-04,Oil Change
0U8JTXFK,2026-07-10,Full Service
FZ29RUN0,2026-02-28,Engine Overhaul
E39GTC0N,2026-11-30,Engine Overhaul
0OCEBI0G,2026-11-03,Full Service
SWLJGO4Q,2026-03-09,Oil Change
NZPGKL80,2026-01-19,Brake Inspection
6S6QMZQU,2026-05-20,Brake Inspection
KYOAUI6Q,2026-03-09,Battery Replacement
4T15F80K,2026-12-27,Brake Inspection
UH3NAUCB,2026-04-15,Battery Replacement
OLW6OXVC,2026-05-16,Tire Rotation
MJZ2IVAH,2026-03-18,Oil Change
J5JZLKAZ,2026-07-11,Engine Overhaul
YKOZ8AEF,2026-11-03,Full Service
S0HLEIH5,2026-01-31,Engine Overhaul
M5EGMO5D,2026-02-24,Engine Overhaul
VKWLL85W,2026-01-29,Brake Inspection
01N74V0P,2026-04-23,Brake Inspection
UNXPYF5F,2026-11-14,Engine Overhaul
Z5LYTHXI,2026-07-19,Brake Inspection
F73MZOK0,2026-06-02,Oil Change
0OTM8DMC,2026-09-25,Engine Overhaul
RR84CL58,2026-11-16,Engine Overhaul
H4DCD70G,2026-02-12,Oil Change
S16NXI0Q,2026-08-02,Brake Inspection
O28TA1A8,2026-05-09,Battery Replacement
L74WSXE3,2026-06-17,Engine Overhaul
ED7F14F3,2026-04-04,Tire Rotation
Y7LYAGMN,2026-05-21,Oil Change
WBGIUONI,2026-06-26,Tire Rotation
XB8LTEDO,2026-05-27,Battery Replacement
1QUBL15A,2026-03-29,Brake Inspection
H0P6FFM6,2026-11-08,Full Service
RZU5OQU1,2026-03-10,Engine Overhaul
LOZ45QE7,2026-08-20,Tire Rotation
12OS1B3D,2026-05-05,Oil Change
ORWE22XJ,2026-10-15,Full Service
03GYO248,2026-08-13,Full Service
5SO2LQ5R,2026-01-29,Full Service
L25IHDMK,2026-08-15,Brake Inspection
INVALID_9142,2026-05-10,Oil Change
FTM4DMY3,2026-11-11,Full Service
I9RZGNEO,2026-02-02,Oil Change
UZ5FH29U,2026-05-07,Brake Inspection
ND32FC0K,2026-11-22,Brake Inspection
THODDL4W,2026-12-27,Full Service
CPFRX0OO,2026-11-28,Oil Change
7918VLSL,2026-10-01,Oil Change
PFMR8OV8,2026-04-17,Full Service
R6WA1GQQ,2026-07-16,Brake Inspection
DGZJ0CFC,2026-02-20,Battery Replacement
PN297T0P,2026-08-05,Battery Replacement
N98OUZFN,2026-08-22,Full Service
9PQMZ3IO,2026-10-07,Full Service
RXA2FJZN,2026-09-26,Oil Change
89U4NF14,2026-11-30,Brake Inspection
YOM73ZH2,2026-11-01,Tire Rotation
HD1VF5VT,2026-08-24,Engine Overhaul
Z8L0FKB7,2026-01-21,Tire Rotation
T39VWHMK,2026-09-16,Full Service
OC7W69LK,2026-02-08,Battery Replacement
HAGBYP71,2026-10-23,Engine Overhaul
Z5OCDKQW,2026-06-26,Battery Replacement
SL5XESP6,2026-08-16,Oil Change
Z80WCN9U,2026-03-30,Full Service
C942X3YQ,2026-07-11,Engine Overhaul
JZT2EN7M,2026-08-03,Engine Overhaul
KXBFHARD,2026-09-10,Brake Inspection
WYNI3WWO,2026-06-15,Oil Change
BRNPTWPO,2026-06-15,Engine Overhaul
IWCRAZZ8,2026-12-29,Tire Rotation
M94YRR79,2026-04-22,Brake Inspection
NYIGR40I,2026-03-08,Engine Overhaul
T20JUNNW,2026-05-22,Oil Change
MEK82SCN,2026-02-10,Engine Overhaul
E8CZIQL4,2026-06-19,Brake Inspection
OVI9D4VC,2026-08-03,Oil Change
7EZNVT16,2026-12-23,Full Service
YYOAHN0H,2026-09-27,Tire Rotation
OG3K7AAQ,2026-11-22,Tire Rotation
1RHOSPMS,2026-12-13,Battery Replacement
YTPQNK1U,2026-05-15,Battery Replacement
8U94VEPN,2026-04-18,Oil Change
UVIVGKW0,2026-06-30,Battery Replacement
TN0P6EAD,2026-12-19,Engine Overhaul
QE3NGH4P,2026-09-15,Battery Replacement
1C9NP4VV,2026-07-03,Tire Rotation
KRF0D102,2026-01-22,Oil Change
IRNMSEGE,2026-02-11,Full Service
PSU4DLM2,2026-06-20,Brake Inspection
ITG6DXG9,2026-02-16,Full Service
FNOUMZ5S,2026-09-06,Tire Rotation
R5JCJN7M,2026-05-18,Tire Rotation
ITKW87BV,2026-11-24,Battery Replacement
56ILVCQT,2026-04-06,Brake Inspection
NLAU36UT,2026-03-30,Full Service
QRJW47LM,2026-06-23,Brake Inspection
VSL42PUK,2026-09-05,Oil Change
KIM2Y6O9,2026-08-18,Brake Inspection
5ANM87PY,2026-10-27,Brake Inspection
HLUFBYGS,2026-01-31,Engine Overhaul
4DO1LW4X,2026-07-20,
W6Z7YTBA,2026-12-20,Brake Inspection
6DWDGLCA,2026-05-07,Engine Overhaul
PU5YLM4P,2026-05-26,Engine Overhaul
MQFAGZ65,2026-12-05,Full Service
GU5YMY88,2026-06-15,Engine Overhaul
3EGV669L,2026-05-12,Oil Change
4BJMS0F8,2026-11-04,Oil Change
W703UNLG,2026-03-02,Full Service
EXCDDDEE,2026-12-13,Oil Change
G5TC5KWG,2026-12-20,Oil Change
8KX1KPED,2026-09-21,Oil Change
JHF2RRJ1,2026-01-18,Brake Inspection
SLZLTLDR,2026-09-06,Engine Overhaul
1ILZYA7A,2026-12-28,Tire Rotation
EXU5BXVY,2026-11-29,Oil Change
G34U8PDM,2026-10-03,Engine Overhaul
YTAPREM1,2026-06-20,Engine Overhaul
IGGA015W,2026-02-08,Tire Rotation
AN23MYDN,2026-12-09,Full Service
YTE0PZUD,2026-06-24,Battery Replacement
NHPGYQ55,2026-03-12,Oil Change
FC3Q9IBI,2026-06-06,Full Service
93DZ1MX3,2026-10-10,Battery Replacement
7ZHEJG92,2026-01-15,Engine Overhaul
U8LH95QE,2026-08-28,Brake Inspection
XH2GMHWK,2026-05-21,Tire Rotation
B62HSM6M,2026-08-16,Brake Inspection
61QV7TY5,2026-08-01,Full Service
AYMQTV6V,2026-08-01,Tire Rotation
KPGQRPM4,2026-02-03,Oil Change
RUGCZA5I,2026-07-05,Brake Inspection
JER00C8G,2026-05-22,Brake Inspection
JJBP2ZIK,2026-11-06,Full Service
IPFVFIFU,2026-08-21,Oil Change
SZY4DLK6,2026-09-12,Tire Rotation
DIGRNP6P,2026-07-30,Full Service
76W24DBP,2026-10-27,Oil Change
ATMJVHTI,2026-09-30,Brake Inspection
OLOVCWGW,2026-02-11,Oil Change
7UWF59JS,2026-01-10,Battery Replacement
TFBSKPC3,2026-11-09,Engine Overhaul
UXK5FAR0,2026-08-11,Engine Overhaul
E1CVVV10,2026-03-18,Engine Overhaul
DCC219L0,2026-03-13,Full Service
6RT0E54E,2026-09-05,Oil Change
XPOVWID3,2026-03-09,Engine Overhaul
JG69HDI7,2026-10-02,Full Service
GZOSQ0II,2026-06-15,Tire Rotation
TI54GYRV,2026-07-02,Brake Inspection
G49NDOHS,2026-06-15,Tire Rotation
FMUK8TQO,2026-04-19,Full Service
UOHAV5KZ,2026-08-23,Full Service
VOUTTLPB,2026-06-27,Oil Change
O7Y0GDP5,2026-05-08,Tire Rotation
UOPTZYC2,2026-02-21,Battery Replacement
HCRF6WPF,2026-10-08,Battery Replacement
RVZCWEQH,2026-06-29,Tire Rotation
YY506043,2026-06-24,Oil Change
NLBMM0VZ,2026-11-03,Brake Inspection
KQM0YG46,2026-12-31,Oil Change
K6OFC3O1,2026-04-26,Tire Rotation
TXCCXA4R,2026-12-03,Battery Replacement
AQOYZ4M3,2026-03-11,Full Service
X3W56D6K,2026-03-25,Oil Change
BBNT2KRF,2026-07-10,Tire Rotation
TJY9IPZA,2026-10-13,Battery Replacement
BPMIZ6JA,2026-06-20,Brake Inspection
RW35V3Q9,INVALID_DATE,Brake Inspection
UBCQXT5C,2026-01-02,Engine Overhaul
B9AXJ7RZ,2026-05-19,Oil Change
FWXCK880,2026-09-15,Full Service
96QR5NNK,2026-07-22,Tire Rotation
Y3JDEGQ6,2026-08-19,Brake Inspection
N2ODNR3Q,2026-07-07,Brake Inspection
JR25KDU6,2026-11-01,Oil Change
ELFLV3TM,2026-08-11,Battery Replacement
6KQHX5ON,2026-02-18,Oil Change
1RPU3NGP,2026-02-01,Oil Change
8KHMNTQT,2026-04-25,Oil Change
VLURTJYM,2026-02-16,Oil Change
H60Y8ZCB,2026-12-07,Engine Overhaul
QFRI826Y,2026-12-28,Tire Rotation
X40KWKI1,2026-06-21,Battery Replacement
L0Y44G05,2026-09-16,Tire Rotation
FOS3PPBP,2026-01-31,Tire Rotation
4KCCCVQF,2026-03-13,Tire Rotation
3UNE9U6H,2026-12-01,Oil Change
ZLXERD82,2026-04-25,Oil Change
N7459TSR,2026-03-30,Full Service
MWE5PW5W,2026-12-08,Battery Replacement
9N681U1C,2026-09-06,Brake Inspection
OJ1RAT51,2026-02-06,Brake Inspection
OI9L943L,2026-06-08,Full Service
EUUH6LUA,2026-01-04,Engine Overhaul
IN782F67,2026-06-15,Tire Rotation
Q2Q4F2SQ,2026-06-17,Tire Rotation
HBM2J2RS,2026-03-26,Tire Rotation
9109HM1G,2026-05-03,Battery Replacement
L6QEZ5CZ,2026-03-14,Brake Inspection
ODQFC3QI,2026-07-10,Tire Rotation
ZD8EWIUA,2026-12-23,Battery Replacement
A0O6XB9A,2026-07-20,Full Service
P19IDR7N,2026-10-30,Oil Change
43TJJGQR,2026-12-12,Tire Rotation
FAGUHTNT,2026-10-12,Battery Replacement
2NWRMFYR,2026-06-27,Full Service
MC2TOLQA,2026-07-13,Engine Overhaul
FQX5YZ5T,2026-05-22,Full Service
A4W6SC0B,2026-01-01,Brake Inspection
OFSDI9ZP,2026-04-03,Battery Replacement
VUSQ5E43,2026-01-07,Brake Inspection
UJU0AVTZ,2026-04-30,Oil Change
GXIU7BYS,2026-01-28,Engine Overhaul
ASULYJ3B,2026-04-16,Tire Rotation
UQYCY7ZY,2026-08-15,Full Service
MSORW7NI,2026-08-19,Brake Inspection
IRLKBON5,2026-09-07,Battery Replacement
CRTTEYYD,2026-02-25,Battery Replacement
LKTX4KCC,2026-09-25,Tire Rotation
5ZY3R2LH,2026-09-24,Oil Change
SE46JUD1,2026-10-10,Engine Overhaul
4I2T8C5Q,2026-10-11,Full Service
CM38NBQM,2026-04-05,Full Service
5P1JO8ZH,2026-03-01,Oil Change
6A342GZM,2026-03-16,Tire Rotation
BSTDII7B,2026-07-07,Tire Rotation
QIMX3DIY,2026-08-29,Full Service
CG1WEGLM,2026-12-10,Battery Replacement
INVALID_7704,2026-05-10,Oil Change
CTGGE3Y8,2026-11-15,Brake Inspection
ANBFUQYN,2026-05-16,Engine Overhaul
47DPMPND,2026-03-11,Engine Overhaul
1M1FYX13,2026-02-03,Battery Replacement
M1BZ86TG,2026-05-31,Tire Rotation
9VSN0OS0,2026-01-09,Tire Rotation
OPIV9WNI,2026-04-15,Engine Overhaul
8XCGL5IF,2026-04-12,Battery Replacement
FAUWMGKF,2026-05-26,Full Service
7QTSW0W6,2026-03-31,Full Service
3FSGQTG5,2026-12-12,Battery Replacement
U048WPI3,2026-11-16,Full Service
0W6VRDMU,2026-01-28,Brake Inspection
LWA5S1YW,2026-07-22,Oil Change
EXEY0BNQ,2026-09-03,Oil Change
E8J83NHP,2026-07-27,Brake Inspection
4HC60I52,2026-05-28,Battery Replacement
KCVUR6PJ,2026-08-21,Oil Change
BTF3ZKLO,2026-08-03,Brake Inspection
J528RINW,2026-06-21,Engine Overhaul
LF8ILQVQ,2026-11-20,Brake Inspection
VS78IF11,2026-11-29,Full Service
EPUSQPJ3,2026-12-02,Brake Inspection
43VNSQ2J,2026-12-28,Full Service
UCZEC2KV,2026-06-25,Battery Replacement
TB85MYMT,2026-01-06,Full Service
ZJ4B8RZO,2026-12-28,Tire Rotation
CP4O1C4D,2026-01-17,Brake Inspection
ABKDV4MK,2026-07-24,Tire Rotation
O67U10WA,2026-05-21,Engine Overhaul
T8YCDKPH,2026-03-02,Oil Change
KOBIZQK7,2026-03-03,Battery Replacement
NMVGOI5F,2026-08-22,Engine Overhaul
EHIKCZE1,2026-07-27,Full Service
ZA32KSWD,2026-03-14,Oil Change
UH1X6NBF,2026-12-17,Tire Rotation
YVHPWB45,2026-07-06,Full Service
6ZRWLRXC,2026-12-24,Engine Overhaul
SPIR83Y2,2026-12-10,Battery Replacement
2AZLGB01,2026-09-07,Battery Replacement
M9TF0QF7,2026-11-05,Oil Change
WUKSZT60,2026-01-08,Full Service
Y66Q4712,2026-05-06,Battery Replacement
MMZX7UF7,2026-11-09,Engine Overhaul
55BKOOQG,2026-07-23,Oil Change
PKOC4W1G,2026-02-15,Brake Inspection
FAQFMH0G,2026-10-21,Tire Rotation
J3VFHQKB,2026-06-27,Full Service
GO8PQ5FN,2026-11-06,Engine Overhaul
P2MTJLWJ,2026-01-22,Oil Change
5Y8TCWPW,2026-03-31,Battery Replacement
CW11D9LK,2026-05-18,Brake Inspection
0RJVL8YX,2026-03-27,Brake Inspection
7AE8ZYXK,2026-12-31,Full Service
Q5LGCD57,2026-11-03,Battery Replacement
XPBL2H29,2026-08-14,Full Service
U4OV8PI4,2026-05-29,Battery Replacement
NFB8A6F5,2026-04-03,Tire Rotation
7632U80C,2026-02-11,Full Service
LD5PB4QU,2026-04-16,Engine Overhaul
1NISGSBF,2026-06-03,Battery Replacement
60D781LF,2026-07-16,Tire Rotation
SUS8KLRQ,2026-08-02,Full Service
U3R1BF3D,2026-08-03,Engine Overhaul
GXFJEBGA,2026-11-09,Battery Replacement
OGSNFS0Z,2026-03-26,Oil Change
T16AFLEP,2026-08-20,Engine Overhaul
MZES4TKW,2026-12-05,Battery Replacement
DZ7BJVNV,2026-10-30,Battery Replacement
Y5CC5SLN,2026-08-01,Tire Rotation
HV86W29P,2026-03-16,Tire Rotation
RTWS7YXD,2026-02-27,Brake Inspection
FPIZ5TRO,2026-06-21,Oil Change
GOXPJ8HZ,2026-07-29,Tire Rotation
XU0UL42X,2026-07-10,Oil Change
YLMPPE2O,2026-06-26,Oil Change
9IGMHRJ9,2026-09-29,Battery Replacement
7H9Z46XF,2026-01-01,Battery Replacement
EMQJEDD0,2026-02-22,Full Service
XVW8CI11,2026-04-10,Engine Overhaul
74W2ZT23,2026-06-07,Engine Overhaul
2M6UAAAB,2026-02-07,Battery Replacement
NVB8A1T3,2026-11-08,Engine Overhaul
OZJBQXXZ,2026-10-25,Full Service
S6FYK1VJ,2026-05-18,Oil Change
DDEOH676,2026-04-27,Battery Replacement
U7FAXSBQ,2026-09-10,Brake Inspection
PXOJ3Z54,2026-05-13,Full Service
3JCRJDN0,2026-04-09,Brake Inspection
2P0C8BMA,2026-11-11,Full Service
FFUMT0S9,2026-11-17,Tire Rotation
Q274T0SE,2026-05-22,Brake Inspection
HUHOW2YM,2026-02-24,Engine Overhaul
T1YAEQTE,2026-04-22,Battery Replacement
6BAEB738,2026-03-04,Battery Replacement
O1XEVEDA,2026-02-03,Battery Replacement
OFQIQDX9,2026-09-20,Oil Change
JUV1S9PY,2026-08-24,Brake Inspection
4G3CIV25,2026-02-04,Oil Change
A7F9R3ON,2026-03-06,Tire Rotation
NC0EYFTQ,2026-04-19,Tire Rotation
R84LR8B7,2026-10-26,Full Service
3GNLQ7GE,2026-12-06,Oil Change
7K4084MQ,2026-10-12,Tire Rotation
0W8X2LS4,2026-12-02,Full Service
ILWQ0UA1,2026-01-19,Battery Replacement
0N0GF2CI,2026-07-09,Oil Change
QLGQBVMF,2026-03-12,Engine Overhaul
1AL0XJJ9,2026-05-08,Engine Overhaul
H94O6LXE,2026-06-11,Engine Overhaul
J9AG66GV,2026-11-19,Brake Inspection
R9IU3GS1,2026-01-23,Full Service
F6EJFGTI,2026-03-22,Engine Overhaul
ZSY8NBFS,2026-06-23,Tire Rotation
KPJKAY3P,2026-10-12,Oil Change
JV5UNARR,2026-04-10,Tire Rotation
TFQ4CJQT,2026-04-29,Oil Change
INVALID_4975,2026-05-10,Oil Change
O1JN2O5H,2026-01-07,Battery Replacement
WMI78659,2026-11-29,Engine Overhaul
SHI5QSXB,2026-12-30,Engine Overhaul
ZY2UAII6,2026-09-11,Battery Replacement
MN1065AG,2026-04-06,Oil Change
F4KLL7WO,2026-08-08,Brake Inspection
AES2M00O,2026-09-20,Oil Change
ZH4AU3ZE,2026-03-17,Battery Replacement
C0MI212M,2026-02-03,Full Service
ERBGWV6U,2026-05-22,Brake Inspection
DN8MCU73,2026-11-12,Engine Overhaul
WIGXY8CW,2026-12-28,Brake Inspection
4O907TGU,2026-11-22,Battery Replacement
S9CX2BER,2026-09-01,Engine Overhaul
98PYLVBB,2026-08-08,Battery Replacement
210NX6T0,2026-10-15,Battery Replacement
LQPV5GR1,2026-09-03,Tire Rotation
2KN7PTT2,2026-09-30,Engine Overhaul
7D4O94RL,2026-06-28,Battery Replacement
JDG25GVH,2026-03-27,Brake Inspection
5SHZL2NM,2026-08-23,Full Service
F2YQQDFG,2026-02-07,Oil Change
H1OIDO6M,2026-08-23,Tire Rotation
9Z8YFLNX,2026-08-22,Battery Replacement
20VIB6Q9,2026-05-20,Engine Overhaul
E3G1XV7W,2026-09-09,Oil Change
6KT38UE6,2026-12-08,Oil Change
GF6L1T2E,2026-06-20,Engine Overhaul
0TYAG8T8,2026-03-14,Oil Change
Q0CFT9HY,2026-04-15,Full Service
65Z6334H,2026-02-13,Full Service
DM3CBXUO,2026-03-12,Engine Overhaul
WU3ZFVSS,2026-02-23,Battery Replacement
IRF95TF0,2026-02-20,Tire Rotation
EI3KSGSH,2026-04-23,Full Service
UF6OK307,2026-12-17,Battery Replacement
JXTWP2TI,2026-01-27,Brake Inspection
JKF1KFNE,2026-07-19,Full Service
DQSTC9BE,2026-09-18,Brake Inspection
Z6AYQ2A0,2026-01-06,Full Service
MZX0107U,2026-10-24,Engine Overhaul
87KL9SNQ,2026-05-07,Brake Inspection
2232CPBL,2026-04-07,Full Service
JPPVYJYO,2026-09-06,Brake Inspection
8LN4VQ9O,2026-05-13,Engine Overhaul
8ZIUWJP8,2026-03-26,Engine Overhaul
1JHQKF7Q,2026-06-17,Tire Rotation
DCKG6QZ6,2026-07-02,Tire Rotation
YYYX5A5S,2026-03-13,Brake Inspection
U9B4JUR6,2026-06-07,Full Service
Z1R1UXA7,2026-11-20,Tire Rotation
EJA0VDXH,2026-10-01,Brake Inspection
O7XB6AVH,2026-03-09,Brake Inspection
2G671S2B,2026-10-28,Battery Replacement
59J0SH6Z,2026-11-26,Full Service
CMYI25EP,2026-11-02,Tire Rotation
DGG9L9YU,2026-06-14,Engine Overhaul
WUWS2P4G,2026-12-02,Battery Replacement
VNVCUYD2,2026-12-18,Tire Rotation
3GTX3DER,INVALID_DATE,Brake Inspection
DSR1EXCD,2026-12-09,Engine Overhaul
51MU9BSH,2026-03-06,Engine Overhaul
9XFEXQB8,2026-03-31,Oil Change
3QU168TZ,2026-07-02,Full Service
JY2R2JDR,2026-04-01,Brake Inspection
B23S9XO1,2026-09-29,Engine Overhaul
O0IVR4NY,2026-08-29,Engine Overhaul
T7P99WVL,2026-11-04,Brake Inspection
66HT1ATP,2026-11-25,Tire Rotation
CUSN89ZV,2026-08-09,Full Service
ULCKJ9JC,2026-01-22,Full Service
CNGIFSPJ,2026-04-21,Oil Change
FMSNMXS1,2026-06-12,Brake Inspection
AELSRTOU,2026-03-14,Engine Overhaul
Z2A5N0OE,2026-01-12,Tire Rotation
SHNJ4S0P,2026-08-10,Full Service
XGO4XBVW,2026-11-21,Full Service
K1ORO2RW,INVALID_DATE,Brake Inspection
QOLMEALE,2026-10-12,Brake Inspection
QCV4VPQS,2026-07-07,Brake Inspection
HVQGYN7S,2026-05-26,Tire Rotation
FFIA4OUA,2026-08-28,Tire Rotation
E7XG2XEL,2026-02-16,Oil Change
3APF1QN9,2026-04-09,Oil Change
MRVE3JYB,2026-05-17,Full Service
4GVC7MLW,2026-07-19,Battery Replacement
XV40ZZCK,2026-06-07,Oil Change
9OXLNOST,2026-06-16,Battery Replacement
MV2HEVHK,2026-07-04,Full Service
HI4P07GR,2026-05-20,Full Service
R1BS2BF4,2026-09-08,Oil Change
T4ORY3P0,2026-06-17,Full Service
0QKAA6XF,2026-03-16,Engine Overhaul
B9WA0PXP,2026-07-03,Tire Rotation
TPM1I43A,2026-05-18,Tire Rotation
TAA2NWN4,2026-04-13,Oil Change
S2W5OEBS,2026-11-16,Full Service
IFGB1B7Y,2026-10-05,Engine Overhaul
GQZ95NFE,2026-05-18,Brake Inspection
9F4OZE13,2026-03-11,Engine Overhaul
7OEQWUD5,2026-12-23,Full Service
PKVSND59,2026-08-09,Brake Inspection
C9UAOKLN,2026-01-15,Brake Inspection
ZUJA29WU,2026-05-02,Oil Change
GQ2KLNK9,2026-08-29,Battery Replacement
K71FHABP,2026-05-24,Tire Rotation
CEHHVSYO,2026-03-17,Full Service
SQXBYQC5,2026-10-11,Oil Change
QEH7K5KR,2026-07-29,Battery Replacement
QQXODDC1,2026-06-14,Oil Change
QT7VI4BW,2026-01-21,Engine Overhaul
DBY3FEAU,2026-07-28,Brake Inspection
WUB8C7ME,2026-08-14,Oil Change
4DLQ3AFB,2026-01-24,Engine Overhaul
FIA9BFLX,2026-06-15,Tire Rotation
34V8PKKU,2026-08-13,Battery Replacement
O3MAOP87,2026-04-27,Full Service
7Y7WQ0LA,2026-09-19,Engine Overhaul
BID6SWJW,2026-07-05,Oil Change
8S7CRNHG,2026-02-02,Tire Rotation
QRDFPO4K,2026-07-25,Engine Overhaul
NQSG4PMC,2026-04-21,Full Service
TEGDKZ8B,2026-11-13,Brake Inspection
WWQJFPZF,2026-03-13,Battery Replacement
XAFO7HNN,2026-10-09,Brake Inspection
DNVNDAGD,2026-07-08,Tire Rotation
XFPXTVF7,2026-10-16,Engine Overhaul
OPMSYVUY,2026-12-23,Full Service
BAXYCPRC,2026-04-24,Full Service
HKE0USMW,2026-10-06,Brake Inspection
OQ0XKNJH,2026-03-03,Full Service
XW1JIJA7,2026-05-19,Brake Inspection
ZE1F1M8V,2026-09-06,Full Service
S574H8OP,2026-02-27,Full Service
5W94VWL9,INVALID_DATE,Brake Inspection
08OD7H4Y,2026-06-01,Oil Change
9758K32J,2026-10-21,Engine Overhaul
GX9GNL4Z,2026-03-19,Battery Replacement
H7TVU9YT,2026-09-26,Full Service
HNPS3T3P,2026-08-22,Oil Change
8I7EKNC6,2026-07-01,Engine Overhaul
A7V4FKLJ,2026-02-10,Oil Change
51AQXIR9,2026-10-21,Battery Replacement
1MKJ0NP3,2026-10-06,Tire Rotation
6FUFFU04,2026-04-09,Oil Change
XQ4HCVHP,2026-03-30,Engine Overhaul
S6BYBLQ2,2026-04-10,Oil Change
E0DNUE5X,2026-04-11,Brake Inspection
B55WOYGY,2026-02-25,Engine Overhaul
RR4D6GB1,2026-06-13,Full Service
59770OZ3,2026-11-20,Battery Replacement
N43HKHIA,2026-09-02,Battery Replacement
EP9JOJNJ,2026-12-04,Tire Rotation
57ENXB94,2026-01-21,Full Service
SB8B6LJP,2026-05-03,Tire Rotation
SYJC0CR0,2026-03-07,Oil Change
FMKZQBO4,2026-08-26,Engine Overhaul
HDTK3WUP,2026-05-29,Brake Inspection
N0967PWA,2026-11-16,Battery Replacement
0ZHJUIL5,2026-07-19,Engine Overhaul
GEIWMHQ1,2026-09-10,Brake Inspection
PMYX524G,2026-12-30,Battery Replacement
PHR36H2G,2026-09-09,Oil Change
42N8K4VH,2026-09-10,Brake Inspection
TEBJNRHQ,2026-06-04,Oil Change
K6TODR2R,2026-03-04,Battery Replacement
38G550ZB,2026-01-25,Full Service
GS2AA4OT,2026-01-07,Brake Inspection
6Q4MEHBO,2026-05-31,Full Service
GX5A5YN4,2026-04-26,Tire Rotation
59OOCKFF,2026-06-04,Oil Change
NT1XTLP3,2026-01-19,Tire Rotation
7MX6LXGS,2026-02-17,Full Service
JNF6KJ82,2026-08-16,Tire Rotation
ATV1VL8X,2026-03-08,Engine Overhaul
PVYXCUU1,2026-02-20,Battery Replacement
CQJ3ULZ5,2026-03-02,Oil Change
0LKPL7OL,2026-02-28,Engine Overhaul
ICQV06X5,2026-02-28,Brake Inspection
3X8TJ99U,2026-12-25,Brake Inspection
09DCV6N4,2026-12-29,Full Service
VUFOIANO,2026-07-20,
LAG9U5CC,2026-01-09,Battery Replacement
80W3720X,2026-06-17,Oil Change
0KH2E7GE,2026-09-28,Brake Inspection
TJVPASJ9,2026-01-24,Tire Rotation
1574ROJX,2026-06-05,Engine Overhaul
P7XG6E5V,2026-03-13,Engine Overhaul
EIXUASJH,2026-07-16,Tire Rotation
ZTSXBNQE,2026-10-13,Tire Rotation
M57BGUTA,2026-11-07,Brake Inspection
NA3XEKMP,2026-08-24,Engine Overhaul
P3IIB9NN,2026-03-27,Full Service
DNSR5U7H,2026-04-18,Engine Overhaul
19CKEPV8,2026-12-03,Battery Replacement
ZLMEJBWK,2026-07-08,Brake Inspection
70VUT4U5,2026-03-25,Tire Rotation
QL8KWCPR,2026-06-11,Battery Replacement
A01U54B2,2026-08-28,Oil Change
TXUC0ECY,2026-04-29,Oil Change
V8EGR0KI,2026-04-18,Full Service
UH12RA5Z,2026-02-24,Full Service
9CY3TQA6,2026-03-17,Engine Overhaul
OYA3N9T4,2026-03-17,Full Service
G6XYN0EG,2026-03-24,Full Service
SYT2B9OG,2026-01-01,Oil Change
I7WLUPVH,2026-12-28,Full Service
H9S2KPUF,2026-04-12,Brake Inspection
TALSPAO3,2026-11-17,Battery Replacement
9E0QARQ2,2026-05-15,Battery Replacement
C8EO44PH,2026-03-24,Oil Change
NL15OP8R,2026-03-14,Engine Overhaul
9NXYROZG,2026-10-24,Oil Change
D3PYOXSY,2026-06-11,Battery Replacement
ZZNMVAI7,2026-06-14,Tire Rotation
4B5QWB80,2026-05-08,Engine Overhaul
6EAIGFRK,2026-08-02,Tire Rotation
OX7XHUYL,2026-02-01,Full Service
2YJA37BQ,2026-09-22,Oil Change
IFLHO2K9,2026-01-29,Brake Inspection
XMZFAXUB,2026-01-12,Brake Inspection
5NL91SCP,2026-06-07,Battery Replacement
DZBF0ZVM,2026-02-09,Battery Replacement
KNEIPJL4,2026-07-29,Engine Overhaul
7BVJEJBI,2026-07-08,Full Service
1LB2KQI0,2026-02-25,Battery Replacement
1ZCH1SIQ,2026-12-12,Battery Replacement
T5V0OC5F,2026-01-03,Oil Change
NVOHM2JT,2026-08-10,Oil Change
NK2CILNV,2026-10-24,Oil Change
G173TT9U,2026-06-01,Battery Replacement
3WE0B9IE,2026-02-18,Oil Change
PP0D9LJU,2026-03-28,Battery Replacement
LQP3L916,2026-11-23,Full Service
XJEOZMW3,2026-01-01,Battery Replacement
15Z7NTAA,2026-04-07,Battery Replacement
FQBJBQL1,2026-08-17,Battery Replacement
37HGGLSV,2026-11-23,Full Service
RBIJAIG5,2026-07-06,Engine Overhaul
18674IH6,2026-06-03,Brake Inspection
VNEGDJMN,2026-06-24,Brake Inspection
ZK57FNKL,2026-03-26,Oil Change
DVKUDIP2,2026-05-25,Full Service
2RB2LLDU,2026-03-19,Engine Overhaul
ULSXVSNB,2026-02-25,Tire Rotation
XU0KE7H7,2026-06-02,Battery Replacement
NLAU36UT,2026-10-03,Full Service
UJUQP956,2026-07-13,Oil Change
UO2MWB27,2026-08-09,Full Service
204APPGC,2026-11-06,Brake Inspection
X40KWKI1,2026-06-21,Battery Replacement
JC0T3I2H,2026-05-28,Engine Overhaul
MANOPVY0,2026-07-01,Tire Rotation
ST2RBLUO,2026-06-18,Brake Inspection
2ODIZEE8,2026-04-22,Brake Inspection
3EERX7FN,2026-09-07,Full Service
DJNGM2EN,2026-05-11,Battery Replacement
G12RRFVD,2026-07-14,Full Service
PYQBTNGT,2026-12-10,Oil Change
ID9DM2ZO,2026-08-12,Tire Rotation
QEBIR3H7,2026-09-17,Brake Inspection
48C9LQBX,2026-08-04,Oil Change
KIDO0EEN,2026-06-13,Full Service
1PYVVUXL,2026-05-16,Full Service
5UM519QL,2026-10-30,Brake Inspection
PNDQ5TCM,2026-05-17,Full Service
09ZFWE46,2026-01-18,Tire Rotation
G07GDQ6U,2026-07-13,Tire Rotation
WWHLUJ1M,2026-02-26,Battery Replacement
BBZUVT87,2026-01-15,Tire Rotation
LSPIQTBM,2026-07-20,
3PZV8AO0,2026-06-04,Battery Replacement
ENRJ2SNR,2026-07-07,Tire Rotation
L841OFS0,2026-03-08,Full Service
V8K2JQ05,2026-10-02,Battery Replacement
3B6O6WMM,2026-01-19,Battery Replacement
GV65N1RF,2026-11-12,Full Service
AZ477YL7,2026-08-18,Battery Replacement
OGS2H823,2026-10-27,Full Service
C48IEM23,2026-02-04,Oil Change
RF1KQQN5,2026-05-10,Oil Change
05G722SD,2026-09-05,Brake Inspection
IV0ESYJY,2026-06-18,Full Service
WXQO1UPN,2026-04-30,Battery Replacement
J3064Y6V,2026-12-15,Tire Rotation
FHRQ1QVK,2026-04-13,Oil Change
JNXWW5RG,2026-01-01,Brake Inspection
XNO382D2,2026-09-14,Engine Overhaul
GS9SCC4U,2026-03-28,Full Service
EVWUXXRI,2026-05-09,Tire Rotation
2GR8A0QK,2026-08-19,Engine Overhaul
FFH392UO,2026-04-13,Engine Overhaul
PUJMUVMA,2026-12-29,Oil Change
IO41HIDV,2026-04-17,Oil Change
GYD8JN3W,2026-12-22,Oil Change
XL3VOLH8,2026-03-16,Battery Replacement
EEM8H0WS,2026-05-25,Engine Overhaul
UAW1I5W9,2026-10-09,Engine Overhaul
J8OTSA79,2026-07-09,Battery Replacement
4JRJ55KF,2026-07-23,Battery Replacement
40EBX9LJ,2026-06-20,Engine Overhaul
ANBLMSJ1,2026-11-24,Brake Inspection
ZNVPCUFD,2026-11-23,Oil Change
51M4KAWW,2026-09-15,Engine Overhaul
9C2OVHKF,2026-03-27,Brake Inspection
U21SYIAJ,2026-05-26,Full Service
RBTYI7W3,2026-09-23,Engine Overhaul
UK9FD2XR,2026-08-06,Oil Change
QA4YA5N9,2026-08-19,Tire Rotation
53E5X8DK,2026-09-03,Engine Overhaul
HQC8P2VT,2026-11-02,Brake Inspection
EWII4Z87,2026-01-10,Oil Change
2L4CBN0F,2026-12-18,Engine Overhaul
JWSOXFC6,2026-04-03,Battery Replacement
DYBA1QBQ,2026-11-15,Brake Inspection
LWGZQ5WI,2026-06-15,Engine Overhaul
8616JM0B,2026-04-11,Brake Inspection
ZR5O79XP,2026-08-28,Tire Rotation
OB7JHJMO,2026-07-14,Oil Change
CP9S9578,2026-08-30,Battery Replacement
Y7PD0M1J,2026-09-02,Full Service
YO348YQ6,2026-04-22,Brake Inspection
TZ7PAPON,2026-05-08,Full Service
VKKCF1X5,2026-06-30,Tire Rotation
ML8FQ0JK,2026-02-03,Engine Overhaul
YK56ZQ6T,2026-06-20,Engine Overhaul
VYUL237N,2026-11-12,Battery Replacement
WS2GH6S6,2026-01-10,Engine Overhaul
F8IQKEPE,2026-09-12,Engine Overhaul
BQ2H5835,2026-06-12,Full Service
1S7LDTFQ,2026-02-04,Brake Inspection
YWNG3NX7,2026-12-05,Tire Rotation
ONGIHQ36,2026-08-07,Engine Overhaul
DYFMTIZE,2026-11-05,Oil Change
XVDQ17BZ,2026-02-23,Battery Replacement
D3F8NEJQ,2026-02-26,Brake Inspection
UQYCY7ZY,2026-06-10,Battery Replacement
FWK6JB23,2026-06-11,Battery Replacement
7S6FQZD4,2026-07-02,Oil Change
SG5VAHUN,2026-10-29,Tire Rotation
JNCT268A,2026-08-28,Full Service
EPKRJB4H,2026-02-03,Tire Rotation
I2NSFQA4,2026-01-06,Brake Inspection
UUUGC14R,2026-09-11,Full Service
7SPR8XVM,2026-11-20,Engine Overhaul
GWHNWAZZ,2026-02-18,Battery Replacement
79GXJ13D,2026-04-10,Brake Inspection
KZVZOOBU,2026-09-27,Battery Replacement
35PQVC1Z,2026-09-25,Full Service
TS0YDXYE,2026-08-24,Brake Inspection
MXJGNVF1,2026-03-21,Battery Replacement
698P5CQA,2026-08-24,Oil Change
R5P47CB5,2026-01-20,Brake Inspection
3FQPNR8K,2026-03-21,Tire Rotation
W968U8M4,2026-05-14,Oil Change
INVALID_1177,2026-05-10,Oil Change
S1XDFMGH,2026-09-11,Engine Overhaul
RDOQPEWY,2026-09-02,Brake Inspection
84CPO3FM,2026-08-30,Oil Change
ZYKHLKMZ,2026-04-12,Oil Change
FGG31MR7,2026-04-10,Brake Inspection
EM5IUZ3O,2026-03-28,Tire Rotation
F21VBYMQ,INVALID_DATE,Brake Inspection
UZAE3F0Q,2026-02-14,Brake Inspection
VRDOWVVI,2026-07-10,Battery Replacement
MU6F9Z94,2026-02-21,Oil Change
8BK39G6N,2026-08-16,Tire Rotation
FH5TQK8T,2026-11-15,Brake Inspection
XJ4GZVV0,2026-04-14,Tire Rotation
K4XHW4DT,2026-03-01,Engine Overhaul
FZ9DYZK2,2026-04-07,Tire Rotation
SUHHGRMB,2026-04-29,Engine Overhaul
B84THIDC,2026-09-25,Full Service
L15X3SKD,2026-11-01,Full Service
5VLL5ZUO,2026-01-29,Engine Overhaul
QMFNWWIC,2026-06-22,Engine Overhaul
ALAMOZE0,2026-01-03,Brake Inspection
5IJU6XF3,2026-01-19,Tire Rotation
RXJXDR78,2026-09-09,Engine Overhaul
9TGL9Y5F,2026-02-16,Battery Replacement
Q4IXY6ZI,2026-08-31,Battery Replacement
P8BMNZHZ,2026-09-20,Full Service
TPDMDLB2,2026-06-14,Brake Inspection
1YRBP92Q,2026-06-15,Engine Overhaul
361THC3F,2026-04-09,Full Service
Q6KGAQGR,2026-05-24,Engine Overhaul
7SK3N76C,2026-06-15,Engine Overhaul
QDAL90MT,2026-03-16,Oil Change
INVALID_9508,2026-05-10,Oil Change
I8T9MVNL,2026-05-26,Battery Replacement
H7N76TQA,2026-08-10,Oil Change
ITCGSZKP,2026-06-23,Brake Inspection
WDT08N8R,2026-12-31,Battery Replacement
5039WPBX,2026-02-03,Full Service
5U3NDYTG,2026-07-13,Tire Rotation
Y339LENG,2026-08-15,Battery Replacement
B7QQ7VQN,2026-12-26,Engine Overhaul
LJSW81CX,2026-11-14,Full Service
EXSTH8OT,2026-03-04,Tire Rotation
0R286Y6N,2026-01-12,Tire Rotation
TVOF9LCV,2026-10-03,Brake Inspection
GBQKEQNS,2026-01-09,Battery Replacement
9U5VKPCN,2026-06-20,Brake Inspection
D6SY66RK,2026-12-04,Oil Change
HYY5YF69,2026-01-02,Brake Inspection
1K5XOQY5,2026-09-18,Oil Change
4QPL6ZR1,2026-05-19,Brake Inspection
PWSSYY4I,2026-05-19,Brake Inspection
BPQBF6AR,2026-08-10,Battery Replacement
BOWXDTZI,2026-12-11,Full Service
N31F4HEH,2026-05-26,Full Service
CR7AZGWT,2026-08-17,Brake Inspection
8GZHMGBR,2026-05-08,Full Service
RZT6LI7H,2026-06-12,Full Service
ZLBWPB8D,2026-11-20,Full Service
1OD6EF6I,2026-06-15,Engine Overhaul
SKE8JHTQ,2026-08-10,Tire Rotation
EUSDXSW2,2026-06-06,Battery Replacement
87IHCJFS,2026-12-29,Tire Rotation
R9JZRQPD,2026-02-02,Tire Rotation
T3INJ3NU,2026-08-23,Battery Replacement
YPMF2VHF,2026-03-08,Battery Replacement
4VZG6P1B,2026-02-01,Oil Change
S7S3BKTE,2026-11-05,Oil Change
EV7UCDUD,2026-08-22,Oil Change
JYSEX94V,2026-02-16,Battery Replacement
YS2CJYXB,2026-10-31,Tire Rotation
KVJ6ABMK,2026-04-11,Tire Rotation
NNMWOJZR,2026-06-01,Tire Rotation
P36O3UDE,2026-09-20,Engine Overhaul
VES7N541,2026-11-06,Full Service
J65J0F4Z,2026-09-22,Full Service
VXETQTXI,2026-03-19,Brake Inspection
VW14AVK5,2026-03-04,Tire Rotation
AHFM8YMV,2026-01-19,Tire Rotation
UNGA6ONO,2026-02-23,Oil Change
EKU8XFJJ,2026-10-18,Engine Overhaul
TZN0TCBM,2026-03-24,Oil Change
3U4JWQTU,2026-11-15,Brake Inspection
3EZ9L480,2026-02-16,Full Service
N6GO5I41,2026-07-16,Engine Overhaul
DY6B7CV6,2026-05-03,Full Service
9VG54GXU,2026-04-06,Engine Overhaul
NHDP5DWX,2026-10-20,Tire Rotation
9HNRZ9LH,2026-12-06,Oil Change
NWMJJ8E0,2026-06-10,Full Service
U3S38LUM,2026-05-11,Engine Overhaul
404XXP5K,2026-04-10,Battery Replacement
BI6PJK9M,2026-11-24,Tire Rotation
M772YIGZ,2026-01-19,Battery Replacement
VLEVVN6N,INVALID_DATE,Brake Inspection
3KYZZRS5,2026-11-01,Engine Overhaul
4YBUFMYP,2026-04-24,Tire Rotation
S8UZ7IZQ,2026-10-20,Engine Overhaul
JXIE6JDV,2026-03-13,Tire Rotation
2W3UISH0,2026-01-20,Full Service
0O0F5EIC,2026-09-21,Engine Overhaul
FIQ0SEYM,2026-07-19,Brake Inspection
1KU56V1L,2026-09-02,Engine Overhaul
H4WOHTKZ,2026-12-24,Battery Replacement
4NXM9UR2,2026-12-25,Battery Replacement
OC9UC9LE,2026-04-27,Battery Replacement
J4RBBMHT,2026-06-06,Brake Inspection
ZUY40N0S,2026-10-25,Brake Inspection
AUPC3ZM9,2026-08-22,Full Service
EKXTP0ZO,2026-02-10,Engine Overhaul
QD0G6TS6,2026-04-29,Oil Change
VL3MJMC2,2026-01-28,Full Service
9FW2O4I1,2026-10-07,Engine Overhaul
WKUTKOHP,2026-10-05,Oil Change
DMMLQVMH,2026-02-27,Oil Change
8LVM1CU9,2026-08-21,Full Service
USW8TY4A,2026-02-15,Oil Change
KJKHZZ3Y,2026-06-15,Tire Rotation
FSAC4E3H,2026-06-03,Oil Change
WIROFS3K,2026-12-11,Tire Rotation
I4K6JZ54,2026-05-15,Brake Inspection
IBIT7J08,2026-10-01,Brake Inspection
N1RS5NDN,2026-11-16,Oil Change
MS0OUPDS,2026-12-18,Full Service
KTZDEWEW,2026-10-14,Battery Replacement
3R6I0ZPQ,2026-07-05,Brake Inspection
JJL4V12O,2026-11-07,Battery Replacement
9KGPQ941,2026-02-14,Brake Inspection
1JMEIOBT,2026-09-05,Oil Change
XAI8XO3Z,2026-11-24,Brake Inspection
9GUJ0RRJ,2026-10-20,Tire Rotation
6YDI90EL,2026-05-25,Tire Rotation
YBBTJH2K,2026-08-17,Oil Change
X4Q3U2LI,2026-04-14,Tire Rotation
N3Q33VLQ,2026-09-12,Brake Inspection
19A60PF4,2026-01-25,Brake Inspection
GBRRSGJI,2026-11-24,Engine Overhaul
O8RF321M,2026-06-24,Engine Overhaul
GBL6N1YS,2026-01-02,Battery Replacement
GBCT2557,2026-11-24,Brake Inspection
ZA6T7RAK,2026-11-07,Engine Overhaul
WOD7RI6J,2026-08-13,Battery Replacement
RCRT6WTI,2026-07-09,Full Service
BC10K1EE,2026-08-29,Tire Rotation
2OCUBKQJ,2026-02-03,Oil Change
L6QWX3JH,2026-07-17,Engine Overhaul
Y8FG76OB,2026-10-27,Oil Change
M0ZTG9E3,2026-02-17,Tire Rotation
BDL3ZJ1R,2026-08-24,Battery Replacement
5JS0X5SV,2026-10-29,Tire Rotation
ARBC28CW,2026-12-18,Battery Replacement
0U866IP4,2026-09-27,Tire Rotation
2YXUEWLT,2026-11-12,Full Service
P8IIHQNN,2026-08-23,Oil Change
W7J6BJBQ,2026-03-07,Full Service
U517BWRL,2026-03-20,Engine Overhaul
CY85R5DA,2026-03-16,Full Service
DXAI9AAO,2026-01-21,Oil Change
6H9OC37S,2026-09-11,Full Service
AL8AIM01,2026-06-30,Tire Rotation
56X0WNBZ,2026-05-16,Full Service
LD56DO2Y,2026-06-16,Oil Change
C9158PYT,2026-10-06,Oil Change
K1KGGXD6,2026-07-11,Full Service
QYZFQR8Z,2026-05-23,Full Service
BHEI42B4,2026-03-25,Tire Rotation
AGL8AUP2,2026-06-29,Battery Replacement
T35HNT1U,2026-03-04,Battery Replacement
GD2YZRE2,2026-10-26,Engine Overhaul
9WTK6NP2,2026-02-22,Oil Change
4AVQ634M,2026-03-05,Brake Inspection
9CRGMRY4,2026-11-02,Oil Change
1I7A435O,2026-10-11,Oil Change
MN68BQJG,2026-11-30,Full Service
Y2ODA5VQ,2026-12-02,Tire Rotation
XWK4JX4P,2026-06-19,Full Service
U064K6UI,2026-08-14,Tire Rotation
FFSICMK8,2026-11-07,Oil Change
YUJWWXB4,2026-09-16,Oil Change
7JJLHFXB,2026-03-18,Full Service
58XZBU2Y,2026-04-03,Oil Change
BZLGYPK3,2026-09-26,Battery Replacement
OGCTN0VV,2026-07-29,Brake Inspection
PN3PN2NN,2026-05-06,Brake Inspection
9URPGAPK,2026-12-20,Oil Change
ZZ1DH6T4,2026-03-15,Full Service
H2T022CP,2026-05-10,Brake Inspection
INVALID_1182,2026-05-10,Oil Change
BR65FHHV,2026-06-07,Brake Inspection
W9UE9HQW,2026-12-23,Full Service
FB0FXM9F,2026-11-06,Battery Replacement
ST5AW99Y,2026-04-18,Engine Overhaul
31O98ZCB,2026-04-22,Battery Replacement
BIS8YVDT,2026-06-04,Brake Inspection
UATCUUQ3,2026-05-10,Engine Overhaul
5C694MJ4,2026-05-03,Full Service
ATC6SF6F,2026-09-12,Brake Inspection
8ABTBWH2,2026-06-23,Engine Overhaul
AIMHOE9I,2026-04-29,Engine Overhaul
VZ8UFGE2,2026-11-19,Full Service
WRSPUS8Q,2026-01-12,Battery Replacement
I6YLQISZ,2026-01-02,Full Service
LCHPE7Y4,2026-05-14,Engine Overhaul
SYEMFXO6,2026-05-18,Engine Overhaul
FRDX8LA6,2026-05-14,Battery Replacement
6MZA5PUK,2026-09-25,Tire Rotation
1ZNDBNBB,2026-01-24,Battery Replacement
JHDW5BIV,2026-03-25,Brake Inspection
FJC7BDJK,2026-10-15,Oil Change
JWBYK8ZH,2026-09-17,Full Service
FWOUJMR8,2026-10-22,Brake Inspection
Q51CWPFV,2026-06-27,Engine Overhaul
IDYARY9T,2026-04-10,Brake Inspection
V7UAFFVA,2026-06-11,Brake Inspection
T2IEKSE1,2026-08-28,Full Service
HEEWU3PD,2026-04-02,Brake Inspection
HA18TWLY,2026-02-06,Brake Inspection
CO3E38PX,2026-02-18,Full Service
FTNEEKZ6,2026-10-27,Tire Rotation
QDA5ZKYC,2026-06-15,Engine Overhaul
OOMM0ZEA,2026-03-25,Battery Replacement
SHUOAS5D,2026-02-13,Full Service
PWN9QUG9,2026-01-05,Brake Inspection
64KY82JT,2026-08-10,Battery Replacement
I7V75ZN8,2026-07-20,Oil Change
9EQO5XZM,2026-02-21,Tire Rotation
61B077AM,2026-11-05,Brake Inspection
QYVH5HDN,2026-01-28,Brake Inspection
ICOFKM6C,2026-07-26,Oil Change
PWLC361N,2026-06-12,Full Service
E0XV9KL3,2026-10-16,Tire Rotation
TVSESH20,2026-10-02,Oil Change
FSYGW3MI,2026-09-20,Battery Replacement
NMEVG8A6,2026-12-27,Oil Change
RWR0COY8,2026-09-03,Full Service
LPED91UX,2026-03-03,Engine Overhaul
NP01GOPC,2026-06-13,Brake Inspection
BVC2Y3C0,2026-11-02,Oil Change
IR1Z696A,2026-07-17,Battery Replacement
7MFZRJ8D,2026-10-31,Brake Inspection
1RQ7SWXE,2026-06-28,Battery Replacement
LZE9TSCQ,2026-06-24,Engine Overhaul
A5XO5R5U,2026-09-29,Battery Replacement
QCVQT8D5,2026-11-08,Engine Overhaul
C85MYCWF,2026-06-14,Oil Change
CRKXIY31,2026-01-14,Tire Rotation
0NKZPIUC,2026-02-27,Engine Overhaul
HFHMTF6M,2026-06-15,Engine Overhaul
LJPJIG5H,2026-05-24,Full Service
INVALID_2572,2026-05-10,Oil Change
AD4JSF9V,2026-11-28,Oil Change
17UHAAYL,2026-09-11,Engine Overhaul
2U1PPM0N,2026-08-24,Battery Replacement
I1RHICN9,2026-12-13,Full Service
J3ADEOZ8,2026-10-21,Oil Change
WT1ZHP4X,2026-05-05,Engine Overhaul
WV2I1VKJ,2026-08-18,Oil Change
UH12RA5Z,2026-07-27,Engine Overhaul
ZO463ZLB,2026-04-13,Brake Inspection
285XC87W,2026-07-20,
V7M8ZZ2V,2026-02-08,Brake Inspection
4TKMGB37,2026-10-18,Tire Rotation
TXOJQ7TP,2026-10-13,Engine Overhaul
E3FNAY0V,2026-09-21,Battery Replacement
MB0U79PA,2026-07-07,Battery Replacement
DO5R6TNM,2026-01-05,Brake Inspection
WN6U0Y8O,2026-06-15,Engine Overhaul
3TO4I36I,2026-07-06,Brake Inspection
MX3CM2TZ,2026-11-25,Oil Change
GKVS07YW,2026-10-16,Brake Inspection
3906WYWW,2026-06-11,Brake Inspection
Y3OF5VB4,2026-11-11,Engine Overhaul
W8UF1NNL,2026-12-03,Full Service
2WD4OUBA,2026-04-08,Oil Change
0CSTWNKU,2026-09-02,Battery Replacement
V0X13IMP,2026-08-08,Engine Overhaul
125LUMFE,2026-05-31,Oil Change
PVKL48RI,2026-09-05,Tire Rotation
8YRI8RBJ,2026-02-14,Battery Replacement
QJB9NGYP,2026-12-04,Full Service
TQRS6Z6Q,2026-09-24,Brake Inspection
ZJCFW3WK,2026-09-04,Engine Overhaul
XYQPT1H9,2026-09-07,Battery Replacement
N7DGGH0C,2026-04-08,Brake Inspection
Q2V1526H,2026-10-26,Full Service
80UDRHTD,2026-10-03,Brake Inspection
1N5ZMH4D,2026-07-13,Battery Replacement
F4DZJM0C,2026-07-06,Battery Replacement
YX77ZRFE,2026-12-29,Full Service
EJ47L2ND,2026-12-02,Full Service
H2LMJZNR,2026-06-26,Tire Rotation
VFBJTATD,2026-12-05,Full Service
0545Q0QS,2026-03-19,Brake Inspection
D9V3KNV9,2026-05-13,Oil Change
NB6AGMO7,2026-01-25,Engine Overhaul
7YJ5VT4R,2026-05-17,Full Service
0U1GT0AW,2026-01-25,Oil Change
G7WK6QLO,2026-08-08,Full Service
8NQFTLUA,2026-08-30,Tire Rotation
D33XX1SW,2026-04-27,Brake Inspection
ZJTD8NEM,2026-03-09,Oil Change
LFPZ0Q7I,2026-07-09,Engine Overhaul
RDE3AXBP,2026-04-04,Engine Overhaul
R4Y8PNDV,2026-04-05,Full Service
JMY1KMP7,2026-11-12,Oil Change
HTG0E32F,2026-07-31,Tire Rotation
TTLQHYAM,2026-03-29,Tire Rotation
SVBNM0S8,2026-05-13,Brake Inspection
T8P0441W,2026-05-08,Battery Replacement
HLNGAKMC,2026-09-26,Battery Replacement
CLY7HEYA,2026-12-25,Battery Replacement
02G659IP,2026-07-07,Tire Rotation
1J8AWKST,2026-12-25,Engine Overhaul
PTLGI829,2026-05-04,Battery Replacement
VHZ6SQ7N,2026-10-05,Oil Change
BYP20QLY,2026-02-11,Battery Replacement
VBTZB2HR,2026-07-23,Battery Replacement
8AQA48MK,2026-07-19,Battery Replacement
KHXEEONI,2026-05-06,Full Service
YPL2NWR0,2026-10-28,Full Service
0SZQ402R,2026-11-17,Full Service
F8B452HS,2026-12-18,Battery Replacement
4CDUEQK5,2026-04-24,Engine Overhaul
IZAASD7N,2026-06-11,Full Service
H7ZPKOCP,2026-12-08,Tire Rotation
EDL6CDE1,2026-06-15,Engine Overhaul
PXBANG9H,2026-03-10,Engine Overhaul
4UJCJKCF,2026-04-19,Full Service
FMJPQ88A,2026-12-20,Tire Rotation
CKRLHUC5,2026-01-31,Battery Replacement
KWQWRTHV,2026-10-21,Oil Change
FZLTBE7G,2026-01-05,Tire Rotation
VO2OURBV,2026-05-19,Tire Rotation
86386GL5,2026-04-01,Tire Rotation
7I7TC2UQ,2026-09-15,Battery Replacement
LOM43XV3,2026-08-05,Brake Inspection
3G3WVWUQ,2026-12-23,Oil Change
SOEFASIB,2026-06-14,Oil Change
BL514BN0,2026-01-27,Engine Overhaul
TGB2EHAU,2026-04-12,Tire Rotation
JJ9YJE0U,2026-04-10,Battery Replacement
1QKD6Y3G,2026-06-26,Battery Replacement
MP1IEOVW,2026-07-20,
WQ20QFQQ,INVALID_DATE,Brake Inspection
W97ALBEC,2026-10-03,Tire Rotation
ZVVU8ZK0,2026-12-16,Full Service
5RAR17JB,2026-02-02,Tire Rotation
LRBHQ0SW,2026-06-08,Tire Rotation
JWD2ELFM,2026-07-01,Brake Inspection
EEO143BS,2026-02-25,Battery Replacement
S6LLGW8U,2026-09-12,Full Service
WA8KDWJ0,2026-04-25,Tire Rotation
VBSPLE22,2026-10-31,Engine Overhaul
SFPDV9FC,2026-05-27,Full Service
4ZEFPI42,2026-02-26,Full Service
ON8FBJFL,2026-05-01,Oil Change
P6PNSKZ6,2026-11-05,Engine Overhaul
2RC3O7ER,2026-07-27,Brake Inspection
6YKCGAOA,2026-05-09,Brake Inspection
EU6PJM7J,2026-10-23,Full Service
R418HAVU,2026-11-21,Engine Overhaul
0NDYYDX3,2026-03-04,Tire Rotation
9YGZZ2LI,2026-05-10,Brake Inspection
JSC4PVET,2026-12-25,Tire Rotation
YQ2Y90G0,2026-07-15,Full Service
INVALID_8036,2026-05-10,Oil Change
M2WB9G8G,2026-03-30,Full Service
65K4D1FP,2026-09-25,Oil Change
FRQZXDXZ,2026-10-25,Brake Inspection
9L4ZXOGD,2026-09-27,Battery Replacement
FK60SCL1,2026-04-16,Oil Change
9XMB03T8,2026-08-19,Full Service
IZZR545G,2026-01-31,Brake Inspection
F91Y8JHG,2026-07-30,Engine Overhaul
AUUEW6PY,2026-07-23,Brake Inspection
US9N6JGJ,2026-08-09,Battery Replacement
A16Y83UD,2026-03-09,Oil Change
ZU8962PB,2026-04-17,Brake Inspection
UACDFCRO,2026-08-24,Tire Rotation
5WXBVHFP,2026-11-11,Oil Change
6IYEJU37,2026-06-14,Oil Change
OTGKKL12,2026-06-17,Engine Overhaul
UU41HEZ4,2026-10-03,Brake Inspection
2BCKFSNS,2026-02-06,Full Service
SVZM7D2P,2026-06-10,Tire Rotation
4TQ7055C,2026-06-25,Full Service
5C694MJ4,2026-02-07,Oil Change
QERKJOQT,2026-07-06,Engine Overhaul
7F80C0M4,2026-11-15,Oil Change
LWZOGLZ8,2026-03-03,Battery Replacement
2X17BPPL,2026-03-22,Oil Change
WA8ASI5E,2026-06-30,Full Service
QORGF77A,2026-07-07,Tire Rotation
29MXCV0Q,2026-08-10,Brake Inspection
YMPEANWS,2026-12-30,Full Service
YRA0870T,2026-09-02,Battery Replacement
QEKQZ2Z2,2026-06-03,Battery Replacement
VQ46NTC5,2026-06-06,Brake Inspection
AO8HB7M5,2026-10-19,Engine Overhaul
6LUFP26W,2026-08-19,Tire Rotation
UVZ67JLY,2026-11-08,Engine Overhaul
5G16LR0J,2026-10-26,Battery Replacement
E5A0Z8QR,2026-10-16,Engine Overhaul
CDVIS29H,2026-02-25,Full Service
HOLTR1UR,2026-01-07,Tire Rotation
HFKGNVLL,2026-07-29,Brake Inspection
5YMNYVHR,2026-09-10,Battery Replacement
K1TULYL6,2026-03-16,Oil Change
J1RJLK7P,2026-05-20,Engine Overhaul
V9XSANP1,2026-06-05,Brake Inspection
78I4Y1PF,2026-05-05,Battery Replacement
1FOPFN6J,2026-02-03,Brake Inspection
CB41ZYFC,2026-01-03,Brake Inspection
SDVZ8KHZ,2026-05-19,Battery Replacement
3GZYT9CZ,2026-02-05,Tire Rotation
T2X9V5R5,2026-11-23,Full Service
7OQFWMQ1,2026-12-30,Battery Replacement
GJXIIPL4,2026-07-03,Brake Inspection
MZX0107U,2026-10-24,Engine Overhaul
CYLQ20SG,2026-09-05,Brake Inspection
A2MJJ63A,2026-11-18,Full Service
RO05IMA2,2026-12-23,Oil Change
SBRZYQRA,2026-10-28,Full Service
WCBUM8S0,2026-12-01,Tire Rotation
S18ZA6MX,2026-07-25,Engine Overhaul
MW1RACUB,2026-03-04,Engine Overhaul
HJKXE85I,2026-06-08,Oil Change
6J6HOE5V,2026-09-20,Oil Change
G9OOYSN5,2026-11-15,Tire Rotation
8XAAL695,2026-01-26,Full Service
YF8KFQ4R,2026-12-31,Brake Inspection
DIX4UXNC,2026-09-18,Oil Change
ADIS1JZG,2026-09-12,Full Service
8F1G11UE,2026-10-17,Full Service
B71DSGFP,2026-12-03,Engine Overhaul
L8P35QM7,2026-07-17,Oil Change
7XRF23PP,2026-05-08,Brake Inspection
UGJLG3YC,2026-08-24,Tire Rotation
EL8V11B8,2026-08-16,Oil Change
OW1GH98I,2026-10-14,Full Service
CN3XND41,2026-04-29,Full Service
N40732OJ,2026-04-15,Brake Inspection
H81I313G,2026-03-09,Oil Change
UI2X5MET,2026-04-26,Full Service
H3BZORDZ,2026-11-06,Engine Overhaul
41FX3K66,2026-05-25,Full Service
9CRL3D95,2026-08-21,Battery Replacement
QQG2TCEN,2026-02-20,Tire Rotation
ZGA31Y04,2026-09-19,Battery Replacement
T6Q3VAKI,2026-07-27,Full Service
NIHWK01Z,2026-04-13,Full Service
283ELIQ7,2026-04-20,Battery Replacement
D8JC36NE,2026-07-04,Full Service
S7OVMU8F,2026-12-09,Battery Replacement
NT0FNA2E,2026-01-18,Engine Overhaul
V568HBOR,2026-08-05,Tire Rotation
92YHHBPD,2026-12-22,Engine Overhaul
4WH15Z17,2026-11-11,Engine Overhaul
O3YEIKR6,2026-02-13,Battery Replacement
AQUS0RPZ,2026-06-02,Full Service
03UURHJE,2026-05-26,Oil Change
GPQU0UHQ,2026-04-24,Engine Overhaul
PZL9MHV8,2026-08-01,Tire Rotation
IJVEQIEH,2026-03-05,Brake Inspection
MQ9FG8XV,2026-02-22,Battery Replacement
YF4EXL25,2026-03-09,Full Service
SDHOM0F9,2026-02-25,Oil Change
CIL4NWWH,2026-05-20,Brake Inspection
VCML58YG,2026-02-19,Engine Overhaul
VU8JENO1,2026-07-09,Battery Replacement
LEMVS4ZW,2026-02-19,Full Service
QJX2IQ5T,2026-09-23,Oil Change
SMDVDGDG,2026-08-15,Oil Change
8GV4DR26,2026-01-09,Oil Change
S7TSCXI3,2026-12-11,Oil Change
O69IPMCI,2026-12-13,Battery Replacement
HLBCLNWL,2026-05-16,Full Service
4MNY3S46,2026-08-24,Full Service
YSTCJ5TL,2026-09-11,Tire Rotation
XBXDJZEG,2026-02-06,Engine Overhaul
4RPA7GOY,2026-03-04,Brake Inspection
Z572HLK9,2026-11-11,Oil Change
9OZDX4UR,2026-06-06,Tire Rotation
1K1F962V,2026-07-06,Engine Overhaul
O696CWU1,2026-06-15,Tire Rotation
K0Q7FTWG,2026-03-18,Oil Change
ZFICXBHP,2026-07-07,Battery Replacement
OTCJZDEE,2026-12-01,Full Service
GJLSZHN4,2026-07-20,
LEDANL70,2026-10-08,Battery Replacement
AHT21ACS,2026-06-15,Tire Rotation
45JH8ZUY,2026-08-27,Brake Inspection
E02HG7C7,2026-03-28,Engine Overhaul
OV8MWDAZ,2026-03-24,Brake Inspection
M9F2EZ9Y,2026-08-18,Brake Inspection
PUICT7M6,2026-12-14,Oil Change
U82N5JK5,2026-07-20,Brake Inspection
W1ZB2GCA,2026-08-27,Engine Overhaul
0R90QFK7,2026-10-30,Tire Rotation
VGF9BMAZ,2026-05-11,Full Service
6JGO5R05,2026-05-25,Engine Overhaul
ASN3HGRU,2026-01-21,Battery Replacement
YG693FFE,2026-08-26,Engine Overhaul
I7XQZYC3,2026-05-26,Full Service
GR7QSXKJ,2026-06-19,Engine Overhaul
S31JAH9O,2026-06-04,Tire Rotation
IY2TTQWB,2026-05-05,Engine Overhaul
RIOND73H,2026-01-19,Battery Replacement
59ACI7WE,2026-05-13,Oil Change
1VQ2NZYB,2026-04-25,Full Service
EDHG32TO,2026-02-06,Full Service
PPMS7I7O,2026-11-21,Full Service
WMSVOU5V,2026-05-13,Battery Replacement
Q63I39P7,2026-06-08,Full Service
NUYEU1CT,2026-08-08,Tire Rotation
72TMK1VD,2026-11-14,Oil Change
VD2L63WE,2026-01-11,Oil Change
SSX4B46Y,2026-02-13,Full Service
NMK1YK0W,2026-12-31,Oil Change
2J0VI3MC,2026-01-18,Full Service
I6I3D2QD,2026-05-08,Battery Replacement
RNN3VBW7,2026-09-11,Full Service
L56MP0VB,2026-02-22,Tire Rotation
5XIENZ6W,2026-09-06,Full Service
NHUJR1Q9,2026-07-09,Oil Change
HDRQAZPI,2026-01-25,Battery Replacement
CW3YIJRM,2026-09-12,Oil Change
64SZDBIY,2026-11-13,Full Service
ABHQKYHI,2026-12-10,Brake Inspection
JY7V76WA,2026-09-25,Engine Overhaul
MU0KF6D4,2026-07-12,Tire Rotation
CFVPIO2I,2026-11-29,Full Service
9XO7GPMI,2026-03-25,Oil Change
0LENKQZS,2026-02-09,Tire Rotation
KK8E7V3P,2026-02-19,Oil Change
VZV71ZL5,2026-11-08,Full Service
P1UUE66I,2026-01-02,Engine Overhaul
V18FBZR5,2026-04-21,Full Service
8Z8XEEHL,2026-10-13,Engine Overhaul
I48UB41R,2026-07-20,
0Z8DG9ZJ,2026-06-14,Engine Overhaul
V5WN36M5,2026-12-11,Engine Overhaul
A3PIZHRV,2026-10-14,Brake Inspection
JGGEPJ3T,2026-08-17,Oil Change
BHXQ0D7O,2026-11-14,Brake Inspection
0GD86K0B,2026-10-01,Full Service
6A3AN0PK,2026-07-07,Engine Overhaul
SMQ0OIYS,2026-07-04,Engine Overhaul
8FP3PWVO,2026-10-17,Tire Rotation
2YLL3QH9,2026-04-01,Brake Inspection
PM7RLHVQ,2026-09-14,Brake Inspection
ZUL35T9N,2026-02-09,Engine Overhaul
39JETP2I,2026-05-13,Battery Replacement
ZBZS4C8F,2026-11-15,Brake Inspection
NXQ8AEIO,2026-10-11,Full Service
FO42XTJP,2026-07-22,Tire Rotation
74ONIXBO,2026-07-12,Brake Inspection
U4OBOCXM,2026-02-23,Full Service
635IIE88,2026-06-15,Tire Rotation
KUJEZK8S,2026-03-09,Oil Change
TIA7XPXN,2026-06-25,Engine Overhaul
M5QTUBXQ,2026-03-31,Oil Change
VW2R6DSZ,2026-09-20,Full Service
KP74236U,2026-08-29,Brake Inspection
C1VO6NO2,2026-06-04,Battery Replacement
DZKLAKA1,2026-06-15,Engine Overhaul
6DHYVWT2,2026-02-19,Battery Replacement
M52ASXPF,2026-12-12,Brake Inspection
9IAD3KHL,2026-02-28,Battery Replacement
7XH1OBOS,2026-12-27,Oil Change
R97WIR4G,2026-08-17,Engine Overhaul
G5YB9RQZ,2026-12-30,Battery Replacement
QUD1GAWJ,2026-06-18,Brake Inspection
VI38Y1HF,2026-09-08,Full Service
5P5TT9SY,2026-09-28,Battery Replacement
XQ3A1M21,2026-10-01,Oil Change
6I2E80V2,2026-10-11,Brake Inspection
H31T9HDV,2026-06-12,Oil Change
Z0GGH8C0,2026-09-22,Brake Inspection
VB041VTT,2026-02-08,Engine Overhaul
RESY19QR,2026-11-06,Engine Overhaul
BC2X6U9E,2026-05-09,Full Service
LLTYV3G2,2026-03-31,Brake Inspection
QOEXC4T1,2026-02-08,Engine Overhaul
AOU7N3JL,2026-07-09,Full Service
W8GJL1NN,2026-11-07,Full Service
S9GLNZZ0,2026-04-24,Brake Inspection
PCNUO6JY,2026-08-01,Full Service
NIYLO8DB,2026-04-21,Oil Change
NOAZUKSI,2026-12-08,Full Service
HSZ3VA8C,2026-05-27,Engine Overhaul
MW15ABPZ,2026-05-04,Full Service
ASGZ2PPE,2026-12-14,Engine Overhaul
M3M42AS2,2026-09-30,Oil Change
5ULDD18C,2026-12-15,Battery Replacement
MOM4MGNU,2026-11-20,Oil Change
VLO0RXHU,2026-04-30,Battery Replacement
S4614YLN,2026-02-18,Full Service
ORAU4SN5,2026-07-05,Battery Replacement
RVFPXSTF,2026-06-23,Oil Change
VQSD0E0T,2026-08-18,Full Service
7ZDERPIK,2026-06-18,Engine Overhaul
MYN3EENQ,2026-06-24,Battery Replacement
XIRYBB2K,2026-08-26,Engine Overhaul
QMHFJAMA,2026-07-21,Battery Replacement
OOP4T9XJ,2026-03-07,Brake Inspection
A7UD3C9I,2026-03-21,Battery Replacement
T257BA8M,2026-11-11,Full Service
ILO9FO38,2026-08-25,Engine Overhaul
CSTWBNPZ,2026-06-14,Tire Rotation
D2TYJMZ6,2026-05-08,Battery Replacement
1D2HJLJV,2026-08-04,Battery Replacement
T8AWLGVD,2026-06-30,Engine Overhaul
6RJ7MK7T,2026-08-10,Engine Overhaul
7RQB10X7,2026-05-04,Full Service
SU0PNIBO,2026-02-23,Engine Overhaul
KVXP5SS9,2026-01-26,Engine Overhaul
9ZK7V1YV,2026-11-29,Brake Inspection
F4DZJM0C,2026-07-06,Battery Replacement
1DHZ7XRY,2026-12-28,Oil Change
IU9VOB4I,2026-12-22,Tire Rotation
0JVOMOEA,2026-06-10,Battery Replacement
G5TXMDM2,2026-02-26,Battery Replacement
A4V1829J,2026-05-24,Oil Change
MYMM3UXX,2026-09-04,Battery Replacement
QPTH9RPI,2026-08-30,Engine Overhaul
F0X59OF8,2026-09-11,Battery Replacement
EJRYOC0Z,2026-02-07,Brake Inspection
L5W1OWAK,2026-06-02,Battery Replacement
XGJTUY6T,2026-12-26,Tire Rotation
J1NV1FGH,2026-09-09,Full Service
V1A31NNV,2026-06-15,Engine Overhaul
7Y2EG9I0,2026-06-05,Brake Inspection
FJ7YQZD4,2026-01-24,Tire Rotation
3U1EKLCJ,2026-12-26,Tire Rotation
B7WV3J8Y,2026-06-11,Brake Inspection
2VGPAME7,2026-01-14,Engine Overhaul
A7W9Q4EP,2026-06-30,Engine Overhaul
TC0MBPB3,2026-02-01,Tire Rotation
M9N6ASCJ,2026-01-21,Engine Overhaul
TB65DLKV,2026-09-28,Full Service
6CXPO1ZT,2026-11-26,Brake Inspection
ZNXHUOFO,2026-05-26,Tire Rotation
8YVZNGJO,2026-06-15,Tire Rotation
YSKKPIK6,2026-07-20,
U0O55FSJ,2026-11-01,Battery Replacement
CKQKQGUF,2026-04-03,Battery Replacement
HVI8G7ML,2026-09-27,Brake Inspection
A5YHPXUJ,2026-12-30,Engine Overhaul
LQL9YRWV,2026-11-20,Oil Change
Z5SY5JZK,2026-06-02,Oil Change
7P0APKQI,2026-03-24,Brake Inspection
Q9H44ML4,2026-10-26,Brake Inspection
W2GGZHFH,2026-10-06,Oil Change
C2WZC1T4,2026-04-08,Battery Replacement
TD2PDXCS,2026-05-04,Brake Inspection
7MMTY8LQ,2026-09-19,Brake Inspection
W5K2N10R,2026-03-30,Oil Change
THAGNSR7,2026-10-09,Tire Rotation
LCT0G8U5,2026-08-21,Full Service
A7E2P4Z0,2026-12-03,Engine Overhaul
JMSQ35RZ,2026-03-03,Tire Rotation
JGSKLGQI,2026-06-06,Battery Replacement
IRX63V9R,2026-03-26,Brake Inspection
AAJJF291,2026-10-17,Tire Rotation
12CJSX13,2026-05-04,Battery Replacement
UF3NFLBY,2026-07-25,Tire Rotation
IKRBHOYE,2026-10-08,Tire Rotation
2ORCSXDW,2026-08-20,Tire Rotation
EAJ1GF3U,2026-06-17,Tire Rotation
BRVJJ7X4,2026-05-07,Brake Inspection
UBEQY58J,2026-05-26,Engine Overhaul
N08WBMMT,2026-03-01,Tire Rotation
52YJYZZA,2026-05-25,Battery Replacement
VHZZ1Z71,2026-01-12,Engine Overhaul
7XXMVP7H,2026-12-29,Engine Overhaul
69FZMZVQ,2026-07-13,Full Service
TG8S80NL,2026-01-20,Battery Replacement
WF0CYA2W,2026-03-22,Battery Replacement
B5WC59KJ,2026-04-01,Oil Change
1T1VZ98M,2026-09-11,Brake Inspection
5AO6BM82,2026-04-08,Oil Change
XI6B93JQ,2026-01-30,Full Service
EC0P30N1,2026-11-16,Brake Inspection
OEK1ARP0,2026-11-29,Brake Inspection
DAKQPHXV,2026-10-01,Full Service
P649Y2RR,2026-11-01,Battery Replacement
XZUYHHU5,2026-06-15,Oil Change
5WHSMF76,2026-06-15,Tire Rotation
V5RI0OW8,2026-03-24,Oil Change
REMOO1CT,2026-12-02,Battery Replacement
RAW89D0X,2026-03-22,Battery Replacement
NIHBRHBH,2026-01-13,Engine Overhaul
JDX89Y0M,2026-06-28,Tire Rotation
Z0GDNH3L,2026-07-20,Full Service
PSNCKGNX,2026-08-17,Brake Inspection
2OBA1POS,2026-03-13,Oil Change
6KT38UE6,2026-01-27,Full Service
K8LXYB5M,2026-10-25,Engine Overhaul
DCDLA219,2026-08-20,Battery Replacement
B8NZUK0B,2026-11-12,Battery Replacement
BS23R27A,2026-07-08,Engine Overhaul
CJ3XCI3G,2026-11-26,Tire Rotation
6KGA5U3T,2026-04-23,Brake Inspection
3MIWDHOL,2026-01-19,Tire Rotation
DP9OWVQ9,2026-02-12,Tire Rotation
D441IJVO,2026-07-03,Battery Replacement
Y6R4R0R5,2026-02-13,Engine Overhaul
3F2VO7RL,2026-08-17,Battery Replacement
OGZ8L9AS,2026-07-19,Brake Inspection
W3Z5EZ3D,2026-11-12,Oil Change
IUHA65LM,2026-12-22,Full Service
FSTY8E5B,2026-08-18,Oil Change
100ZH6FY,2026-02-05,Engine Overhaul
8FQV6WON,2026-03-06,Full Service
4XIWSBY9,2026-06-07,Brake Inspection
NCBF4JZN,2026-03-22,Battery Replacement
INVALID_8640,2026-05-10,Oil Change
XXB0NLL5,2026-01-06,Oil Change
39ZPI2CP,2026-03-05,Oil Change
QDA5ZKYC,2026-06-15,Tire Rotation
IZXXPCBY,2026-01-19,Engine Overhaul
PMYMOV9Y,2026-05-29,Full Service
OJW4WI17,2026-10-22,Full Service
2CA05AD8,2026-09-05,Brake Inspection
VNOBWX3L,2026-08-05,Engine Overhaul
DUFDCOTS,2026-04-12,Brake Inspection
MNUCKC0Q,2026-01-29,Brake Inspection
17OT2BUZ,2026-04-28,Tire Rotation
C1FPQFTO,2026-03-27,Tire Rotation
VJFR5O2L,2026-05-05,Engine Overhaul
CSKVZZ1C,2026-09-10,Engine Overhaul
1HAFZQ0C,2026-09-01,Brake Inspection
UVI9AJ3G,2026-02-16,Tire Rotation
2YP8IPH6,2026-02-13,Brake Inspection
9HGWNX0Y,2026-06-09,Battery Replacement
3HVUARKD,2026-09-26,Tire Rotation
ZJRTXEMX,2026-03-31,Engine Overhaul
5ZX7FPKL,2026-10-21,Full Service
ZY2I6NH6,2026-06-05,Brake Inspection
DV0B9I2W,2026-03-29,Tire Rotation
4ML8OFHA,2026-06-30,Brake Inspection
VF6Q2ZAJ,2026-08-29,Tire Rotation
WCQGP2B5,2026-03-23,Tire Rotation
V8G5AHRY,2026-08-29,Battery Replacement
M17UHJQC,2026-09-26,Full Service
3H987131,2026-01-22,Battery Replacement
2BG62VET,2026-01-23,Engine Overhaul
QIF35YKY,2026-12-01,Brake Inspection
Z987WTZN,2026-07-15,Brake Inspection
2Z97K5AZ,2026-12-18,Oil Change
AGW7Q69X,2026-05-07,Full Service
9J5N5806,2026-10-21,Full Service
L48MERS0,2026-01-02,Brake Inspection
Z5DVXI20,2026-10-13,Tire Rotation
37E0KOZM,2026-12-10,Tire Rotation
0ZKXA15C,2026-10-22,Oil Change
HYZLEKFU,2026-04-27,Full Service
SF3DPL70,2026-06-18,Full Service
3JTG0CMO,2026-07-12,Brake Inspection
78JMZWPK,2026-05-03,Engine Overhaul
5JPSNDW2,2026-02-26,Oil Change
M901IWS9,2026-01-23,Full Service
SWG9JMIV,2026-03-01,Full Service
JUWSXG4Y,2026-06-13,Oil Change
0Y1YOLBH,2026-12-15,Battery Replacement
OZJPCQRZ,2026-09-03,Oil Change
WGRANPT2,2026-12-26,Battery Replacement
W5BFP3YI,2026-07-22,Brake Inspection
U8QOZNMR,2026-01-18,Full Service
4K72YA62,2026-03-08,Oil Change
KJHSV3I9,2026-01-29,Tire Rotation
NAEW47X6,2026-01-27,Tire Rotation
2LYMTN1B,2026-01-08,Tire Rotation
QPWC1Y6Z,2026-10-09,Engine Overhaul
H2JLQBJB,2026-06-24,Tire Rotation
N0SKAEBC,2026-08-02,Full Service
LK68S3TQ,2026-04-24,Oil Change
KM4GBTMW,INVALID_DATE,Brake Inspection
2EP3MCD8,2026-02-15,Full Service
K4KGQ808,2026-03-14,Full Service
B3VKNGL9,2026-02-27,Oil Change
Y49T0PLA,2026-12-31,Battery Replacement
4DZY4KX1,2026-10-27,Full Service
HYXJCGAK,2026-10-25,Engine Overhaul
AUPHKBN0,2026-01-11,Full Service
QDUXRF06,2026-11-20,Oil Change
480U287F,2026-07-24,Tire Rotation
C9P5SMVP,2026-05-12,Engine Overhaul
T5A7XRVO,2026-02-13,Tire Rotation
AQGWJ86E,2026-11-25,Brake Inspection
6PYSDCYK,2026-10-29,Oil Change
3ZL32754,2026-08-29,Engine Overhaul
KVIJLWCH,2026-10-08,Engine Overhaul
JNP3MH68,2026-01-15,Oil Change
75ET4JGY,2026-01-19,Tire Rotation
LEK1DG4A,2026-01-06,Full Service
78HWCDRT,2026-04-13,Tire Rotation
51JOUOSW,2026-08-30,Tire Rotation
RPO9LSCZ,2026-03-01,Engine Overhaul
VSNEZ5V3,2026-02-11,Oil Change
GVMG88YY,2026-06-29,Battery Replacement
M11PID6Z,2026-03-31,Oil Change
WN6U0Y8O,2026-06-15,Tire Rotation
JXLE8GX4,2026-03-26,Tire Rotation
H8R1GNNJ,2026-03-26,Full Service
RJIW1AUI,2026-05-31,Brake Inspection
SSW3E9I0,2026-07-06,Tire Rotation
CORWMX1Z,2026-02-17,Brake Inspection
1ZFM8A5H,2026-07-14,Oil Change
32BCBN1L,2026-12-20,Oil Change
VMGGHMAT,2026-08-27,Battery Replacement
TEZYGCOA,2026-04-26,Brake Inspection
8WGAK9BX,2026-09-14,Battery Replacement
EXG4EL8X,2026-07-20,
9M9FO6NA,2026-02-14,Oil Change
T65Y4UKI,2026-07-20,
NA4P6M3F,2026-04-13,Brake Inspection
IT4KWKXS,2026-01-06,Tire Rotation
0TT73VFW,2026-02-12,Oil Change
NPL14KA0,2026-01-21,Full Service
AACQWK5I,2026-06-15,Tire Rotation
EW6Q2A3T,2026-05-15,Engine Overhaul
PO22NXM4,2026-07-20,
9ECJFNG4,2026-09-25,Full Service
R20K9P92,2026-10-07,Brake Inspection
BEWPN0K3,2026-06-03,Oil Change
5HOKSZR2,2026-09-24,Tire Rotation
1ZHMNO1Q,2026-07-20,
PMVFW05V,2026-09-07,Full Service
Z6USERUR,2026-01-16,Battery Replacement
CYW6H3H5,2026-05-11,Oil Change
PCJ9UKKZ,2026-01-14,Tire Rotation
SGQ8PSYU,2026-03-07,Battery Replacement
X7WJMGRB,2026-04-28,Tire Rotation
Z91DE76O,2026-03-04,Brake Inspection
RF20P2J0,2026-06-18,Engine Overhaul
AJVAU5TE,2026-09-22,Tire Rotation
93QN93CE,2026-09-07,Battery Replacement
UXORND81,2026-12-27,Engine Overhaul
7HKDRN9N,2026-02-22,Oil Change
D9XXY8BP,2026-12-08,Brake Inspection
70UZ7U4A,2026-09-17,Engine Overhaul
M1A1X39W,2026-11-06,Battery Replacement
RF26845Y,2026-03-17,Oil Change
3D7FH8JB,2026-01-15,Brake Inspection
ZIL4CXLL,2026-12-27,Battery Replacement
RRQ2JUIL,2026-06-06,Engine Overhaul
5YOVULSN,2026-05-11,Battery Replacement
CFMOKV5Y,2026-04-07,Tire Rotation
YX5JK5E3,2026-12-25,Oil Change
G4UG78Z5,2026-07-19,Engine Overhaul
09Z906R4,2026-02-03,Full Service
VN0UY2CV,2026-06-18,Engine Overhaul
8AECVOV6,2026-04-21,Tire Rotation
W05YX1CQ,2026-08-17,Brake Inspection
ERK7XN6H,2026-03-09,Full Service
B3PCD9N6,2026-07-26,Full Service
SEMCGQ89,2026-10-17,Oil Change
F3LAZ531,2026-09-25,Engine Overhaul
RHPVDBUB,2026-02-15,Battery Replacement
X7JEJ1OF,2026-10-26,Brake Inspection
B4H97Y46,2026-05-13,Battery Replacement
DGMXR7W1,2026-10-06,Battery Replacement
EGFAJUG4,2026-04-02,Oil Change
QQN1OS4U,2026-04-25,Engine Overhaul
TWUI99PK,2026-09-29,Engine Overhaul
BRZID925,2026-12-18,Battery Replacement
5SDIJUCS,2026-05-16,Brake Inspection
J36N8DCA,2026-01-19,Engine Overhaul
2THB2IDV,2026-05-14,Engine Overhaul
RPTE4XE5,2026-01-30,Tire Rotation
TJK9A1Z2,2026-04-15,Full Service
SDBW9MC5,2026-01-15,Battery Replacement
9RLP679G,2026-01-18,Tire Rotation
69DICPHF,2026-12-09,Brake Inspection
EPMS9P29,2026-07-20,Engine Overhaul
4AW1ZWN5,2026-05-08,Brake Inspection
7KOV65SY,2026-06-08,Tire Rotation
W1ZODSR3,2026-12-06,Full Service
D3C0S5L3,2026-02-19,Brake Inspection
34NYM0PY,2026-09-03,Full Service
MIT97WXI,2026-06-18,Brake Inspection
TMF0JFUB,2026-07-25,Brake Inspection
3LGTL3TD,2026-08-21,Brake Inspection
64BN9B1H,2026-03-31,Full Service
F1DADS3O,2026-11-03,Full Service
0F5FKHIB,2026-05-18,Battery Replacement
5T519UQP,2026-11-19,Battery Replacement
FSVBYAXY,2026-11-17,Battery Replacement
H7XJ5AK3,2026-05-14,Engine Overhaul
JV19XZIC,2026-07-11,Engine Overhaul
6WAWIEHB,2026-07-20,
0LNP072T,2026-04-21,Full Service
1YYSBIFV,2026-11-18,Engine Overhaul
IMXH7FAH,2026-01-09,Brake Inspection
TFPMOZAT,2026-05-05,Brake Inspection
ATSWK5OM,2026-02-14,Tire Rotation
8INKYKH3,2026-03-12,Engine Overhaul
MXSMBQUI,2026-04-30,Tire Rotation
H7W2KEME,2026-07-12,Engine Overhaul
9R4JZYN4,2026-02-08,Battery Replacement
RZEP6AY1,2026-03-01,Engine Overhaul
3000HO2D,2026-07-25,Brake Inspection
V1A31NNV,2026-06-15,Tire Rotation
L95HK9B9,2026-08-02,Full Service
RGOVNMTH,2026-07-17,Battery Replacement
HJLJLVF1,2026-01-07,Oil Change
AA8S797L,2026-08-26,Tire Rotation
HR9U0FCH,2026-05-05,Battery Replacement
DF4KW3Q9,2026-10-19,Engine Overhaul
RDS3540E,2026-12-26,Tire Rotation
D1IUGD9W,2026-12-10,Tire Rotation
62IWIG3H,2026-11-23,Full Service
V3JD5UMA,2026-04-13,Battery Replacement
L4F6Z45K,2026-08-19,Brake Inspection
G102R1M1,2026-11-03,Tire Rotation
J42JO450,2026-05-21,Tire Rotation
L2310QG8,2026-12-20,Brake Inspection
H867W4Z2,2026-06-10,Oil Change
XLYSP1VD,2026-03-25,Full Service
AFL3LYW8,2026-01-19,Engine Overhaul
GCWO7DE3,2026-05-18,Oil Change
YMT7YEFB,2026-05-08,Tire Rotation
RLZCLIYO,2026-03-20,Engine Overhaul
SHQ3XOB9,2026-06-15,Full Service
252LW3LA,2026-01-04,Tire Rotation
YUSCL29S,2026-03-27,Brake Inspection
5GEKM3WG,2026-06-02,Oil Change
BCOX9IY1,2026-02-05,Engine Overhaul
KIPUPEQD,2026-05-04,Battery Replacement
D76W637V,2026-06-03,Full Service
DLXDIHMP,2026-02-12,Brake Inspection
485YABF3,2026-06-21,Engine Overhaul
9G3YVOUF,2026-08-18,Full Service
YJ7IE2K9,2026-10-07,Oil Change
4OPK0W08,2026-05-26,Oil Change
HD9QVXA5,2026-03-26,Battery Replacement
26QS9PTB,2026-07-24,Battery Replacement
ILE5V58C,2026-10-12,Full Service
4JMVWZIY,2026-07-28,Battery Replacement
3A375E7W,2026-02-20,Battery Replacement
UWF97CZY,2026-05-07,Engine Overhaul
EZX98COV,2026-05-25,Tire Rotation
H12O3J7X,2026-06-06,Tire Rotation
AKQD5H7A,2026-02-24,Brake Inspection
C3J5TBWK,2026-03-16,Brake Inspection
XV9Z56E6,2026-08-20,Tire Rotation
IOQ891G6,2026-09-28,Engine Overhaul
KQFYB84Q,2026-10-28,Battery Replacement
9I893R9B,2026-02-28,Engine Overhaul
OC2KBVSQ,2026-01-23,Full Service
54JFU3V4,2026-08-04,Brake Inspection
MT9CD2D7,2026-10-19,Battery Replacement
VGAEMHJJ,2026-07-12,Full Service
7L3DRYKV,2026-06-24,Battery Replacement
59X6EZRA,2026-08-29,Full Service
SMV5FYJ9,2026-05-09,Battery Replacement
U2ZBXIJX,2026-01-17,Oil Change
N48I2ZR0,2026-01-12,Battery Replacement
OKDX1XLC,2026-02-02,Battery Replacement
RFOGD78V,2026-04-05,Engine Overhaul
556K7I2S,2026-04-08,Tire Rotation
EK3T7ARI,2026-10-01,Brake Inspection
DPAY9OOQ,2026-12-15,Battery Replacement
5J1DWVQ2,2026-07-06,Tire Rotation
OK37XUD6,2026-05-15,Engine Overhaul
H4RZNQ3M,2026-04-22,Full Service
LZ96P77I,2026-09-28,Tire Rotation
0DMYYHBC,2026-04-22,Battery Replacement
FQ52JZBS,2026-05-01,Full Service
84BB12YB,2026-11-07,Brake Inspection
ARXWR0IQ,2026-07-26,Engine Overhaul
AACQWK5I,2026-06-15,Engine Overhaul
HFE3GCFS,2026-10-11,Oil Change
E4EJGDFI,2026-11-22,Engine Overhaul
TB2AKT8P,2026-02-14,Tire Rotation
KVIJLWCH,2026-08-29,Battery Replacement
6KI5RS6L,2026-02-23,Battery Replacement
32CTMMOS,2026-05-19,Tire Rotation
QCP7AHTE,2026-03-10,Oil Change
W0T4U3AX,2026-05-19,Brake Inspection
TLZW6PPM,2026-07-08,Battery Replacement
XPYTPS2T,2026-02-20,Battery Replacement
U9DGF9SJ,2026-12-16,Oil Change
K4SCYIZR,2026-02-28,Tire Rotation
RRHGIPWY,2026-06-20,Full Service
MHJ5TD54,2026-03-22,Full Service
46638EM5,2026-04-21,Tire Rotation
HLBRFS4N,2026-04-09,Full Service
DS14JH0F,2026-10-12,Battery Replacement
8DYP9KEY,2026-09-13,Oil Change
WWE53ER8,2026-05-12,Engine Overhaul
2S9K6MD1,2026-05-16,Battery Replacement
5WHSMF76,2026-06-15,Engine Overhaul
BRNPTWPO,2026-06-15,Tire Rotation
TGA288PW,2026-06-15,Engine Overhaul
XNQXB1SP,2026-05-12,Full Service
4BOKAPCH,2026-11-26,Full Service
59FY6H81,2026-01-21,Oil Change
B8DGLE6X,2026-01-21,Engine Overhaul
Y9OJ4HX0,2026-10-30,Full Service
YZ79X0BZ,2026-11-06,Battery Replacement
YHTKXQ6N,2026-08-17,Engine Overhaul
2YSIBHNA,2026-01-27,Tire Rotation
K4IO6AWI,2026-04-13,Tire Rotation
Z989IP2Y,2026-04-16,Tire Rotation
TZZM8JDD,2026-11-05,Oil Change
B7GJBRR7,2026-01-27,Tire Rotation
LPX4J5B2,2026-10-07,Brake Inspection
1SY1VW90,2026-04-30,Battery Replacement
YWKZUVGE,2026-07-05,Full Service
XGXVFYGY,2026-08-13,Oil Change
W2DT3PNM,2026-01-26,Tire Rotation
ZASJBWMZ,2026-06-18,Oil Change
YDPMNLRR,2026-11-04,Full Service
BI6UTYRR,2026-11-07,Tire Rotation
Z148E5CC,2026-10-14,Brake Inspection
BLRM2TLR,2026-08-16,Tire Rotation
KELUPVUT,2026-01-27,Brake Inspection
68KQ4D2L,INVALID_DATE,Brake Inspection
5R9NPCH1,2026-08-27,Tire Rotation
F0DYAHKT,2026-05-14,Full Service
9RMYUUM8,2026-02-09,Tire Rotation
Q74OHIXY,2026-01-16,Tire Rotation
G4WYOYS2,2026-07-17,Oil Change
BT6OJN4N,2026-07-29,Tire Rotation
5YN4MGNV,2026-02-21,Full Service
9M338T45,2026-03-29,Battery Replacement
EYTF7107,2026-08-22,Battery Replacement
77HD1ZVR,2026-05-03,Brake Inspection
TNN43286,2026-12-25,Oil Change
9VXZD1VM,2026-07-30,Brake Inspection
V722S5TP,2026-01-18,Oil Change
G4Q0PHVM,2026-12-12,Oil Change
6X3D3U0D,2026-10-08,Battery Replacement
TMBYSDNF,2026-12-17,Battery Replacement
E341UVYY,2026-08-01,Oil Change
8MTDRR2Z,2026-09-11,Engine Overhaul
LM20MPIM,2026-03-28,Tire Rotation
SVJEKXCN,2026-10-08,Battery Replacement
PU5D0DMV,2026-01-07,Full Service
L5R3R19Z,2026-12-27,Oil Change
6MVT55CE,2026-09-23,Brake Inspection
WKSNCJHB,2026-01-18,Oil Change
FUH603YM,2026-10-29,Oil Change
CX2NAQY5,2026-04-02,Oil Change
4536PRM0,2026-05-23,Tire Rotation
70GW54DK,2026-09-05,Oil Change
EKFV6RBL,2026-10-22,Engine Overhaul
1TERSL1W,2026-01-14,Engine Overhaul
8H7STJVG,2026-09-04,Tire Rotation
GBHDPW70,2026-07-19,Oil Change
DNW0RDWI,2026-07-31,Tire Rotation
Z2A0IT8N,2026-10-10,Full Service
XMZFAXUB,2026-10-10,Battery Replacement
KTCKGZZJ,2026-06-23,Oil Change
VNTT7BXT,2026-10-22,Brake Inspection
V5OC58NA,2026-02-01,Tire Rotation
A4OX95BZ,2026-10-10,Brake Inspection
INVALID_3719,2026-05-10,Oil Change
AVF7B346,2026-06-05,Tire Rotation
L7PTZ9QM,2026-11-10,Tire Rotation
CETFZCPU,2026-09-12,Engine Overhaul
7739UPH1,2026-06-12,Brake Inspection
G6YS6L1Q,2026-10-01,Tire Rotation
2W71Z2G0,2026-07-28,Brake Inspection
1VGBLZA9,2026-10-11,Full Service
6ICKN8RH,2026-08-07,Full Service
D01NG81E,2026-08-21,Brake Inspection
2RGIBU6P,2026-09-18,Battery Replacement
GG1PRNV0,2026-03-30,Tire Rotation
W0W0QH0X,2026-03-13,Oil Change
AFGTP5V1,2026-12-27,Full Service
PUB5W04Z,2026-07-05,Engine Overhaul
TKEINWRC,2026-05-30,Engine Overhaul
JS806QSP,2026-09-09,Battery Replacement
6R76O2PJ,2026-05-15,Engine Overhaul
5IX3K6NE,2026-01-27,Engine Overhaul
D76XK8GT,2026-08-13,Engine Overhaul
NI9JORTE,2026-04-27,Tire Rotation
QZ33HEIR,2026-02-28,Battery Replacement
U2MO745M,2026-08-04,Full Service
0I084ZD2,2026-06-15,Engine Overhaul
GPQGNTAY,2026-07-15,Oil Change
3PW1D3P3,2026-04-04,Full Service
